Edges,Triangles,Triangle Squares,Count
0,0,0,1
1,0,0,45
2,0,0,990
3,0,0,14070
3,1,3,120
4,0,0,143955
4,1,3,5040
5,0,0,1119699
5,1,3,100800
5,2,10,1260
6,0,0,6823110
6,1,3,1266720
6,2,6,2100
6,2,8,3780
6,2,10,49140
6,4,36,210
7,0,0,33117930
7,1,3,11125800
7,2,6,81900
7,2,8,132300
7,2,10,895860
7,3,19,15120
7,3,21,2520
7,4,36,8190
8,0,0,129059865
8,1,3,71951040
8,2,6,1467900
8,2,8,2135700
8,2,10,10061100
8,3,13,25200
8,3,15,37800
8,3,17,37800
8,3,19,529200
8,3,21,88200
8,4,32,3780
8,4,36,148050
8,5,51,7560
9,0,0,404512735
9,1,3,351961680
9,2,6,15903300
9,2,8,20922300
9,2,10,77301000
9,3,9,2800
9,3,11,37800
9,3,13,982800
9,3,15,1222200
9,3,17,1134000
9,3,19,8467200
9,3,21,1411200
9,4,28,75600
9,4,30,100800
9,4,32,207900
9,4,36,1635900
9,5,39,4200
9,5,45,12600
9,5,51,264600
9,7,93,2520
10,0,0,1016576694
10,1,3,1318626000
10,2,6,115346700
10,2,8,137837700
10,2,10,427136220
10,3,9,100800
10,3,11,1209600
10,3,13,16707600
10,3,15,17803800
10,3,17,15233400
10,3,19,81421200
10,3,21,13582800
10,4,20,56700
10,4,22,226800
10,4,24,488250
10,4,26,378000
10,4,28,2570400
10,4,30,3074400
10,4,32,4365900
10,4,36,12275550
10,5,39,151200
10,5,43,75600
10,5,45,393120
10,5,47,75600
10,5,51,4195800
10,6,64,75600
10,6,66,18900
10,6,68,75600
10,6,70,18900
10,7,93,88200
10,10,180,252
11,0,0,2033724420
11,1,3,3793928040
11,2,6,586637100
11,2,8,640093860
11,2,10,1738954980
11,3,9,1587600
11,3,11,16821000
11,3,13,163774800
11,3,15,153203400
11,3,17,120204000
11,3,19,521035200
11,3,21,87217200
11,4,16,12600
11,4,18,264600
11,4,20,2589300
11,4,22,8202600
11,4,24,13752900
11,4,26,10092600
11,4,28,37875600
11,4,30,41428800
11,4,32,49952700
11,4,36,65755620
11,5,35,37800
11,5,37,302400
11,5,39,3162600
11,5,41,907200
11,5,43,2910600
11,5,45,6237000
11,5,47,2343600
11,5,49,100800
11,5,51,39576600
11,5,55,2520
11,6,46,18900
11,6,52,50400
11,6,54,75600
11,6,56,75600
11,6,58,88200
11,6,60,151200
11,6,62,151200
11,6,64,2268000
11,6,66,598500
11,6,68,2268000
11,6,70,567000
11,7,85,75600
11,7,93,1386000
11,8,108,9450
11,8,112,75600
11,8,116,37800
11,10,180,8820
12,0,0,3204387270
12,1,3,8343073200
12,2,6,2133369000
12,2,8,2137892400
12,2,10,5262720120
12,3,9,14263200
12,3,11,132980400
12,3,13,1025816400
12,3,15,859131000
12,3,17,615421800
12,3,19,2323898640
12,3,21,392243040
12,4,16,519750
12,4,18,8215200
12,4,20,45246600
12,4,22,121375800
12,4,24,169470000
12,4,26,116991000
12,4,28,318200400
12,4,30,322862400
12,4,32,355905900
12,4,36,257398680
12,5,29,453600
12,5,31,1285200
12,5,33,3502800
12,5,35,5140800
12,5,37,12852000
12,5,39,42743400
12,5,41,24418800
12,5,43,46191600
12,5,45,62874000
12,5,47,31714200
12,5,49,2419200
12,5,51,245511000
12,5,55,60480
12,6,42,2100
12,6,44,18900
12,6,46,623700
12,6,48,50400
12,6,50,151200
12,6,52,1360800
12,6,54,3288600
12,6,56,2759400
12,6,58,3402000
12,6,60,4586400
12,6,62,4233600
12,6,64,30315600
12,6,66,8561700
12,6,68,29862000
12,6,70,7465500
12,7,73,302400
12,7,79,756000
12,7,81,756000
12,7,83,604800
12,7,85,2948400
12,7,87,201600
12,7,89,302400
12,7,93,12839400
12,8,72,1575
12,8,90,8400
12,8,96,28350
12,8,102,50400
12,8,106,75600
12,8,108,283500
12,8,112,2268000
12,8,116,1134000
12,9,135,37800
12,10,166,37800
12,10,174,4200
12,10,180,137340
12,11,207,12600
13,0,0,3923374140
13,1,3,13869883440
13,2,6,5565810600
13,2,8,5153425200
13,2,10,11817962100
13,3,9,80211600
13,3,11,655943400
13,3,13,4287956400
13,3,15,3271930200
13,3,17,2134566000
13,3,19,7365027600
13,3,21,1263868200
13,4,16,8344350
13,4,18,103836600
13,4,20,415195200
13,4,22,979473600
13,4,24,1189411650
13,4,26,769230000
13,4,28,1686333600
13,4,30,1603828800
13,4,32,1680652260
13,4,36,741872250
13,5,25,302400
13,5,27,1852200
13,5,29,19467000
13,5,31,43205400
13,5,33,90203400
13,5,35,109657800
13,5,37,194896800
13,5,39,368877600
13,5,41,275637600
13,5,43,398979000
13,5,45,419164200
13,5,47,244603800
13,5,49,24494400
13,5,51,1047339720
13,5,55,612360
13,6,42,182700
13,6,44,548100
13,6,46,10395000
13,6,48,4898880
13,6,50,9261000
13,6,52,24948000
13,6,54,62105400
13,6,56,46229400
13,6,58,58378320
13,6,60,63201600
13,6,62,53071200
13,6,64,237081600
13,6,66,72418500
13,6,68,225590400
13,6,70,56548800
13,6,78,1260
13,7,55,75600
13,7,57,12600
13,7,61,529200
13,7,63,302400
13,7,65,226800
13,7,67,1058400
13,7,69,1134000
13,7,71,1890000
13,7,73,10735200
13,7,75,1638000
13,7,77,1965600
13,7,79,20185200
13,7,81,19202400
13,7,83,15044400
13,7,85,46494000
13,7,87,4939200
13,7,89,7257600
13,7,93,77490000
13,8,72,51975
13,8,90,201600
13,8,92,151200
13,8,96,1203300
13,8,100,604800
13,8,102,2217600
13,8,104,1058400
13,8,106,2116800
13,8,108,4299750
13,8,112,29559600
13,8,116,14779800
13,9,117,75600
13,9,123,75600
13,9,125,302400
13,9,129,604800
13,9,131,302400
13,9,133,756000
13,9,135,1625400
13,9,137,604800
13,9,141,151200
13,9,143,75600
13,10,166,1134000
13,10,174,126000
13,10,180,1243620
13,11,183,2520
13,11,195,12600
13,11,207,378000
13,12,228,9450
13,13,273,12600
14,0,0,3677867280
14,1,3,17151830640
14,2,6,10331439300
14,2,8,8885589300
14,2,10,19494234900
14,3,9,292420800
14,3,11,2088072000
14,3,13,12131028000
14,3,15,8571225600
14,3,17,5090299200
14,3,19,16625649600
14,3,21,2937828600
14,4,16,68493600
14,4,18,699451200
14,4,20,2236720500
14,4,22,4767184800
14,4,24,5199626250
14,4,26,3153880800
14,4,28,5894985600
14,4,30,5292453600
14,4,32,5417685000
14,4,36,1569301650
14,5,25,9601200
14,5,27,49064400
14,5,29,290795400
14,5,31,550065600
14,5,33,949233600
14,5,35,1038970800
14,5,37,1508560200
14,5,39,2037117600
14,5,41,1703343600
14,5,43,2075900400
14,5,45,1853334000
14,5,47,1183215600
14,5,49,136785600
14,5,51,3125984400
14,5,55,3442320
14,6,38,907200
14,6,40,4743900
14,6,42,19063800
14,6,44,33301800
14,6,46,144452700
14,6,48,117767160
14,6,50,185673600
14,6,52,297561600
14,6,54,630579600
14,6,56,432639900
14,6,58,546784560
14,6,60,492471000
14,6,62,380646000
14,6,64,1193648400
14,6,66,397095300
14,6,68,1076634720
14,6,70,272254500
14,6,78,21420
14,7,51,37800
14,7,53,37800
14,7,55,2318400
14,7,57,819000
14,7,59,793800
14,7,61,14641200
14,7,63,10438200
14,7,65,9147600
14,7,67,35985600
14,7,69,36867600
14,7,71,55717200
14,7,73,163674000
14,7,75,45914400
14,7,77,43372800
14,7,79,229748400
14,7,81,209638800
14,7,83,158533200
14,7,85,397278000
14,7,87,50803200
14,7,89,72727200
14,7,93,318218040
14,8,68,18900
14,8,72,718200
14,8,80,151200
14,8,82,907200
14,8,84,907200
14,8,86,453600
14,8,88,2570400
14,8,90,5947200
14,8,92,8505000
14,8,94,4536000
14,8,96,25965450
14,8,98,6804000
14,8,100,23587200
14,8,102,42487200
14,8,104,28860300
14,8,106,29937600
14,8,108,42373800
14,8,110,1360800
14,8,112,218269800
14,8,114,302400
14,8,116,109166400
14,8,120,18900
14,9,87,37800
14,9,93,75600
14,9,103,75600
14,9,105,151200
14,9,109,151200
14,9,111,189000
14,9,113,226800
14,9,115,1234800
14,9,117,2494800
14,9,119,151200
14,9,121,982800
14,9,123,3061800
14,9,125,8920800
14,9,127,453600
14,9,129,15044400
14,9,131,8316000
14,9,133,18144000
14,9,135,26724600
14,9,137,14515200
14,9,141,3628800
14,9,143,1814400
14,10,146,151200
14,10,150,604800
14,10,154,453600
14,10,156,756000
14,10,158,756000
14,10,160,302400
14,10,162,453600
14,10,166,14628600
14,10,174,1625400
14,10,180,7198380
14,11,177,151200
14,11,183,80640
14,11,185,302400
14,11,189,831600
14,11,193,604800
14,11,195,302400
14,11,197,302400
14,11,205,50400
14,11,207,4876200
14,12,226,100800
14,12,228,283500
14,12,234,75600
14,12,236,151200
14,12,238,25200
14,13,273,378000
14,16,396,3150
15,0,0,2604540840
15,1,3,15463568400
15,2,6,13408075800
15,2,8,10749223800
15,2,10,23238457200
15,3,9,694764000
15,3,11,4304664000
15,3,13,23132995200
15,3,15,15355569600
15,3,17,8309952000
15,3,19,26456976000
15,3,21,4905180000
15,4,16,316650600
15,4,18,2738572200
15,4,20,7370036100
15,4,22,14510021400
15,4,24,14606568900
15,4,26,8364119400
15,4,28,13813178400
15,4,30,11751818400
15,4,32,12036805200
15,4,36,2411742900
15,5,25,112704480
15,5,27,486939600
15,5,29,2105724600
15,5,31,3542767200
15,5,33,5265603000
15,5,35,5369603400
15,5,37,6745636800
15,5,39,7241043600
15,5,41,6353348400
15,5,43,6809783400
15,5,45,5425086240
15,5,47,3743409600
15,5,49,468115200
15,5,51,6522616800
15,5,55,12111120
15,6,34,283500
15,6,36,5292000
15,6,38,45133200
15,6,40,149442300
15,6,42,405134100
15,6,44,585635400
15,6,46,1379945700
15,6,48,1228462200
15,6,50,1697862600
15,6,52,2079453600
15,6,54,3709389600
15,6,56,2376467100
15,6,58,2980261620
15,6,60,2288897100
15,6,62,1671440400
15,6,64,3998635200
15,6,66,1457549100
15,6,68,3381421680
15,6,70,871327800
15,6,78,138600
15,7,51,1209600
15,7,53,1398600
15,7,55,33354720
15,7,57,25918200
15,7,59,42978600
15,7,61,220487400
15,7,63,193375800
15,7,65,199878840
15,7,67,495784800
15,7,69,508044600
15,7,71,676771200
15,7,73,1381892400
15,7,75,516176640
15,7,77,413240400
15,7,79,1451671200
15,7,81,1275220800
15,7,83,919900800
15,7,85,2047172400
15,7,87,285944400
15,7,89,395766000
15,7,93,902701800
15,7,95,30240
15,7,105,360
15,8,64,75600
15,8,66,100800
15,8,68,623700
15,8,70,1058400
15,8,72,7285950
15,8,74,2494800
15,8,76,4649400
15,8,78,7912800
15,8,80,10810800
15,8,82,34473600
15,8,84,39841200
15,8,86,34020000
15,8,88,88225200
15,8,90,121144800
15,8,92,159553800
15,8,94,112946400
15,8,96,300396600
15,8,98,137667600
15,8,100,315327600
15,8,102,420991200
15,8,104,317349900
15,8,106,251672400
15,8,108,280768950
15,8,110,23284800
15,8,112,1001548800
15,8,114,5140800
15,8,116,502248600
15,8,120,321300
15,9,81,12600
15,9,87,1146600
15,9,93,1747200
15,9,99,163800
15,9,101,37800
15,9,103,3553200
15,9,105,3553200
15,9,107,4044600
15,9,109,4460400
15,9,111,8202600
15,9,113,11340000
15,9,115,39009600
15,9,117,41328000
15,9,119,16102800
15,9,121,34813800
15,9,123,57267000
15,9,125,116121600
15,9,127,17236800
15,9,129,160347600
15,9,131,96616800
15,9,133,180079200
15,9,135,230021400
15,9,137,143337600
15,9,141,35834400
15,9,143,17917200
15,10,118,226800
15,10,130,30240
15,10,132,453600
15,10,134,1814400
15,10,136,907200
15,10,138,1625400
15,10,140,1852200
15,10,142,3061800
15,10,144,3628800
15,10,146,5896800
15,10,148,6804000
15,10,150,21092400
15,10,152,7938000
15,10,154,17463600
15,10,156,24343200
15,10,158,24645600
15,10,160,9979200
15,10,162,15120000
15,10,164,907200
15,10,166,106350300
15,10,168,151200
15,10,170,453600
15,10,174,11802000
15,10,180,27643644
15,11,129,12600
15,11,147,50400
15,11,159,75600
15,11,165,100800
15,11,169,302400
15,11,175,1058400
15,11,177,3696000
15,11,179,453600
15,11,181,151200
15,11,183,1600200
15,11,185,7560000
15,11,187,302400
15,11,189,20034000
15,11,191,75600
15,11,193,14515200
15,11,195,2986200
15,11,197,7257600
15,11,205,1209600
15,11,207,35128800
15,12,190,7560
15,12,202,37800
15,12,208,302400
15,12,210,50400
15,12,212,378000
15,12,214,37800
15,12,216,302400
15,12,220,604800
15,12,222,226800
15,12,224,302400
15,12,226,2419200
15,12,228,3619350
15,12,234,1890000
15,12,236,3628800
15,12,238,604800
15,13,247,302400
15,13,251,151200
15,13,255,252000
15,13,257,302400
15,13,259,151200
15,13,263,189000
15,13,273,4825800
15,13,279,4200
15,14,288,25200
15,14,298,151200
15,14,300,50400
15,14,304,302400
15,14,308,151200
15,16,396,94500
15,20,600,210
16,0,0,1384388820
16,1,3,9945996480
16,2,6,11863492200
16,2,8,8865929520
16,2,10,19627203960
16,3,9,1060516800
16,3,11,5651856000
16,3,13,29233234800
16,3,15,18441448200
16,3,17,9119363400
16,3,19,29078254800
16,3,21,5816550600
16,4,16,852087600
16,4,18,6380942400
16,4,20,14946006600
16,4,22,27710575200
16,4,24,26417160000
16,4,26,14413442400
16,4,28,21600810000
16,4,30,17425296000
16,4,32,18318881700
16,4,36,2659159440
16,5,25,632998800
16,5,27,2346019200
16,5,29,8201277000
16,5,31,12661941600
16,5,33,16625914200
16,5,35,16222626000
16,5,37,18261482400
16,5,39,16546420800
16,5,41,14946951600
16,5,43,14352886800
16,5,45,10476799200
16,5,47,7872379200
16,5,49,1039651200
16,5,51,9364005000
16,5,55,28788480
16,6,34,7484400
16,6,36,112266000
16,6,38,612681300
16,6,40,1560591900
16,6,42,3427823700
16,6,44,4340649600
16,6,46,7659792000
16,6,48,6560704080
16,6,50,8157240000
16,6,52,8457674400
16,6,54,13039866000
16,6,56,7804981800
16,6,58,9769515840
16,6,60,6435046800
16,6,62,4575160800
16,6,64,8923370400
16,6,66,3602088000
16,6,68,7076039040
16,6,70,1885766400
16,6,78,461160
16,7,49,5443200
16,7,51,42411600
16,7,53,99905400
16,7,55,422021880
16,7,57,543879000
16,7,59,796597200
16,7,61,2063917800
16,7,63,1932584040
16,7,65,1995053760
16,7,67,3489129000
16,7,69,3554497800
16,7,71,4209710400
16,7,73,6845133960
16,7,75,2971871280
16,7,77,2090880000
16,7,79,5488182000
16,7,81,4661294400
16,7,83,3202347960
16,7,85,6656746320
16,7,87,969368400
16,7,89,1290718800
16,7,93,1763271720
16,7,95,272160
16,7,105,3240
16,8,60,9450
16,8,64,2069550
16,8,66,3780000
16,8,68,10697400
16,8,70,26838000
16,8,72,73659600
16,8,74,70232400
16,8,76,130712400
16,8,78,205669800
16,8,80,261387000
16,8,82,549876600
16,8,84,641970000
16,8,86,612208800
16,8,88,1148023800
16,8,90,1278005400
16,8,92,1476694800
16,8,94,1102399200
16,8,96,1964510100
16,8,98,1103495400
16,8,100,2045584800
16,8,102,2334931200
16,8,104,1825021800
16,8,106,1265695200
16,8,108,1226912400
16,8,110,150444000
16,8,112,2957850000
16,8,114,32659200
16,8,116,1498921200
16,8,120,2041200
16,9,79,75600
16,9,81,317520
16,9,83,189000
16,9,85,302400
16,9,87,13834800
16,9,89,302400
16,9,91,2532600
16,9,93,20437200
16,9,95,5140800
16,9,97,9676800
16,9,99,22415400
16,9,101,31185000
16,9,103,84294000
16,9,105,79405200
16,9,107,130296600
16,9,109,119372400
16,9,111,172428480
16,9,113,239500800
16,9,115,521866800
16,9,117,436816800
16,9,119,311925600
16,9,121,480929400
16,9,123,577735200
16,9,125,862293600
16,9,127,227253600
16,9,129,953920800
16,9,131,619844400
16,9,133,956340000
16,9,135,1160812800
16,9,137,752371200
16,9,139,680400
16,9,141,188395200
16,9,143,94575600
16,9,151,7560
16,10,100,75600
16,10,102,132300
16,10,104,189000
16,10,106,321300
16,10,108,604800
16,10,110,1058400
16,10,112,604800
16,10,114,365400
16,10,118,6029100
16,10,120,680400
16,10,122,1890000
16,10,124,3704400
16,10,126,3402000
16,10,128,7484400
16,10,130,8436960
16,10,132,26107200
16,10,134,49140000
16,10,136,37648800
16,10,138,56737800
16,10,140,48799800
16,10,142,80627400
16,10,144,88300800
16,10,146,92610000
16,10,148,142430400
16,10,150,273596400
16,10,152,152409600
16,10,154,228841200
16,10,156,293101200
16,10,158,294386400
16,10,160,118389600
16,10,162,180835200
16,10,164,15422400
16,10,166,479398500
16,10,168,2570400
16,10,170,7711200
16,10,174,53134200
16,10,180,70953120
16,11,129,365400
16,11,145,453600
16,11,147,1008000
16,11,157,1814400
16,11,159,1285200
16,11,161,1814400
16,11,163,2721600
16,11,165,6048000
16,11,167,2721600
16,11,169,19051200
16,11,171,8164800
16,11,173,9525600
16,11,175,34927200
16,11,177,53827200
16,11,179,19051200
16,11,181,19278000
16,11,183,30078720
16,11,185,85050000
16,11,187,11340000
16,11,189,200944800
16,11,191,1738800
16,11,193,142884000
16,11,195,15548400
16,11,197,70761600
16,11,205,11793600
16,11,207,154337400
16,12,178,453600
16,12,180,56700
16,12,188,3780
16,12,190,672840
16,12,192,466200
16,12,194,453600
16,12,196,907200
16,12,198,2053800
16,12,200,529200
16,12,202,5783400
16,12,204,680400
16,12,206,1814400
16,12,208,10432800
16,12,210,8240400
16,12,212,13551300
16,12,214,7900200
16,12,216,12946500
16,12,218,7257600
16,12,220,16783200
16,12,222,8845200
16,12,224,7560000
16,12,226,25704000
16,12,228,25893000
16,12,230,907200
16,12,232,226800
16,12,234,19504800
16,12,236,35380800
16,12,238,6048000
16,12,240,75600
16,13,227,151200
16,13,231,37800
16,13,235,302400
16,13,237,151200
16,13,241,226800
16,13,247,7824600
16,13,249,151200
16,13,251,3628800
16,13,253,907200
16,13,255,7005600
16,13,257,8164800
16,13,259,3931200
16,13,263,4989600
16,13,265,1134000
16,13,267,453600
16,13,269,453600
16,13,273,33944400
16,13,279,100800
16,14,216,1260
16,14,252,12600
16,14,272,37800
16,14,276,50400
16,14,278,151200
16,14,280,302400
16,14,282,75600
16,14,288,756000
16,14,290,151200
16,14,292,226800
16,14,298,3628800
16,14,300,1260000
16,14,304,7257600
16,14,308,3628800
16,15,321,302400
16,15,325,30240
16,15,333,453600
16,16,370,151200
16,16,374,75600
16,16,382,151200
16,16,390,25200
16,16,396,1193850
16,17,429,100800
16,17,435,75600
16,20,600,6300
17,0,0,557749395
17,1,3,4478468400
17,2,6,6937131600
17,2,8,4805287200
17,2,10,11537943480
17,3,9,1009713600
17,3,11,4567752000
17,3,13,23847717600
17,3,15,14372920800
17,3,17,6538039200
17,3,19,21463868160
17,3,21,4837462560
17,4,16,1332676800
17,4,18,8756748000
17,4,20,18375449400
17,4,22,32597586000
17,4,24,30237505200
17,4,26,15864886800
17,4,28,22130463600
17,4,30,16857439200
17,4,32,18764940600
17,4,36,2090745720
17,5,25,1838667600
17,5,27,5910975000
17,5,29,17649651600
17,5,31,25757109000
17,5,33,30396492000
17,5,35,29145690000
17,5,37,30183148800
17,5,39,23912204400
17,5,41,22385008800
17,5,43,19298865600
17,5,45,13127562000
17,5,47,10960034400
17,5,49,1525406400
17,5,51,8981204400
17,5,55,47630520
17,6,34,64978200
17,6,36,796068000
17,6,38,3404268000
17,6,40,7240136400
17,6,42,13805744400
17,6,44,15773108400
17,6,46,23758131600
17,6,48,19016398800
17,6,50,21834073800
17,6,52,20246032800
17,6,54,27722142000
17,6,56,15552280800
17,6,58,19818136800
17,6,60,11056222800
17,6,62,7874420400
17,6,64,13090896000
17,6,66,5969930400
17,6,68,9763286400
17,6,70,2751310800
17,6,78,1001700
17,7,45,453600
17,7,47,15422400
17,7,49,172027800
17,7,51,695381400
17,7,53,1558645200
17,7,55,3465405720
17,7,57,4832352000
17,7,59,5998708800
17,7,61,10929000600
17,7,63,10049659200
17,7,65,9691647840
17,7,67,13231965600
17,7,69,13272537600
17,7,71,14216806800
17,7,73,19892476800
17,7,75,9392816160
17,7,77,5834581200
17,7,79,12484206000
17,7,81,10346540400
17,7,83,6859792800
17,7,85,13863074400
17,7,87,2066979600
17,7,89,2655752400
17,7,93,2333948400
17,7,95,635040
17,7,105,7560
17,8,60,226800
17,8,64,26261550
17,8,66,64152000
17,8,68,158457600
17,8,70,395312400
17,8,72,807370200
17,8,74,1086130080
17,8,76,1694362320
17,8,78,2338345800
17,8,80,2786502600
17,8,82,4381360200
17,8,84,4834604880
17,8,86,4659076800
17,8,88,7178421600
17,8,90,7147224000
17,8,92,7375006800
17,8,94,5383106640
17,8,96,7506167130
17,8,98,4515399000
17,8,100,7207496100
17,8,102,7525072800
17,8,104,5965739640
17,8,106,3797413200
17,8,108,3462744600
17,8,110,474163200
17,8,112,5646148200
17,8,114,101122560
17,8,116,2941913520
17,8,120,6426000
17,8,124,5040
17,8,136,45
17,9,79,2419200
17,9,81,5352480
17,9,83,9639000
17,9,85,16707600
17,9,87,107654400
17,9,89,39160800
17,9,91,105978600
17,9,93,229219200
17,9,95,206350200
17,9,97,332148600
17,9,99,527990400
17,9,101,750859200
17,9,103,1146322800
17,9,105,1164164400
17,9,107,1624114800
17,9,109,1551148200
17,9,111,1749096720
17,9,113,2232090000
17,9,115,3578815800
17,9,117,2755695600
17,9,119,2396746800
17,9,121,3111738840
17,9,123,3145111200
17,9,125,3797312400
17,9,127,1368586800
17,9,129,3426305400
17,9,131,2374558200
17,9,133,2963822400
17,9,135,3600198000
17,9,137,2295556200
17,9,139,6728400
17,9,141,580708800
17,9,143,295520400
17,9,151,68040
17,10,94,63000
17,10,98,151200
17,10,100,1915200
17,10,102,4000500
17,10,104,4725000
17,10,106,6394500
17,10,108,14212800
17,10,110,18748800
17,10,112,12650400
17,10,114,11705400
17,10,116,11944800
17,10,118,76456800
17,10,120,45234000
17,10,122,66433500
17,10,124,133837200
17,10,126,119712600
17,10,128,212058000
17,10,130,244974240
17,10,132,472222800
17,10,134,618181200
17,10,136,630504000
17,10,138,770584500
17,10,140,636457500
17,10,142,905763600
17,10,144,940804200
17,10,146,791834400
17,10,148,1231448400
17,10,150,1782723600
17,10,152,1163710800
17,10,154,1432468800
17,10,156,1747947600
17,10,158,1711054800
17,10,160,670118400
17,10,162,1037458800
17,10,164,96163200
17,10,166,1383517800
17,10,168,16027200
17,10,170,48089160
17,10,174,154148400
17,10,180,119725200
17,11,121,75600
17,11,125,37800
17,11,127,453600
17,11,129,4095000
17,11,133,2419200
17,11,135,1814400
17,11,137,2116800
17,11,139,3024000
17,11,141,453600
17,11,143,1814400
17,11,145,14439600
17,11,147,12902400
17,11,149,15044400
17,11,151,19958400
17,11,153,21016800
17,11,155,24494400
17,11,157,79909200
17,11,159,53222400
17,11,161,84445200
17,11,163,100396800
17,11,165,147987000
17,11,167,107616600
17,11,169,355849200
17,11,171,192780000
17,11,173,248119200
17,11,175,478170000
17,11,177,544748400
17,11,179,295596000
17,11,181,349423200
17,11,183,353467800
17,11,185,572594400
17,11,187,160574400
17,11,189,1085011200
17,11,191,26308800
17,11,193,745340400
17,11,195,48497400
17,11,197,360007200
17,11,199,1058400
17,11,201,264600
17,11,203,302400
17,11,205,60228000
17,11,207,426762000
17,11,209,37800
17,12,144,85050
17,12,148,75600
17,12,150,151200
17,12,152,37800
17,12,154,529200
17,12,158,151200
17,12,162,453600
17,12,166,302400
17,12,168,453600
17,12,170,302400
17,12,172,1209600
17,12,174,453600
17,12,176,226800
17,12,178,9223200
17,12,180,2551500
17,12,182,1512000
17,12,184,4863600
17,12,186,5896800
17,12,188,10905300
17,12,190,15770160
17,12,192,19731600
17,12,194,16783200
17,12,196,31676400
17,12,198,54167400
17,12,200,23814000
17,12,202,118843200
17,12,204,24040800
17,12,206,46267200
17,12,208,141120000
17,12,210,145530000
17,12,212,178208100
17,12,214,136458000
17,12,216,176544900
17,12,218,124286400
17,12,220,182800800
17,12,222,109015200
17,12,224,74390400
17,12,226,155232000
17,12,228,115129350
17,12,230,15422400
17,12,232,3855600
17,12,234,107125200
17,12,236,179776800
17,12,238,32608800
17,12,240,1285200
17,13,199,15120
17,13,201,2520
17,13,207,453600
17,13,211,1058400
17,13,213,37800
17,13,217,75600
17,13,219,151200
17,13,221,151200
17,13,223,604800
17,13,225,2041200
17,13,227,10886400
17,13,229,3276000
17,13,231,10697400
17,13,233,3931200
17,13,235,14288400
17,13,237,10533600
17,13,239,9223200
17,13,241,16808400
17,13,243,13608000
17,13,245,7862400
17,13,247,89926200
17,13,249,8694000
17,13,251,41731200
17,13,253,21092400
17,13,255,79380000
17,13,257,85428000
17,13,259,40975200
17,13,263,52428600
17,13,265,20638800
17,13,267,7711200
17,13,269,7711200
17,13,273,143047800
17,13,279,970200
17,14,216,36540
17,14,246,226800
17,14,250,453600
17,14,252,214200
17,14,254,226800
17,14,260,151200
17,14,262,1134000
17,14,266,2268000
17,14,268,907200
17,14,270,2494800
17,14,272,907200
17,14,274,8391600
17,14,276,1814400
17,14,278,9298800
17,14,280,10886400
17,14,282,8845200
17,14,284,1058400
17,14,286,7371000
17,14,288,12322800
17,14,290,8618400
17,14,292,4762800
17,14,294,3250800
17,14,298,35834400
17,14,300,12852000
17,14,302,510300
17,14,304,69854400
17,14,306,151200
17,14,308,34927200
17,14,318,37800
17,15,291,151200
17,15,303,75600
17,15,311,453600
17,15,315,529200
17,15,319,302400
17,15,321,8164800
17,15,323,907200
17,15,325,1632960
17,15,327,1209600
17,15,329,1814400
17,15,331,1890000
17,15,333,12247200
17,15,335,2268000
17,15,337,1360800
17,15,339,1360800
17,15,341,1814400
17,15,345,453600
17,15,347,226800
17,16,340,37800
17,16,370,3628800
17,16,374,1814400
17,16,382,3628800
17,16,390,604800
17,16,396,8177400
17,17,397,151200
17,17,399,12600
17,17,409,75600
17,17,411,37800
17,17,415,25200
17,17,417,75600
17,17,429,2419200
17,17,435,1814400
17,18,456,151200
17,18,466,50400
17,19,507,12600
17,19,513,151200
17,19,525,50400
17,20,600,78750
17,21,643,12600
18,0,0,176589840
18,1,3,1399149360
18,2,6,2586200400
18,2,8,1639537200
18,2,10,4693096800
18,3,9,575366400
18,3,11,2160043200
18,3,13,12195640800
18,3,15,6958778400
18,3,17,2964880800
18,3,19,10313956800
18,3,21,2811324600
18,4,16,1181628000
18,4,18,6822748800
18,4,20,13287588300
18,4,22,22804740000
18,4,24,21244932450
18,4,26,10768917600
18,4,28,14458953600
18,4,30,10288353600
18,4,32,12640705560
18,4,36,1192751700
18,5,25,2787825600
18,5,27,7851664800
18,5,29,20732695200
18,5,31,29506831200
18,5,33,31673073600
18,5,35,30701613600
18,5,37,29944404000
18,5,39,21136096800
18,5,41,21112358400
18,5,43,16113006000
18,5,45,10351378800
18,5,47,9938602800
18,5,49,1473595200
18,5,51,5523199920
18,5,55,55596240
18,6,34,238593600
18,6,36,2416150800
18,6,38,8728057800
18,6,40,16160634000
18,6,42,27916345800
18,6,44,29478330000
18,6,46,40778980200
18,6,48,30386475000
18,6,50,33064038000
18,6,52,28384624800
18,6,54,35337481200
18,6,56,18623304000
18,6,58,24877881000
18,6,60,11384667000
18,6,62,8385174000
18,6,64,12282807600
18,6,66,6549095700
18,6,68,8627623200
18,6,70,2656527300
18,6,78,1476720
18,7,45,7333200
18,7,47,196408800
18,7,49,1373160600
18,7,51,4166769600
18,7,53,8377614000
18,7,55,13969027800
18,7,57,18695854800
18,7,59,20317122000
18,7,61,30545537400
18,7,63,27058222800
18,7,65,24079847400
18,7,67,27450435600
18,7,69,27204584400
18,7,71,26842233600
18,7,73,33839920800
18,7,75,17142199200
18,7,77,9483188400
18,7,79,17040088800
18,7,81,13864510800
18,7,83,9049622400
18,7,85,18354924000
18,7,87,2816805600
18,7,89,3487201200
18,7,93,2045345400
18,7,95,907200
18,7,105,12600
18,8,60,5518800
18,8,62,39690000
18,8,64,367378200
18,8,66,950166000
18,8,68,1962009000
18,8,70,3740007600
18,8,72,6055289100
18,8,74,8135618400
18,8,76,10456746300
18,8,78,12628652400
18,8,80,13801847850
18,8,82,17569364400
18,8,84,17958477600
18,8,86,16606749600
18,8,88,22571816400
18,8,90,21005838000
18,8,92,19845396900
18,8,94,13838580000
18,8,96,16552645200
18,8,98,10076648400
18,8,100,14227768800
18,8,102,14204937600
18,8,104,11368293300
18,8,106,6883002000
18,8,108,6228230400
18,8,110,848836800
18,8,112,6813563400
18,8,114,184464000
18,8,116,3754825200
18,8,120,12663000
18,9,77,680400
18,9,79,26346600
18,9,81,62193600
18,9,83,150519600
18,9,85,302248800
18,9,87,749271600
18,9,89,846266400
18,9,91,1544356800
18,9,93,2377947600
18,9,95,2745716400
18,9,97,3888062640
18,9,99,4922920800
18,9,101,6603886800
18,9,103,7864063200
18,9,105,8189092800
18,9,107,9558032400
18,9,109,9281412000
18,9,111,8735202000
18,9,113,10200330000
18,9,115,13128507000
18,9,117,9666966960
18,9,119,8714563200
18,9,121,10105452000
18,9,123,9175168800
18,9,125,9650037600
18,9,127,4092167520
18,9,129,7471396800
18,9,131,5479299000
18,9,133,5530291200
18,9,135,6963020400
18,9,137,4242747600
18,9,139,20185200
18,9,141,1111773600
18,9,143,581590800
18,9,147,15120
18,9,151,151200
18,10,94,1285200
18,10,96,1360800
18,10,98,4233600
18,10,100,23587200
18,10,102,51332400
18,10,104,52617600
18,10,106,77467320
18,10,108,177055200
18,10,110,205367400
18,10,112,262558800
18,10,114,335689200
18,10,116,452995200
18,10,118,918861300
18,10,120,972096300
18,10,122,1230673500
18,10,124,1920844800
18,10,126,1793300040
18,10,128,2467735200
18,10,130,2819486880
18,10,132,3930091200
18,10,134,4356979200
18,10,136,4763964240
18,10,138,5129128200
18,10,140,4244259600
18,10,142,5196706200
18,10,144,5133088800
18,10,146,3804494400
18,10,148,5417269200
18,10,150,6360240600
18,10,152,4476654000
18,10,154,4782626100
18,10,156,5688335520
18,10,158,5337284400
18,10,160,2006121600
18,10,162,3171344400
18,10,164,281383200
18,10,166,2541263760
18,10,168,47149200
18,10,170,141802920
18,10,172,75600
18,10,174,290598000
18,10,176,30240
18,10,180,126686700
18,10,186,1260
18,11,115,302400
18,11,117,453600
18,11,119,680400
18,11,121,6048000
18,11,123,3553200
18,11,125,6237000
18,11,127,22075200
18,11,129,29509200
18,11,131,11264400
18,11,133,60888240
18,11,135,39891600
18,11,137,50878800
18,11,139,81043200
18,11,141,60618600
18,11,143,93509640
18,11,145,292345200
18,11,147,246834000
18,11,149,438517800
18,11,151,501190200
18,11,153,581540400
18,11,155,605404800
18,11,157,1207180800
18,11,159,906242400
18,11,161,1246266000
18,11,163,1284066000
18,11,165,1532752200
18,11,167,1263654000
18,11,169,2881380600
18,11,171,1681646400
18,11,173,2128366800
18,11,175,3123036000
18,11,177,3152914800
18,11,179,2011942800
18,11,181,2386918800
18,11,183,2103645600
18,11,185,2370929400
18,11,187,990133200
18,11,189,3407292000
18,11,191,170856000
18,11,193,2241766800
18,11,195,100850400
18,11,197,1041919200
18,11,199,9525600
18,11,201,2381400
18,11,203,2721600
18,11,205,177660000
18,11,207,742996800
18,11,209,340200
18,12,132,3150
18,12,144,2242800
18,12,148,1965600
18,12,150,2872800
18,12,152,1134000
18,12,154,9298800
18,12,156,2091600
18,12,158,2721600
18,12,160,2872800
18,12,162,11090800
18,12,164,10206000
18,12,166,7711200
18,12,168,14313600
18,12,170,10432800
18,12,172,38404800
18,12,174,25704000
18,12,176,35380800
18,12,178,93214800
18,12,180,104265000
18,12,182,86184000
18,12,184,154980000
18,12,186,181666800
18,12,188,311320800
18,12,190,301114800
18,12,192,385484400
18,12,194,363673800
18,12,196,554526000
18,12,198,702248400
18,12,200,488678400
18,12,202,1136192400
18,12,204,457682400
18,12,206,569268000
18,12,208,1061499600
18,12,210,1105839000
18,12,212,1210129200
18,12,214,966092400
18,12,216,1122130800
18,12,218,783820800
18,12,220,1015308000
18,12,222,592099200
18,12,224,364240800
18,12,226,555508800
18,12,228,332526600
18,12,230,94348800
18,12,232,23587200
18,12,234,340275600
18,12,236,517104000
18,12,238,103194000
18,12,240,7862400
18,13,171,37800
18,13,179,907200
18,13,183,1058400
18,13,187,907200
18,13,189,453600
18,13,193,907200
18,13,195,3250800
18,13,197,2721600
18,13,199,2646000
18,13,201,5203800
18,13,203,3628800
18,13,205,4989600
18,13,207,13494600
18,13,209,8316000
18,13,211,42336000
18,13,213,15762600
18,13,215,14590800
18,13,217,31600800
18,13,219,35002800
18,13,221,39954600
18,13,223,43167600
18,13,225,86864400
18,13,227,211302000
18,13,229,120204000
18,13,231,215195400
18,13,233,141107400
18,13,235,250765200
18,13,237,219391200
18,13,239,215119800
18,13,241,320846400
18,13,243,292572000
18,13,245,174636000
18,13,247,623397600
18,13,249,143337600
18,13,251,311623200
18,13,253,199810800
18,13,255,478762200
18,13,257,445284000
18,13,259,223776000
18,13,261,604800
18,13,263,285616800
18,13,265,142203600
18,13,267,48081600
18,13,269,47174400
18,13,271,151200
18,13,273,371145600
18,13,275,302400
18,13,279,4855200
18,14,186,12600
18,14,202,37800
18,14,204,50400
18,14,210,4200
18,14,212,3780
18,14,216,554400
18,14,220,302400
18,14,222,12600
18,14,228,50400
18,14,232,302400
18,14,234,1058400
18,14,236,189000
18,14,238,56700
18,14,240,1814400
18,14,242,453600
18,14,244,907200
18,14,246,6350400
18,14,248,1663200
18,14,250,13003200
18,14,252,6804000
18,14,254,6955200
18,14,256,9223200
18,14,258,8530200
18,14,260,11661300
18,14,262,25779600
18,14,264,15422400
18,14,266,47817000
18,14,268,28992600
18,14,270,55944000
18,14,272,20714400
18,14,274,153770400
18,14,276,35733600
18,14,278,139028400
18,14,280,142279200
18,14,282,144097800
18,14,284,28198800
18,14,286,141561000
18,14,288,116575200
18,14,290,122925600
18,14,292,42033600
18,14,294,57834000
18,14,296,3591000
18,14,298,190209600
18,14,300,69791400
18,14,302,10035900
18,14,304,343450800
18,14,306,2872800
18,14,308,172065600
18,14,312,12600
18,14,318,642600
18,15,231,7560
18,15,243,50400
18,15,249,50400
18,15,267,75600
18,15,279,226800
18,15,281,907200
18,15,283,75600
18,15,285,1008000
18,15,289,378000
18,15,291,2595600
18,15,293,1814400
18,15,295,1587600
18,15,297,6501600
18,15,299,1814400
18,15,301,7560000
18,15,303,4964400
18,15,305,9676800
18,15,307,6274800
18,15,309,8467200
18,15,311,12549600
18,15,313,12700800
18,15,315,13532400
18,15,317,8467200
18,15,319,8467200
18,15,321,92534400
18,15,323,20412000
18,15,325,26853120
18,15,327,21016800
18,15,329,34927200
18,15,331,32281200
18,15,333,127915200
18,15,335,40370400
18,15,337,23360400
18,15,339,24040800
18,15,341,30844800
18,15,345,7711200
18,15,347,3855600
18,16,324,226800
18,16,328,907200
18,16,332,453600
18,16,336,907200
18,16,340,907200
18,16,342,907200
18,16,344,5443200
18,16,348,3175200
18,16,350,2721600
18,16,352,4536000
18,16,354,4536000
18,16,356,2268000
18,16,358,3628800
18,16,360,6936300
18,16,362,2721600
18,16,364,3175200
18,16,366,4536000
18,16,368,5080320
18,16,370,36288000
18,16,372,2268000
18,16,374,17236800
18,16,376,567000
18,16,382,34473600
18,16,384,151200
18,16,390,5745600
18,16,396,32763150
18,16,408,2520
18,17,369,151200
18,17,375,226800
18,17,381,75600
18,17,389,453600
18,17,393,529200
18,17,397,4082400
18,17,399,2608200
18,17,401,907200
18,17,403,1360800
18,17,405,2041200
18,17,407,907200
18,17,409,4082400
18,17,411,2532600
18,17,413,2268000
18,17,415,604800
18,17,417,2721600
18,17,419,453600
18,17,421,1814400
18,17,425,907200
18,17,429,22982400
18,17,433,226800
18,17,435,17236800
18,18,448,302400
18,18,454,302400
18,18,456,3628800
18,18,460,453600
18,18,462,453600
18,18,464,604800
18,18,466,1360800
18,18,468,907200
18,18,470,907200
18,18,474,113400
18,18,476,453600
18,18,478,113400
18,19,507,302400
18,19,513,3628800
18,19,525,1209600
18,20,528,12600
18,20,600,525000
18,21,603,76440
18,21,623,7560
18,21,643,302400
18,22,666,50400
18,22,684,4200
18,23,741,16800
19,0,0,46501560
19,1,3,306122040
19,2,6,586731600
19,2,8,336193200
19,2,10,1346247000
19,3,9,185976000
19,3,11,556113600
19,3,13,3822638400
19,3,15,1976788800
19,3,17,830995200
19,3,19,3140953200
19,3,21,1163257200
19,4,16,574711200
19,4,18,2856168000
19,4,20,5462364600
19,4,22,9074343600
19,4,24,8846598600
19,4,26,4299296400
19,4,28,5856807600
19,4,30,3833575200
19,4,32,5492264400
19,4,36,524462400
19,5,25,2124662400
19,5,27,5297594400
19,5,29,12738600000
19,5,31,18350766000
19,5,33,18111038400
19,5,35,18325515600
19,5,37,17219412000
19,5,39,10832421600
19,5,41,12318264000
19,5,43,8006418000
19,5,45,4934260800
19,5,47,5779166400
19,5,49,927460800
19,5,51,2069323200
19,5,55,46509120
19,6,34,388338300
19,6,36,3311733600
19,6,38,10562756400
19,6,40,17448404400
19,6,42,28201313700
19,6,44,28045634400
19,6,46,37781213400
19,6,48,26253347400
19,6,50,27856105200
19,6,52,22656110400
19,6,54,26309178000
19,6,56,12999117600
19,6,58,18954061560
19,6,60,6716719800
19,6,62,5337889200
19,6,64,7113506400
19,6,66,4689001800
19,6,68,4681923120
19,6,70,1653145200
19,6,78,1512000
19,7,45,33566400
19,7,47,748440000
19,7,49,3966391800
19,7,51,10040549400
19,7,53,18255018600
19,7,55,26126339400
19,7,57,33177790800
19,7,59,32544136800
19,7,61,44091810000
19,7,63,37740099600
19,7,65,31165495200
19,7,67,30881541600
19,7,69,30581712000
19,7,71,28237658400
19,7,73,33038712000
19,7,75,18048189600
19,7,77,9004111200
19,7,79,13529829600
19,7,81,10788951600
19,7,83,7151155200
19,7,85,15050145600
19,7,87,2448154800
19,7,89,2880889200
19,7,93,1169849520
19,7,95,756000
19,7,105,12600
19,8,60,83802600
19,8,62,495217800
19,8,64,2507028300
19,8,66,5628798000
19,8,68,9809496900
19,8,70,15351260400
19,8,72,20750398200
19,8,74,26003678400
19,8,76,28879993800
19,8,78,31379796000
19,8,80,31890206250
19,8,82,35123684400
19,8,84,33629223600
19,8,86,29345652000
19,8,88,36732603600
19,8,90,32868763200
19,8,92,28896966000
19,8,94,19187884800
19,8,96,21064831200
19,8,98,12773073600
19,8,100,15935648400
19,8,102,15764313600
19,8,104,12619964700
19,8,106,7525450800
19,8,108,7019705700
19,8,110,902512800
19,8,112,4970926800
19,8,114,208051200
19,8,116,3029367600
19,8,120,16102800
19,9,75,1814400
19,9,77,30088800
19,9,79,227858400
19,9,81,684482400
19,9,83,1600074000
19,9,85,3203474400
19,9,87,5027853600
19,9,89,7478881200
19,9,91,10325826000
19,9,93,13941774000
19,9,95,14871805200
19,9,97,18731412000
19,9,99,19935228600
19,9,101,24393927600
19,9,103,25161192000
19,9,105,25651256400
19,9,107,26270962200
19,9,109,25481736000
19,9,111,21004477200
19,9,113,23079470400
19,9,115,25707137400
19,9,117,18158817600
19,9,119,16489569600
19,9,121,17499283200
19,9,123,14609926800
19,9,125,13799116800
19,9,127,6396364800
19,9,129,9668937600
19,9,131,7586573400
19,9,133,6149908800
19,9,135,8302215600
19,9,137,4707460800
19,9,139,36892800
19,9,141,1337616000
19,9,143,731883600
19,9,151,226800
19,10,94,9903600
19,10,96,24494400
19,10,98,57909600
19,10,100,228312000
19,10,102,455767200
19,10,104,577962000
19,10,106,978755400
19,10,108,1744092000
19,10,110,2247172200
19,10,112,3270078000
19,10,114,4295302200
19,10,116,5297140800
19,10,118,7502676300
19,10,120,8346870000
19,10,122,9978179400
19,10,124,12225654000
19,10,126,11735690400
19,10,128,13260240000
19,10,130,14338568160
19,10,132,15864811200
19,10,134,15980668200
19,10,136,16568949600
19,10,138,16637544000
19,10,140,13493579400
19,10,142,14651847000
19,10,144,13713764400
19,10,146,9216207000
19,10,148,12082694400
19,10,150,12262735800
19,10,152,9105112800
19,10,154,8823767400
19,10,156,10541311200
19,10,158,9472339800
19,10,160,3455600400
19,10,162,5596441200
19,10,164,451785600
19,10,166,2902643100
19,10,168,78649200
19,10,170,243220320
19,10,174,355345200
19,10,180,76696200
19,11,113,1058400
19,11,115,5518800
19,11,117,11037600
19,11,119,15498000
19,11,121,90644400
19,11,123,65620800
19,11,125,110829600
19,11,127,269060400
19,11,129,229219200
19,11,131,249328800
19,11,133,737016840
19,11,135,634838400
19,11,137,838063800
19,11,139,1273708800
19,11,141,1449844200
19,11,143,1703638440
19,11,145,3309314400
19,11,147,3044475000
19,11,149,4706780400
19,11,151,4698086400
19,11,153,5577818400
19,11,155,5438134800
19,11,157,8267086800
19,11,159,6501146400
19,11,161,8226792000
19,11,163,7548433200
19,11,165,7835247000
19,11,167,6529458600
19,11,169,11572621200
19,11,171,6873854400
19,11,173,8069544000
19,11,175,10070600400
19,11,177,9429260400
19,11,179,6396516000
19,11,181,7295248800
19,11,183,6195495600
19,11,185,5611561200
19,11,187,2796595200
19,11,189,6298236000
19,11,191,421318800
19,11,193,3999996000
19,11,195,119322000
19,11,197,1801018800
19,11,199,20109600
19,11,201,5178600
19,11,203,5775840
19,11,205,325382400
19,11,207,783518400
19,11,209,718200
19,12,132,75600
19,12,136,453600
19,12,138,756000
19,12,140,1209600
19,12,142,3175200
19,12,144,23977800
19,12,146,6501600
19,12,148,29484000
19,12,150,40824000
19,12,152,31903200
19,12,154,105613200
19,12,156,76116600
19,12,158,66981600
19,12,160,110451600
19,12,162,176097600
19,12,164,248232600
19,12,166,254469600
19,12,168,409888080
19,12,170,399697200
19,12,172,774824400
19,12,174,760989600
19,12,176,980135100
19,12,178,1163862000
19,12,180,1641672900
19,12,182,1514343600
19,12,184,2124057600
19,12,186,2170778400
19,12,188,3154519620
19,12,190,2926060200
19,12,192,3332139300
19,12,194,3365485200
19,12,196,4319708400
19,12,198,4647774600
19,12,200,3881871000
19,12,202,5823430200
19,12,204,3444714000
19,12,206,3431181600
19,12,208,4652499600
19,12,210,4407858000
19,12,212,4618706400
19,12,214,3489885000
19,12,216,3742804800
19,12,218,2303532000
19,12,220,3112754400
19,12,222,1556226000
19,12,224,957927600
19,12,226,1143072000
19,12,228,628263720
19,12,230,261878400
19,12,232,66754800
19,12,234,643356000
19,12,236,877111200
19,12,238,197845200
19,12,240,22311450
19,12,248,7560
19,13,163,302400
19,13,165,907200
19,13,167,1360800
19,13,169,2268000
19,13,171,4271400
19,13,173,3250800
19,13,175,4158000
19,13,177,2683800
19,13,179,20638800
19,13,181,4082400
19,13,183,21924000
19,13,185,6804000
19,13,187,25552800
19,13,189,22604400
19,13,191,13456800
19,13,193,49215600
19,13,195,59736600
19,13,197,82555200
19,13,199,78246000
19,13,201,122484600
19,13,203,128784600
19,13,205,232243200
19,13,207,255679200
19,13,209,318276000
19,13,211,671101200
19,13,213,460744200
19,13,215,410659200
19,13,217,718426800
19,13,219,744660000
19,13,221,803779200
19,13,223,821847600
19,13,225,1145302200
19,13,227,1840406400
19,13,229,1454317200
19,13,231,1748136600
19,13,233,1487959200
19,13,235,1966431600
19,13,237,1793194200
19,13,239,1688072400
19,13,241,2344356000
19,13,243,2105686800
19,13,245,1292684400
19,13,247,2639196000
19,13,249,924663600
19,13,251,1390284000
19,13,253,917859600
19,13,255,1638869400
19,13,257,1243393200
19,13,259,685843200
19,13,261,5594400
19,13,263,878509800
19,13,265,472878000
19,13,267,137894400
19,13,269,130636800
19,13,271,1360800
19,13,273,591847200
19,13,275,2721600
19,13,279,13960800
19,14,186,315000
19,14,202,907200
19,14,204,806400
19,14,210,3729600
19,14,212,94500
19,14,214,453600
19,14,216,4561200
19,14,218,2721600
19,14,220,4687200
19,14,222,4523400
19,14,224,2041200
19,14,226,6123600
19,14,228,9235800
19,14,230,14137200
19,14,232,16934400
19,14,234,37018800
19,14,236,12058200
19,14,238,25704000
19,14,240,46342800
19,14,242,46040400
19,14,244,43999200
19,14,246,146966400
19,14,248,91929600
19,14,250,240786000
19,14,252,208832400
19,14,254,212171400
19,14,256,285049800
19,14,258,327587400
19,14,260,314817300
19,14,262,443923200
19,14,264,410816700
19,14,266,537308100
19,14,268,476525700
19,14,270,654343200
19,14,272,396559800
19,14,274,1178528400
19,14,276,430617600
19,14,278,951879600
19,14,280,948855600
19,14,282,948717000
19,14,284,282214800
19,14,286,996256800
19,14,288,603892800
19,14,290,722736000
19,14,292,190209600
19,14,294,366559200
19,14,296,40937400
19,14,298,586807200
19,14,300,218723400
19,14,302,64902600
19,14,304,927385200
19,14,306,18144000
19,14,308,470383200
19,14,312,113400
19,14,318,3855600
19,15,231,189000
19,15,237,25200
19,15,239,453600
19,15,243,945000
19,15,249,1360800
19,15,251,1814400
19,15,255,2721600
19,15,261,718200
19,15,263,1360800
19,15,265,2721600
19,15,267,5569200
19,15,269,2268000
19,15,271,6350400
19,15,273,4851000
19,15,275,11377800
19,15,277,11113200
19,15,279,18144000
19,15,281,22831200
19,15,283,24494400
19,15,285,35380800
19,15,287,19580400
19,15,289,22453200
19,15,291,56322000
19,15,293,61273800
19,15,295,78510600
19,15,297,163674000
19,15,299,83008800
19,15,301,189680400
19,15,303,134316000
19,15,305,240483600
19,15,307,179096400
19,15,309,192628800
19,15,311,214401600
19,15,313,284293800
19,15,315,185522400
19,15,317,185068800
19,15,319,139860000
19,15,321,588281400
19,15,323,197316000
19,15,325,209895840
19,15,327,152712000
19,15,329,257871600
19,15,331,204195600
19,15,333,654544800
19,15,335,267019200
19,15,337,144320400
19,15,339,156038400
19,15,341,185068800
19,15,343,151200
19,15,345,47061000
19,15,347,23738400
19,15,359,75600
19,15,361,37800
19,16,264,9450
19,16,280,302400
19,16,294,151200
19,16,296,113400
19,16,304,907200
19,16,306,302400
19,16,308,604800
19,16,310,907200
19,16,312,75600
19,16,314,907200
19,16,316,4082400
19,16,318,907200
19,16,320,4687200
19,16,322,378000
19,16,324,6879600
19,16,326,6350400
19,16,328,21047040
19,16,330,5896800
19,16,332,14666400
19,16,334,4838400
19,16,336,22680000
19,16,338,8618400
19,16,340,19315800
19,16,342,25704000
19,16,344,106747200
19,16,346,5632200
19,16,348,72152640
19,16,350,55792800
19,16,352,95482800
19,16,354,90115200
19,16,356,61614000
19,16,358,84823200
19,16,360,136892700
19,16,362,67586400
19,16,364,67813200
19,16,366,98481600
19,16,368,99973440
19,16,370,209790000
19,16,372,48837600
19,16,374,92156400
19,16,376,14175000
19,16,378,6652800
19,16,380,1814400
19,16,382,165715200
19,16,384,2872800
19,16,386,907200
19,16,390,27543600
19,16,396,78164100
19,16,408,42840
19,17,273,2520
19,17,309,37800
19,17,327,50400
19,17,333,37800
19,17,345,100800
19,17,357,604800
19,17,359,907200
19,17,363,151200
19,17,365,2721600
19,17,369,2570400
19,17,371,453600
19,17,373,4006800
19,17,375,8353800
19,17,377,4611600
19,17,379,2268000
19,17,381,5065200
19,17,383,4082400
19,17,385,2872800
19,17,387,6350400
19,17,389,12700800
19,17,391,3175200
19,17,393,11743200
19,17,395,3628800
19,17,397,45133200
19,17,399,46695600
19,17,401,17236800
19,17,403,26308800
19,17,405,36212400
19,17,407,17236800
19,17,409,56019600
19,17,411,35985600
19,17,413,39690000
19,17,415,5670000
19,17,417,32281200
19,17,419,7711200
19,17,421,30844800
19,17,425,15422400
19,17,429,108964800
19,17,433,3855600
19,17,435,81950400
19,18,406,18900
19,18,410,907200
19,18,412,453600
19,18,414,453600
19,18,418,982800
19,18,422,3628800
19,18,424,1965600
19,18,426,1814400
19,18,428,226800
19,18,430,4176900
19,18,432,1461600
19,18,434,3931200
19,18,436,2041200
19,18,438,5140800
19,18,440,226800
19,18,442,6501600
19,18,444,2570400
19,18,446,3024000
19,18,448,5443200
19,18,450,4536000
19,18,452,529200
19,18,454,7938000
19,18,456,34473600
19,18,458,1360800
19,18,460,7711200
19,18,462,8467200
19,18,464,10281600
19,18,466,13910400
19,18,468,16329600
19,18,470,15422400
19,18,474,2041200
19,18,476,7711200
19,18,478,1927800
19,19,463,907200
19,19,471,453600
19,19,479,1360800
19,19,483,907200
19,19,485,907200
19,19,487,3477600
19,19,491,2948400
19,19,493,1058400
19,19,495,1058400
19,19,497,1814400
19,19,499,2041200
19,19,501,907200
19,19,503,907200
19,19,505,1209600
19,19,507,3288600
19,19,509,453600
19,19,513,34020000
19,19,515,453600
19,19,525,11340000
19,19,531,25200
19,20,504,12600
19,20,522,151200
19,20,528,302400
19,20,534,75600
19,20,538,453600
19,20,540,113400
19,20,544,1360800
19,20,546,907200
19,20,550,1814400
19,20,552,453600
19,20,554,1020600
19,20,556,2268000
19,20,558,302400
19,20,560,453600
19,20,562,907200
19,20,568,453600
19,20,572,453600
19,20,600,1993950
19,21,603,1837080
19,21,623,128520
19,21,643,2835000
19,22,666,1209600
19,22,670,75600
19,22,684,100800
19,22,686,113400
19,22,688,151200
19,22,690,18900
19,23,741,403200
19,25,831,12600
19,26,912,12600
20,0,0,10626840
20,1,3,47733840
20,2,6,74617200
20,2,8,40294800
20,2,10,284288760
20,3,9,30844800
20,3,11,68040000
20,3,13,728481600
20,3,15,301341600
20,3,17,142732800
20,3,19,604422000
20,3,21,358999200
20,4,16,148780800
20,4,18,597844800
20,4,20,1259987400
20,4,22,1949270400
20,4,24,2114985600
20,4,26,961329600
20,4,28,1428462000
20,4,30,861235200
20,4,32,1530559800
20,4,36,193687200
20,5,25,777288960
20,5,27,1716422400
20,5,29,3878431200
20,5,31,5915246400
20,5,33,5461041600
20,5,35,6010048800
20,5,37,5517590400
20,5,39,2979963000
20,5,41,4429328400
20,5,43,2237911200
20,5,45,1373652000
20,5,47,2168775000
20,5,49,378705600
20,5,51,441201600
20,5,55,28700280
20,6,34,265809600
20,6,36,1935964800
20,6,38,5771606400
20,6,40,8701106400
20,6,42,13580532000
20,6,44,12908775600
20,6,46,18071046000
20,6,48,11681989200
20,6,50,12609777600
20,6,52,9844178400
20,6,54,11038129200
20,6,56,5042217600
20,6,58,8539579440
20,6,60,2120479200
20,6,62,1947531600
20,6,64,2483157600
20,6,66,2192248800
20,6,68,1488443040
20,6,70,646228800
20,6,78,1113840
20,7,45,51710400
20,7,47,1042372800
20,7,49,4535546400
20,7,51,10007890200
20,7,53,16583502600
20,7,55,21836795400
20,7,57,26818873200
20,7,59,24355825200
20,7,61,31777174800
20,7,63,26488425600
20,7,65,20601302400
20,7,67,18235438200
20,7,69,18357834600
20,7,71,16055776800
20,7,73,17871462000
20,7,75,10649847600
20,7,77,4873629600
20,7,79,5976028800
20,7,81,4574631600
20,7,83,3247473600
20,7,85,7393755600
20,7,87,1366016400
20,7,89,1466413200
20,7,93,447602400
20,7,95,332640
20,7,105,7560
20,8,60,342581400
20,8,62,1575126000
20,8,64,5889698325
20,8,66,11881485000
20,8,68,18311000400
20,8,70,25237396800
20,8,72,30168142200
20,8,74,35896543200
20,8,76,35793311400
20,8,78,35983710000
20,8,80,34596412200
20,8,82,34183900800
20,8,84,31547275200
20,8,86,25768864800
20,8,88,30649298400
20,8,90,27033501600
20,8,92,22330576800
20,8,94,14148540000
20,8,96,15122296350
20,8,98,8917171200
20,8,100,9842742000
20,8,102,10043913600
20,8,104,7822029600
20,8,106,4822977600
20,8,108,4789108800
20,8,110,568814400
20,8,112,2085438600
20,8,114,144849600
20,8,116,1498316400
20,8,120,13305600
20,9,75,24494400
20,9,77,353127600
20,9,79,1482138000
20,9,81,3977845200
20,9,83,7613222400
20,9,85,13071618000
20,9,87,16754698800
20,9,89,23402660400
20,9,91,27226735200
20,9,93,33664831200
20,9,95,32192294400
20,9,97,37405897200
20,9,99,35257156200
20,9,101,39527913600
20,9,103,37689094800
20,9,105,37097852400
20,9,107,34343870400
20,9,109,33833268000
20,9,111,24902791200
20,9,113,26003300400
20,9,115,26374446000
20,9,117,17825724000
20,9,119,16615292400
20,9,121,16625574000
20,9,123,12852982800
20,9,125,10994205600
20,9,127,5406987600
20,9,129,7208082000
20,9,131,6184911600
20,9,133,3938155200
20,9,135,5896812600
20,9,137,2985292800
20,9,139,45813600
20,9,141,999331200
20,9,143,581893200
20,9,151,189000
20,10,90,181440
20,10,92,1814400
20,10,94,55603800
20,10,96,205972200
20,10,98,569664900
20,10,100,1706276880
20,10,102,3147536700
20,10,104,4718347200
20,10,106,7671963600
20,10,108,10691352000
20,10,110,13627429200
20,10,112,17164602000
20,10,114,20668233600
20,10,116,22091680800
20,10,118,26509707000
20,10,120,27147380400
20,10,122,30661885800
20,10,124,31894430400
20,10,126,30588364800
20,10,128,30239848800
20,10,130,31629558240
20,10,132,29576433600
20,10,134,28178085600
20,10,136,27066085200
20,10,138,26262696600
20,10,140,20724530400
20,10,142,21049912800
20,10,144,18659743200
20,10,146,11775985200
20,10,148,14142794400
20,10,150,12503635200
20,10,152,9647618400
20,10,154,8827812000
20,10,156,10956934800
20,10,158,9553420800
20,10,160,3479565600
20,10,162,5773269600
20,10,164,404611200
20,10,166,1969871400
20,10,168,80589600
20,10,170,256541040
20,10,174,278094600
20,10,180,22387680
20,11,113,16329600
20,11,115,42487200
20,11,117,129124800
20,11,119,191872800
20,11,121,696124800
20,11,123,754563600
20,11,125,1300546800
20,11,127,2158531200
20,11,129,2700545400
20,11,131,3309919200
20,11,133,6237914760
20,11,135,6455673000
20,11,137,8364308400
20,11,139,10199271600
20,11,141,12456838800
20,11,143,12427914240
20,11,145,18383803200
20,11,147,16605464400
20,11,149,21718972800
20,11,151,18997902000
20,11,153,21676107600
20,11,155,19428973200
20,11,157,24844276800
20,11,159,19414458000
20,11,161,23249116800
20,11,163,19575435600
20,11,165,18416613600
20,11,167,14859860400
20,11,169,22676774400
20,11,171,13129527600
20,11,173,14215672800
20,11,175,16093576800
20,11,177,14085149400
20,11,179,9995076000
20,11,181,11097727200
20,11,183,9735934320
20,11,185,7603923600
20,11,187,4245242400
20,11,189,6803244000
20,11,191,565639200
20,11,193,4212565560
20,11,195,82479600
20,11,197,1841540400
20,11,199,22831200
20,11,201,6010200
20,11,203,7227360
20,11,205,376563600
20,11,207,458400600
20,11,209,982800
20,12,132,604800
20,12,136,11547900
20,12,138,21319200
20,12,140,37459800
20,12,142,83462400
20,12,144,199943100
20,12,146,167907600
20,12,148,332677800
20,12,150,467389440
20,12,152,494310600
20,12,154,956302200
20,12,156,1058740200
20,12,158,1162236600
20,12,160,1747029060
20,12,162,2353050000
20,12,164,3085160400
20,12,166,3735471600
20,12,168,4902584400
20,12,170,5260399200
20,12,172,7326106200
20,12,174,7644483000
20,12,176,8882168400
20,12,178,9133689600
20,12,180,11058238800
20,12,182,10463266800
20,12,184,12347319600
20,12,186,11271052800
20,12,188,13914255600
20,12,190,12436653600
20,12,192,12858615000
20,12,194,12384187200
20,12,196,14198032800
20,12,198,13826219400
20,12,200,12170541600
20,12,202,14220360000
20,12,204,9836694000
20,12,206,8766424800
20,12,208,10315695600
20,12,210,8909611200
20,12,212,9186156000
20,12,214,6517324800
20,12,216,6685761600
20,12,218,3470342400
20,12,220,5250042000
20,12,222,2155809600
20,12,224,1417311000
20,12,226,1361052000
20,12,228,749939400
20,12,230,395841600
20,12,232,107503200
20,12,234,706557600
20,12,236,855640800
20,12,238,233100000
20,12,240,37500120
20,13,155,113400
20,13,157,151200
20,13,161,1814400
20,13,163,6098400
20,13,165,16783200
20,13,167,19504800
20,13,169,44226000
20,13,171,53146800
20,13,173,73332000
20,13,175,67712400
20,13,177,82958400
20,13,179,223776000
20,13,181,146739600
20,13,183,260631000
20,13,185,271101600
20,13,187,419731200
20,13,189,486864000
20,13,191,463276800
20,13,193,897220800
20,13,195,911421000
20,13,197,1393912800
20,13,199,1469966400
20,13,201,1849566600
20,13,203,2063917800
20,13,205,3192512400
20,13,207,2969190000
20,13,209,3942615600
20,13,211,5393455200
20,13,213,4870189800
20,13,215,4347982800
20,13,217,6232842000
20,13,219,6214698000
20,13,221,6513544800
20,13,223,6366691800
20,13,225,7196061600
20,13,227,8552250000
20,13,229,8154064800
20,13,231,7303035600
20,13,233,7010312400
20,13,235,7568240400
20,13,237,6896257200
20,13,239,5781888000
20,13,241,7522578000
20,13,243,6412278600
20,13,245,4062744000
20,13,247,6105002400
20,13,249,2567905200
20,13,251,3084215400
20,13,253,2020410000
20,13,255,3112074000
20,13,257,1901340000
20,13,259,1137628800
20,13,261,11188800
20,13,263,1550480400
20,13,265,846871200
20,13,267,205707600
20,13,269,197769600
20,13,271,2721600
20,13,273,555660000
20,13,275,5443200
20,13,279,24532200
20,14,186,2646000
20,14,188,907200
20,14,190,1285200
20,14,192,1209600
20,14,194,3175200
20,14,196,4384800
20,14,198,8618400
20,14,200,6577200
20,14,202,21924000
20,14,204,22377600
20,14,206,13759200
20,14,208,22150800
20,14,210,70925400
20,14,212,30996000
20,14,214,41164200
20,14,216,59194800
20,14,218,109015200
20,14,220,104176800
20,14,222,169167600
20,14,224,140540400
20,14,226,268682400
20,14,228,302910300
20,14,230,406312200
20,14,232,481269600
20,14,234,683083800
20,14,236,606841200
20,14,238,814060800
20,14,240,871063200
20,14,242,1058475600
20,14,244,1022490000
20,14,246,1872725400
20,14,248,1519219800
20,14,250,2446699500
20,14,252,2326665600
20,14,254,2444450400
20,14,256,2778224400
20,14,258,3385897200
20,14,260,2946623400
20,14,262,3722279400
20,14,264,3406384800
20,14,266,3466260000
20,14,268,3492266400
20,14,270,3952103400
20,14,272,3027099600
20,14,274,4791452400
20,14,276,2570097600
20,14,278,3493249200
20,14,280,3524497200
20,14,282,3048154200
20,14,284,1306821600
20,14,286,3204608400
20,14,288,1664107200
20,14,290,1974180600
20,14,292,458438400
20,14,294,1028311200
20,14,296,154375200
20,14,298,1036343700
20,14,300,396219600
20,14,302,168777000
20,14,304,1422943200
20,14,306,46040400
20,14,308,753278400
20,14,312,378000
20,14,314,113400
20,14,316,100800
20,14,318,10357200
20,14,322,12600
20,15,211,302400
20,15,215,604800
20,15,219,378000
20,15,223,756000
20,15,227,1058400
20,15,229,604800
20,15,231,3553200
20,15,233,302400
20,15,235,2646000
20,15,237,529200
20,15,239,8618400
20,15,241,10432800
20,15,243,8089200
20,15,245,8618400
20,15,247,3565800
20,15,249,20336400
20,15,251,28350000
20,15,253,14212800
20,15,255,51967440
20,15,257,28576800
20,15,259,26611200
20,15,261,56435400
20,15,263,52693200
20,15,265,117091800
20,15,267,119750400
20,15,269,117936000
20,15,271,189982800
20,15,273,204724800
20,15,275,265053600
20,15,277,406992600
20,15,279,399394800
20,15,281,444225600
20,15,283,502034400
20,15,285,667260720
20,15,287,508750200
20,15,289,566042400
20,15,291,775504800
20,15,293,868719600
20,15,295,1068543000
20,15,297,1543449600
20,15,299,979171200
20,15,301,1712214000
20,15,303,1278547200
20,15,305,1993269600
20,15,307,1547632800
20,15,309,1558947600
20,15,311,1576108800
20,15,313,2067685200
20,15,315,1202720400
20,15,317,1350972000
20,15,319,960271200
20,15,321,2203248600
20,15,323,919787400
20,15,325,866920320
20,15,327,562615200
20,15,329,913172400
20,15,331,597315600
20,15,333,1748628000
20,15,335,827971200
20,15,337,397303200
20,15,339,468266400
20,15,341,483159600
20,15,343,1512000
20,15,345,129011400
20,15,347,66754800
20,15,355,2520
20,15,359,680400
20,15,361,340200
20,16,256,75600
20,16,258,37800
20,16,260,226800
20,16,262,37800
20,16,264,378000
20,16,266,151200
20,16,268,176400
20,16,270,302400
20,16,272,1058400
20,16,274,100800
20,16,276,1512000
20,16,278,302400
20,16,280,5644800
20,16,282,226800
20,16,284,982800
20,16,286,945000
20,16,288,7385175
20,16,290,453600
20,16,292,8240400
20,16,294,2343600
20,16,296,5254200
20,16,298,5745600
20,16,300,6123600
20,16,302,11037600
20,16,304,36729000
20,16,306,14439600
20,16,308,42109200
20,16,310,38165400
20,16,312,42764400
20,16,314,50047200
20,16,316,126705600
20,16,318,66981600
20,16,320,157597650
20,16,322,94172400
20,16,324,201398400
20,16,326,223927200
20,16,328,376140240
20,16,330,231663600
20,16,332,364921200
20,16,334,248572800
20,16,336,412322400
20,16,338,313437600
20,16,340,378604800
20,16,342,398336400
20,16,344,919674000
20,16,346,206501400
20,16,348,688232160
20,16,350,514231200
20,16,352,811792800
20,16,354,683222400
20,16,356,550897200
20,16,358,645926400
20,16,360,956113200
20,16,362,518464800
20,16,364,493894800
20,16,366,678510000
20,16,368,661802400
20,16,370,748666800
20,16,372,337327200
20,16,374,307087200
20,16,376,98582400
20,16,378,65318400
20,16,380,17236800
20,16,382,433188000
20,16,384,17841600
20,16,386,8164800
20,16,388,75600
20,16,390,72122400
20,16,396,109897200
20,16,408,252000
20,17,273,63000
20,17,309,630000
20,17,313,302400
20,17,319,1360800
20,17,327,1663200
20,17,329,907200
20,17,331,3628800
20,17,333,340200
20,17,335,907200
20,17,337,604800
20,17,339,4536000
20,17,341,1814400
20,17,343,2305800
20,17,345,1209600
20,17,347,6804000
20,17,349,6048000
20,17,351,10546200
20,17,353,6652800
20,17,355,16783200
20,17,357,16329600
20,17,359,42638400
20,17,361,13154400
20,17,363,34322400
20,17,365,62596800
20,17,367,40824000
20,17,369,28728000
20,17,371,66225600
20,17,373,108939600
20,17,375,179209800
20,17,377,127083600
20,17,379,126403200
20,17,381,137592000
20,17,383,170553600
20,17,385,113551200
20,17,387,201549600
20,17,389,190058400
20,17,391,156945600
20,17,393,171385200
20,17,395,151184880
20,17,397,313362000
20,17,399,406123200
20,17,401,166924800
20,17,403,238442400
20,17,405,258249600
20,17,407,143375400
20,17,409,325987200
20,17,411,216783000
20,17,413,246078000
20,17,415,37008720
20,17,417,165790800
20,17,419,45964800
20,17,421,181440000
20,17,423,718200
20,17,425,90720000
20,17,427,604800
20,17,429,272764800
20,17,431,302400
20,17,433,22680000
20,17,435,208429200
20,17,439,75600
20,17,455,15120
20,18,352,302400
20,18,360,75600
20,18,364,453600
20,18,374,226800
20,18,376,302400
20,18,380,302400
20,18,382,907200
20,18,384,302400
20,18,386,226800
20,18,388,1512000
20,18,390,453600
20,18,392,3477600
20,18,394,2948400
20,18,396,2381400
20,18,398,907200
20,18,400,2872800
20,18,402,4158000
20,18,404,3780000
20,18,406,6804000
20,18,408,2419200
20,18,410,17463600
20,18,412,14742000
20,18,414,9298800
20,18,416,10962000
20,18,418,19832400
20,18,420,14212800
20,18,422,65469600
20,18,424,54432000
20,18,426,38121300
20,18,428,13097700
20,18,430,90134100
20,18,432,46456200
20,18,434,93819600
20,18,436,67208400
20,18,438,117747000
20,18,440,26875800
20,18,442,136533600
20,18,444,68796000
20,18,446,73180800
20,18,448,56775600
20,18,450,95709600
20,18,452,23814000
20,18,454,91400400
20,18,456,173880000
20,18,458,26762400
20,18,460,50803200
20,18,462,65923200
20,18,464,64562400
20,18,466,70660800
20,18,468,107049600
20,18,470,92534400
20,18,472,453600
20,18,474,13267800
20,18,476,45360000
20,18,478,11793600
20,18,480,226800
20,19,431,226800
20,19,433,453600
20,19,447,1814400
20,19,449,1814400
20,19,451,907200
20,19,453,453600
20,19,455,2721600
20,19,457,604800
20,19,459,2872800
20,19,461,2494800
20,19,463,16480800
20,19,465,2721600
20,19,467,907200
20,19,469,4284000
20,19,471,9374400
20,19,473,2646000
20,19,475,3326400
20,19,477,2268000
20,19,479,24040800
20,19,481,3326400
20,19,483,16632000
20,19,485,17236800
20,19,487,67888800
20,19,489,4536000
20,19,491,50878800
20,19,493,24040800
20,19,495,20260800
20,19,497,36439200
20,19,499,38329200
20,19,501,18748800
20,19,503,23889600
20,19,505,27367200
20,19,507,22604400
20,19,509,12247200
20,19,511,4536000
20,19,513,157550400
20,19,515,8618400
20,19,517,1134000
20,19,519,604800
20,19,521,907200
20,19,525,52138800
20,19,531,428400
20,20,360,126
20,20,432,6300
20,20,468,25200
20,20,486,50400
20,20,498,1814400
20,20,500,680400
20,20,504,214200
20,20,506,1134000
20,20,508,1814400
20,20,510,3187800
20,20,512,1058400
20,20,514,907200
20,20,516,151200
20,20,518,1814400
20,20,520,907200
20,20,522,5896800
20,20,524,907200
20,20,526,4082400
20,20,528,4208400
20,20,532,2381400
20,20,534,2494800
20,20,536,2268000
20,20,538,10432800
20,20,540,2457000
20,20,542,453600
20,20,544,23360400
20,20,546,16480800
20,20,548,75600
20,20,550,31298400
20,20,552,8316000
20,20,554,17350200
20,20,556,38556000
20,20,558,5443200
20,20,560,7711200
20,20,562,15422400
20,20,568,7711200
20,20,572,7711200
20,20,600,4324320
20,21,555,453600
20,21,561,907200
20,21,563,453600
20,21,565,453600
20,21,567,302400
20,21,571,226800
20,21,573,1814400
20,21,577,2268000
20,21,579,907200
20,21,585,3402000
20,21,587,907200
20,21,589,453600
20,21,591,1814400
20,21,595,1058400
20,21,597,1814400
20,21,603,17917200
20,21,623,756000
20,21,643,12978000
20,22,610,114660
20,22,620,226800
20,22,622,907200
20,22,630,241920
20,22,632,453600
20,22,634,453600
20,22,638,1134000
20,22,640,1814400
20,22,642,226800
20,22,646,2507400
20,22,648,945000
20,22,650,922320
20,22,654,453600
20,22,658,907200
20,22,660,37800
20,22,666,11340000
20,22,668,75600
20,22,670,1512000
20,22,678,75600
20,22,684,932400
20,22,686,2041200
20,22,688,2570400
20,22,690,321300
20,23,699,302400
20,23,705,1058400
20,23,711,907200
20,23,717,453600
20,23,719,151200
20,23,723,151200
20,23,735,75600
20,23,741,3729600
20,24,756,18900
20,24,774,151200
20,24,784,151200
20,24,788,453600
20,24,792,151200
20,25,831,302400
20,26,912,302400
20,30,1180,2520
21,0,0,2113560
21,1,3,5014800
21,2,6,4309200
21,2,8,3175200
21,2,10,44940420
21,3,9,1814400
21,3,11,2721600
21,3,13,82857600
21,3,15,19051200
21,3,17,14515200
21,3,19,76960800
21,3,21,86574600
21,4,16,19051200
21,4,18,55036800
21,4,20,176450400
21,4,22,211680000
21,4,24,286372800
21,4,26,116575200
21,4,28,199810800
21,4,30,122673600
21,4,32,277641000
21,4,36,61551000
21,5,25,131544000
21,5,27,242676000
21,5,29,553694400
21,5,31,924966000
21,5,33,842940000
21,5,35,1066640400
21,5,37,950745600
21,5,39,400982400
21,5,41,987940800
21,5,43,324172800
21,5,45,223776000
21,5,47,548478000
21,5,49,98884800
21,5,51,50122800
21,5,55,13426560
21,6,34,77338800
21,6,36,451483200
21,6,38,1373727600
21,6,40,1923112800
21,6,42,2974683600
21,6,44,2707311600
21,6,46,4297784400
21,6,48,2518122600
21,6,50,3006234000
21,6,52,2235945600
21,6,54,2500999200
21,6,56,1015156800
21,6,58,2246393520
21,6,60,326844000
21,6,62,391910400
21,6,64,545076000
21,6,66,690051600
21,6,68,258249600
21,6,70,154148400
21,6,78,628740
21,7,45,21772800
21,7,47,474919200
21,7,49,1911470400
21,7,51,3838816800
21,7,53,5889391200
21,7,55,7607174400
21,7,57,9296305200
21,7,59,8122766400
21,7,61,10940756400
21,7,63,8937658800
21,7,65,6662854800
21,7,67,5476161600
21,7,69,5733126000
21,7,71,4805136000
21,7,73,5210049600
21,7,75,3390221520
21,7,77,1437307200
21,7,79,1408881600
21,7,81,969116400
21,7,83,822769920
21,7,85,2142050400
21,7,87,514558800
21,7,89,460328400
21,7,93,122459400
21,7,95,60480
21,7,105,2520
21,8,60,429332400
21,8,62,1572744600
21,8,64,4818139200
21,8,66,8893659600
21,8,68,12565098000
21,8,70,15844701600
21,8,72,17682310800
21,8,74,20649686400
21,8,76,19260536400
21,8,78,18580136400
21,8,80,17043982200
21,8,82,15177153600
21,8,84,14435366400
21,8,86,10730966400
21,8,88,12624746400
21,8,90,11277403200
21,8,92,8863948800
21,8,94,5317099200
21,8,96,5964310800
21,8,98,3191832000
21,8,100,3273706800
21,8,102,3624868800
21,8,104,2559438000
21,8,106,1747116000
21,8,108,1909882800
21,8,110,215308800
21,8,112,514420200
21,8,114,62899200
21,8,116,450878400
21,8,120,7257600
21,9,75,122774400
21,9,77,921375000
21,9,79,3153502800
21,9,81,7215049800
21,9,83,11866705200
21,9,85,18244472400
21,9,87,20974955400
21,9,89,26320442400
21,9,91,27674703000
21,9,93,32364208800
21,9,95,28091448000
21,9,97,31078063800
21,9,99,26705359800
21,9,101,27621291600
21,9,103,25675423200
21,9,105,24532905600
21,9,107,20741389200
21,9,109,21817328400
21,9,111,14419717200
21,9,113,14195865600
21,9,115,13501593000
21,9,117,8803846800
21,9,119,8707003200
21,9,121,8449660800
21,9,123,5977011600
21,9,125,4730594400
21,9,127,2409674400
21,9,129,2914682400
21,9,131,2850460200
21,9,133,1408881600
21,9,135,2392563600
21,9,137,996105600
21,9,139,40370400
21,9,141,462470400
21,9,143,288867600
21,9,151,83160
21,10,90,907200
21,10,92,10886400
21,10,94,288943200
21,10,96,1152673200
21,10,98,2977543800
21,10,100,6388048800
21,10,102,10169182800
21,10,104,14036122800
21,10,106,20736153900
21,10,108,24063782400
21,10,110,28594414800
21,10,112,31683582000
21,10,114,35449709400
21,10,116,33247216800
21,10,118,37016557200
21,10,120,34569460800
21,10,122,38104422300
21,10,124,34613838000
21,10,126,33584770800
21,10,128,29621440800
21,10,130,31342142160
21,10,132,25215775200
21,10,134,23569434000
21,10,136,20504534400
21,10,138,19890624600
21,10,140,15068516400
21,10,142,15161882400
21,10,144,12711232800
21,10,146,7984267200
21,10,148,8783208000
21,10,150,6638662800
21,10,152,5235753600
21,10,154,4545072000
21,10,156,6146028000
21,10,158,5296309200
21,10,160,2025324000
21,10,162,3409938000
21,10,164,193233600
21,10,166,747759600
21,10,168,51710400
21,10,170,168686280
21,10,174,140002800
21,10,180,2167200
21,11,111,3628800
21,11,113,90720000
21,11,115,237232800
21,11,117,834472800
21,11,119,1501869600
21,11,121,3647397600
21,11,123,5213678400
21,11,125,8313165000
21,11,127,11137014000
21,11,129,14884128000
21,11,131,16301779200
21,11,133,23564482200
21,11,135,23291730000
21,11,137,27613996200
21,11,139,28697457600
21,11,141,33730187400
21,11,143,30028667760
21,11,145,38383329600
21,11,147,33209190000
21,11,149,39086901000
21,11,151,30967347600
21,11,153,33907532400
21,11,155,28304035200
21,11,157,32313103200
21,11,159,24584288400
21,11,161,28504450800
21,11,163,22601527200
21,11,165,19903968000
21,11,167,15633664200
21,11,169,21724567200
21,11,171,12311762400
21,11,173,12373452000
21,11,175,12968121600
21,11,177,10491566400
21,11,179,7737508800
21,11,181,8354480400
21,11,183,8076605040
21,11,185,5680357200
21,11,187,3506630400
21,11,189,4147189200
21,11,191,426610800
21,11,193,2517706800
21,11,195,32130000
21,11,197,1062709200
21,11,199,14666400
21,11,201,4006800
21,11,203,5352480
21,11,205,274125600
21,11,207,126554400
21,11,209,718200
21,12,132,4914000
21,12,134,9979200
21,12,136,100529100
21,12,138,200037600
21,12,140,365828400
21,12,142,740124000
21,12,144,1411074000
21,12,146,1756792800
21,12,148,2831957100
21,12,150,3947771520
21,12,152,4956222600
21,12,154,7080015600
21,12,156,8895133800
21,12,158,10368872640
21,12,160,13189138200
21,12,162,15735762000
21,12,164,17898224400
21,12,166,20050556400
21,12,168,22769359200
21,12,170,22715758800
21,12,172,26287896600
21,12,174,26121198600
21,12,176,27473077800
21,12,178,26417588400
21,12,180,28017208800
21,12,182,26122597200
21,12,184,27744292800
21,12,186,23372798400
21,12,188,25989314400
21,12,190,22118594400
21,12,192,21509094600
21,12,194,19154469600
21,12,196,20775371400
21,12,198,18675921600
21,12,200,16902572400
21,12,202,16329524400
21,12,204,12262975200
21,12,206,9930664800
21,12,208,11312784000
21,12,210,8928561600
21,12,212,9509459400
21,12,214,6473325600
21,12,216,6488294400
21,12,218,2773764000
21,12,220,4979499840
21,12,222,1592362800
21,12,224,1206538200
21,12,226,941522400
21,12,228,561991500
21,12,230,334031040
21,12,232,102211200
21,12,234,417992400
21,12,236,439538400
21,12,238,167166720
21,12,240,39349800
21,13,155,1360800
21,13,157,3628800
21,13,159,8316000
21,13,161,54734400
21,13,163,88603200
21,13,165,174636000
21,13,167,209563200
21,13,169,470912400
21,13,171,513954000
21,13,173,916725600
21,13,175,868266000
21,13,177,1315188000
21,13,179,1888488000
21,13,181,2338156800
21,13,183,2796066000
21,13,185,3934526400
21,13,187,4695742800
21,13,189,5926813200
21,13,191,6184609200
21,13,193,9034048800
21,13,195,9156357000
21,13,197,11964002400
21,13,199,12156102000
21,13,201,13718476800
21,13,203,13991178600
21,13,205,17648895600
21,13,207,15335598600
21,13,209,18220582800
21,13,211,19580400000
21,13,213,18650318400
21,13,215,15873580800
21,13,217,19327366800
21,13,219,18789548400
21,13,221,18424778400
21,13,223,17568079200
21,13,225,17512143600
21,13,227,17726990400
21,13,229,17680118400
21,13,231,13501630800
21,13,233,13073999400
21,13,235,13163623200
21,13,237,11402697600
21,13,239,8790843600
21,13,241,11205734400
21,13,243,9235296000
21,13,245,5961740400
21,13,247,7510633200
21,13,249,3467318400
21,13,251,3539743200
21,13,253,2260062000
21,13,255,3281720400
21,13,257,1554336000
21,13,259,1024606800
21,13,261,10684800
21,13,263,1567792800
21,13,265,835531200
21,13,267,163296000
21,13,269,166017600
21,13,271,3326400
21,13,273,282063600
21,13,275,6350400
21,13,279,27493200
21,14,184,1360800
21,14,186,12297600
21,14,188,23322600
21,14,190,30542400
21,14,192,52617600
21,14,194,79984800
21,14,196,99701280
21,14,198,161235900
21,14,200,124664400
21,14,202,307540800
21,14,204,298015200
21,14,206,329842800
21,14,208,468417600
21,14,210,779330400
21,14,212,608995800
21,14,214,958608000
21,14,216,960422400
21,14,218,1571950800
21,14,220,1690113600
21,14,222,2549282400
21,14,224,2440443600
21,14,226,3814927200
21,14,228,3820244400
21,14,230,4838173200
21,14,232,5530669200
21,14,234,6705606600
21,14,236,7002374400
21,14,238,8163136800
21,14,240,7937924400
21,14,242,8995946400
21,14,244,8731497600
21,14,246,11553305400
21,14,248,10133991000
21,14,250,12327714000
21,14,252,11131545600
21,14,254,11420816400
21,14,256,11208153600
21,14,258,13200213600
21,14,260,10786078800
21,14,262,12311497800
21,14,264,10821157200
21,14,266,9737393400
21,14,268,9946011600
21,14,270,9744840000
21,14,272,8210273400
21,14,274,9250189200
21,14,276,6027084000
21,14,278,6194059200
21,14,280,6466370400
21,14,282,4814006400
21,14,284,2485576800
21,14,286,5030764200
21,14,288,2366733600
21,14,290,2721297600
21,14,292,559137600
21,14,294,1495897200
21,14,296,251294400
21,14,298,1025287200
21,14,300,398563200
21,14,302,239406300
21,14,304,1187978400
21,14,306,63655200
21,14,308,692193600
21,14,312,277200
21,14,318,16745400
21,15,211,4233600
21,15,213,75600
21,15,215,8467200
21,15,217,3326400
21,15,219,5518800
21,15,221,4082400
21,15,223,11491200
21,15,225,8920800
21,15,227,26308800
21,15,229,43961400
21,15,231,39916800
21,15,233,41277600
21,15,235,73861200
21,15,237,70144200
21,15,239,105688800
21,15,241,192099600
21,15,243,127159200
21,15,245,207597600
21,15,247,205934400
21,15,249,366660000
21,15,251,425930400
21,15,253,545378400
21,15,255,720679680
21,15,257,674427600
21,15,259,760233600
21,15,261,1199847600
21,15,263,1105045200
21,15,265,1810998000
21,15,267,1655766000
21,15,269,2097522000
21,15,271,2594894400
21,15,273,2877714000
21,15,275,3043391400
21,15,277,4669812000
21,15,279,4171381200
21,15,281,4622335200
21,15,283,4718952000
21,15,285,6132142800
21,15,287,5057942400
21,15,289,5486292000
21,15,291,5590317600
21,15,293,6378598800
21,15,295,6482662200
21,15,297,7757618400
21,15,299,5220936000
21,15,301,7574439600
21,15,303,5687841600
21,15,305,7485609600
21,15,307,5572476000
21,15,309,5736906000
21,15,311,4884516000
21,15,313,6137737200
21,15,315,3357169200
21,15,317,4042332000
21,15,319,2423887200
21,15,321,4440630600
21,15,323,1847739600
21,15,325,1863872640
21,15,327,876808800
21,15,329,1593572400
21,15,331,831373200
21,15,333,2529311400
21,15,335,1314230400
21,15,337,555206400
21,15,339,729162000
21,15,341,658929600
21,15,343,2872800
21,15,345,190247400
21,15,347,101228400
21,15,359,1285200
21,15,361,642600
21,16,240,604800
21,16,244,907200
21,16,248,1587600
21,16,250,453600
21,16,252,2173500
21,16,256,4989600
21,16,258,4422600
21,16,260,5140800
21,16,262,3099600
21,16,264,13570200
21,16,266,5745600
21,16,268,13910400
21,16,270,21961800
21,16,272,30996000
21,16,274,30164400
21,16,276,51483600
21,16,278,28576800
21,16,280,67057200
21,16,282,51508800
21,16,284,72727200
21,16,286,77716800
21,16,288,178524675
21,16,290,119523600
21,16,292,233226000
21,16,294,197013600
21,16,296,247590000
21,16,298,323643600
21,16,300,384010200
21,16,302,444868200
21,16,304,663957000
21,16,306,552447000
21,16,308,878774400
21,16,310,813002400
21,16,312,961581600
21,16,314,1069362000
21,16,316,1506708000
21,16,318,1179070200
21,16,320,1825031250
21,16,322,1604647800
21,16,324,2206215900
21,16,326,2499033600
21,16,328,3224030040
21,16,330,2542075200
21,16,332,3325114800
21,16,334,2733544800
21,16,336,3341898000
21,16,338,3034054800
21,16,340,3068188200
21,16,342,2890036800
21,16,344,4350137400
21,16,346,1957964400
21,16,348,3340446480
21,16,350,2508408000
21,16,352,3439346400
21,16,354,2506593600
21,16,356,2130483600
21,16,358,2051935200
21,16,360,2917408725
21,16,362,1569985200
21,16,364,1521979200
21,16,366,1784059200
21,16,368,1788370920
21,16,370,1439424000
21,16,372,910576800
21,16,374,538045200
21,16,376,233944200
21,16,378,165110400
21,16,380,41731200
21,16,382,625514400
21,16,384,44226000
21,16,386,15573600
21,16,388,1587600
21,16,390,109242000
21,16,392,463050
21,16,396,84898800
21,16,402,25200
21,16,404,75600
21,16,408,657720
21,17,273,516600
21,17,277,302400
21,17,285,50400
21,17,289,1436400
21,17,293,151200
21,17,295,869400
21,17,297,680400
21,17,299,907200
21,17,301,1587600
21,17,303,957600
21,17,305,37800
21,17,307,4838400
21,17,309,10558800
21,17,311,3175200
21,17,313,6501600
21,17,315,9374400
21,17,317,4536000
21,17,319,21470400
21,17,321,14666400
21,17,323,16329600
21,17,325,19807200
21,17,327,22780800
21,17,329,37989000
21,17,331,73634400
21,17,333,51765000
21,17,335,52617600
21,17,337,56397600
21,17,339,133963200
21,17,341,128671200
21,17,343,137100600
21,17,345,136861200
21,17,347,230126400
21,17,349,231260400
21,17,351,273483000
21,17,353,315705600
21,17,355,375157440
21,17,357,426081600
21,17,359,608277600
21,17,361,468871200
21,17,363,628236000
21,17,365,793497600
21,17,367,700660800
21,17,369,525306600
21,17,371,910526400
21,17,373,1164255120
21,17,375,1519464240
21,17,377,1241956800
21,17,379,1323302400
21,17,381,1325293200
21,17,383,1610128800
21,17,385,1147041000
21,17,387,1686333600
21,17,389,1412737200
21,17,391,1473444000
21,17,393,1245162240
21,17,395,1339042320
21,17,397,1449592200
21,17,399,1918992600
21,17,401,896616000
21,17,403,1165525200
21,17,405,944634600
21,17,407,648307800
21,17,409,926780400
21,17,411,651747600
21,17,413,682063200
21,17,415,173638080
21,17,417,392704200
21,17,419,123076800
21,17,421,449744400
21,17,423,8278200
21,17,425,224078400
21,17,427,6501600
21,17,429,367038000
21,17,431,3024000
21,17,433,56707560
21,17,435,296881200
21,17,437,37800
21,17,439,680400
21,17,455,136080
21,18,304,75600
21,18,306,50400
21,18,308,37800
21,18,310,75600
21,18,324,37800
21,18,328,75600
21,18,330,75600
21,18,332,75600
21,18,336,302400
21,18,340,453600
21,18,342,504000
21,18,346,302400
21,18,348,151200
21,18,350,151200
21,18,352,5594400
21,18,354,352800
21,18,356,37800
21,18,358,4082400
21,18,360,1908900
21,18,362,1058400
21,18,364,6879600
21,18,366,3931200
21,18,368,756000
21,18,370,14968800
21,18,372,6350400
21,18,374,13834800
21,18,376,4838400
21,18,378,11201400
21,18,380,9374400
21,18,382,40824000
21,18,384,8316000
21,18,386,48308400
21,18,388,48384000
21,18,390,64411200
21,18,392,97675200
21,18,394,135399600
21,18,396,79115400
21,18,398,123228000
21,18,400,136080000
21,18,402,180306000
21,18,404,159213600
21,18,406,243772200
21,18,408,181666800
21,18,410,288716400
21,18,412,324928800
21,18,414,261538200
21,18,416,301190400
21,18,418,353732400
21,18,420,316839600
21,18,422,572216400
21,18,424,575769600
21,18,426,405216000
21,18,428,235342800
21,18,430,755962200
21,18,432,477073800
21,18,434,770288400
21,18,436,616291200
21,18,438,878169600
21,18,440,289623600
21,18,442,956037600
21,18,444,514684800
21,18,446,534945600
21,18,448,316990800
21,18,450,630050400
21,18,452,191570400
21,18,454,481269600
21,18,456,505990800
21,18,458,162388800
21,18,460,162842400
21,18,462,253864800
21,18,464,183103200
21,18,466,190965600
21,18,468,317520000
21,18,470,237686400
21,18,472,4082400
21,18,474,38934000
21,18,476,111585600
21,18,478,32205600
21,18,480,2041200
21,19,387,302400
21,19,397,907200
21,19,401,907200
21,19,403,907200
21,19,405,907200
21,19,409,1814400
21,19,417,6350400
21,19,419,907200
21,19,421,1360800
21,19,423,1663200
21,19,425,5443200
21,19,427,151200
21,19,429,7446600
21,19,431,6577200
21,19,433,22528800
21,19,435,5670000
21,19,437,12700800
21,19,439,8391600
21,19,441,41164200
21,19,443,17539200
21,19,445,24494400
21,19,447,52239600
21,19,449,97524000
21,19,451,57304800
21,19,453,62168400
21,19,455,81950400
21,19,457,97826400
21,19,459,135172800
21,19,461,92610000
21,19,463,191721600
21,19,465,158911200
21,19,467,97675200
21,19,469,143413200
21,19,471,175291200
21,19,473,144925200
21,19,475,151804800
21,19,477,132451200
21,19,479,229446000
21,19,481,129404520
21,19,483,173199600
21,19,485,163900800
21,19,487,509241600
21,19,489,104554800
21,19,491,322509600
21,19,493,198147600
21,19,495,148780800
21,19,497,251218800
21,19,499,249253200
21,19,501,131090400
21,19,503,176828400
21,19,505,195804000
21,19,507,92950200
21,19,509,92988000
21,19,511,46267200
21,19,513,381250800
21,19,515,52617600
21,19,517,11566800
21,19,519,5443200
21,19,521,8164800
21,19,525,124664400
21,19,529,75600
21,19,531,2469600
21,19,561,840
21,20,360,3150
21,20,432,103950
21,20,442,302400
21,20,444,453600
21,20,454,453600
21,20,456,75600
21,20,462,302400
21,20,464,453600
21,20,466,756000
21,20,468,1323000
21,20,470,90720
21,20,474,1058400
21,20,476,1814400
21,20,478,453600
21,20,482,2721600
21,20,484,2324700
21,20,486,2419200
21,20,488,1512000
21,20,490,6048000
21,20,494,4536000
21,20,496,11793600
21,20,498,37875600
21,20,500,18862200
21,20,502,10886400
21,20,504,10155600
21,20,506,33188400
21,20,508,40672800
21,20,510,71782200
21,20,512,34020000
21,20,514,36590400
21,20,516,24948000
21,20,518,48232800
21,20,520,63504000
21,20,522,115113600
21,20,524,33415200
21,20,526,117784800
21,20,528,77200200
21,20,530,36741600
21,20,532,68304600
21,20,534,69249600
21,20,536,56851200
21,20,538,114760800
21,20,540,47023200
21,20,542,30391200
21,20,544,149914800
21,20,546,124362000
21,20,548,9298800
21,20,550,192780000
21,20,552,56548800
21,20,554,106822800
21,20,556,222717600
21,20,558,36943200
21,20,560,44452800
21,20,562,90720000
21,20,564,453600
21,20,566,907200
21,20,568,44452800
21,20,570,302400
21,20,572,44452800
21,20,582,151200
21,20,600,5178600
21,21,483,50400
21,21,513,756000
21,21,523,907200
21,21,525,453600
21,21,531,466200
21,21,535,1814400
21,21,537,2570400
21,21,539,583200
21,21,543,529200
21,21,547,226800
21,21,549,1512000
21,21,551,907200
21,21,553,302400
21,21,555,9513000
21,21,557,1814400
21,21,559,907200
21,21,561,18522000
21,21,563,9109800
21,21,565,9601200
21,21,567,6804000
21,21,569,2721600
21,21,571,10206000
21,21,573,38102400
21,21,575,3628800
21,21,577,50047200
21,21,579,19278000
21,21,581,20638800
21,21,583,11491200
21,21,585,71895600
21,21,587,29937600
21,21,589,23133600
21,21,591,43318800
21,21,593,24796800
21,21,595,29786400
21,21,597,43545600
21,21,599,12700800
21,21,601,9072000
21,21,603,97957440
21,21,605,10999800
21,21,607,1814400
21,21,609,1814400
21,21,611,4082400
21,21,613,907200
21,21,615,1360800
21,21,617,1814400
21,21,621,907200
21,21,623,2237760
21,21,643,30353400
21,22,582,453600
21,22,590,907200
21,22,592,453600
21,22,596,907200
21,22,598,1134000
21,22,600,604800
21,22,602,453600
21,22,604,907200
21,22,606,75600
21,22,608,1814400
21,22,610,1958040
21,22,614,907200
21,22,616,226800
21,22,618,1474200
21,22,620,3855600
21,22,622,17690400
21,22,624,453600
21,22,628,15120
21,22,630,4747680
21,22,632,7711200
21,22,634,7711200
21,22,638,19391400
21,22,640,30844800
21,22,642,4536000
21,22,646,42695100
21,22,648,16068780
21,22,650,15558480
21,22,654,7730100
21,22,658,15422400
21,22,660,642600
21,22,666,51004800
21,22,668,680400
21,22,670,11264400
21,22,678,1285200
21,22,684,4124400
21,22,686,13041000
21,22,688,14817600
21,22,690,1852200
21,23,645,302400
21,23,651,75600
21,23,655,1814400
21,23,661,453600
21,23,665,1134000
21,23,667,453600
21,23,669,957600
21,23,673,2041200
21,23,679,1058400
21,23,681,756000
21,23,683,453600
21,23,687,306600
21,23,689,907200
21,23,691,1360800
21,23,693,907200
21,23,699,5707800
21,23,701,75600
21,23,705,17992800
21,23,711,15472800
21,23,713,907200
21,23,715,604800
21,23,717,8316000
21,23,719,2721600
21,23,723,2570400
21,23,729,75600
21,23,731,907200
21,23,733,1134000
21,23,735,1688400
21,23,737,302400
21,23,741,16459800
21,24,636,210
21,24,696,5040
21,24,720,226800
21,24,724,907200
21,24,726,907200
21,24,728,453600
21,24,732,226800
21,24,738,453600
21,24,740,2041200
21,24,742,302400
21,24,744,1377600
21,24,748,453600
21,24,750,50400
21,24,752,453600
21,24,754,907200
21,24,756,1001700
21,24,764,151200
21,24,766,151200
21,24,768,151200
21,24,774,2570400
21,24,784,2721600
21,24,788,7711200
21,24,792,2570400
21,25,783,226800
21,25,795,907200
21,25,807,1360800
21,25,813,75600
21,25,819,907200
21,25,825,680400
21,25,831,2910600
21,25,849,50400
21,26,870,302400
21,26,878,453600
21,26,882,25200
21,26,886,113400
21,26,890,226800
21,26,898,226800
21,26,906,25200
21,26,912,2759400
21,27,953,151200
21,27,955,37800
21,27,961,302400
21,27,967,226800
21,30,1180,60480
21,35,1575,120
22,0,0,347760
22,1,3,277200
22,2,8,151200
22,2,10,4914000
22,3,13,4536000
22,3,17,756000
22,3,19,6350400
22,3,21,16105320
22,4,16,907200
22,4,18,907200
22,4,20,19051200
22,4,22,9979200
22,4,24,21432600
22,4,26,6350400
22,4,28,13003200
22,4,30,12801600
22,4,32,33075000
22,4,36,16153200
22,5,25,9072000
22,5,27,11793600
22,5,29,37497600
22,5,31,65923200
22,5,33,70761600
22,5,35,103950000
22,5,37,88905600
22,5,39,26233200
22,5,41,134114400
22,5,43,20109600
22,5,45,23133600
22,5,47,97675200
22,5,49,15120000
22,5,51,3175200
22,5,55,4793040
22,6,34,9979200
22,6,36,36288000
22,6,38,135626400
22,6,40,169117200
22,6,42,286183800
22,6,44,234964800
22,6,46,482309100
22,6,48,247212000
22,6,50,395274600
22,6,52,260971200
22,6,54,308674800
22,6,56,96163200
22,6,58,346852800
22,6,60,22982400
22,6,62,43092000
22,6,64,87544800
22,6,66,154576800
22,6,68,22150800
22,6,70,21772800
22,6,78,277200
22,7,45,1814400
22,7,47,72576000
22,7,49,303912000
22,7,51,560952000
22,7,53,769381200
22,7,55,1073444400
22,7,57,1296237600
22,7,59,1120316400
22,7,61,1752030000
22,7,63,1367452800
22,7,65,975844800
22,7,67,839311200
22,7,69,934491600
22,7,71,753580800
22,7,73,810432000
22,7,75,541598400
22,7,77,225741600
22,7,79,181137600
22,7,81,91022400
22,7,83,121716000
22,7,85,378302400
22,7,87,145252800
22,7,89,87696000
22,7,93,24456600
22,7,105,360
22,8,60,128822400
22,8,62,377848800
22,8,64,1220108400
22,8,66,2121373800
22,8,68,2915740800
22,8,70,3456280800
22,8,72,3926739600
22,8,74,4706553600
22,8,76,4379186700
22,8,78,4286368800
22,8,80,3727590300
22,8,82,2863501200
22,8,84,3217158000
22,8,86,1961668800
22,8,88,2457831600
22,8,90,2364768000
22,8,92,1800036000
22,8,94,992174400
22,8,96,1274956200
22,8,98,525117600
22,8,100,570326400
22,8,102,741636000
22,8,104,439247340
22,8,106,346852800
22,8,108,448686000
22,8,110,55036800
22,8,112,103458600
22,8,114,18748800
22,8,116,82177200
22,8,120,2740500
22,9,75,135324000
22,9,77,640143000
22,9,79,1926363600
22,9,81,3783817800
22,9,83,5583438000
22,9,85,7947903600
22,9,87,8799915600
22,9,89,10101672000
22,9,91,10196852400
22,9,93,11690028000
22,9,95,9570506400
22,9,97,10226487600
22,9,99,8238963600
22,9,101,7944652800
22,9,103,7580260800
22,9,105,7091128800
22,9,107,5615265600
22,9,109,6728853600
22,9,111,3975274800
22,9,113,3614662800
22,9,115,3246037200
22,9,117,2068869600
22,9,119,2316081600
22,9,121,2236701600
22,9,123,1391871600
22,9,125,1134302400
22,9,127,583480800
22,9,129,601624800
22,9,131,723567600
22,9,133,292874400
22,9,135,543891600
22,9,137,150897600
22,9,139,24948000
22,9,141,140464800
22,9,143,90795600
22,9,151,15120
22,10,90,2721600
22,10,92,44566200
22,10,94,556113600
22,10,96,1813039200
22,10,98,3948361200
22,10,100,7186536000
22,10,102,10274342400
22,10,104,12415636800
22,10,106,17229996000
22,10,108,17680874400
22,10,110,19729861200
22,10,112,19674673200
22,10,114,21177475200
22,10,116,17528313600
22,10,118,19218899700
22,10,120,16680160980
22,10,122,18769041900
22,10,124,14996923200
22,10,126,15306429600
22,10,128,11867990400
22,10,130,13535272800
22,10,132,9519955200
22,10,134,9056048400
22,10,136,6824412000
22,10,138,7173961200
22,10,140,4940233200
22,10,142,5277862800
22,10,144,4176900000
22,10,146,2909390400
22,10,148,2909844000
22,10,150,1802984400
22,10,152,1329274800
22,10,154,1048609800
22,10,156,1743134400
22,10,158,1545868800
22,10,160,669362400
22,10,162,1134000000
22,10,164,45360000
22,10,166,147457800
22,10,168,21999600
22,10,170,72666720
22,10,174,47476800
22,11,111,13608000
22,11,113,251521200
22,11,115,956869200
22,11,117,2769681600
22,11,119,4215985200
22,11,121,8435826000
22,11,123,11448712800
22,11,125,16104841200
22,11,127,18828784800
22,11,129,23446281600
22,11,131,23066467200
22,11,133,29229492600
22,11,135,26729892000
22,11,137,29435389200
22,11,139,27377028000
22,11,141,31139035200
22,11,143,25376349600
22,11,145,29853759600
22,11,147,24847830000
22,11,149,27068164200
22,11,151,19807200000
22,11,153,21249370800
22,11,155,16820244000
22,11,157,18159951600
22,11,159,12950733600
22,11,161,15095959200
22,11,163,11469956400
22,11,165,9632574000
22,11,167,7443273600
22,11,169,9626223600
22,11,171,5350212000
22,11,173,5097103200
22,11,175,4955277600
22,11,177,3633436800
22,11,179,2884291200
22,11,181,3039120000
22,11,183,3488184000
22,11,185,2293401600
22,11,187,1567792800
22,11,189,1411300800
22,11,191,182800800
22,11,193,827139600
22,11,195,6652800
22,11,197,326062800
22,11,199,4536000
22,11,201,1512000
22,11,203,2419200
22,11,205,127461600
22,11,207,11642400
22,11,209,264600
22,12,132,25515000
22,12,134,85276800
22,12,136,439765200
22,12,138,926704800
22,12,140,1999242000
22,12,142,3658132800
22,12,144,6192509400
22,12,146,8485192800
22,12,148,11843023500
22,12,150,14749257600
22,12,152,17356049550
22,12,154,20895310800
22,12,156,23813244000
22,12,158,26034523200
22,12,160,28975068360
22,12,162,31508341200
22,12,164,31887626400
22,12,166,33332644800
22,12,168,33672529800
22,12,170,31436748000
22,12,172,33230887200
22,12,174,31158136800
22,12,176,29893865400
22,12,178,28412067600
22,12,180,26712768600
22,12,182,24721275600
22,12,184,24619896000
22,12,186,19327593600
22,12,188,19706047200
22,12,190,16308129600
22,12,192,15045483600
22,12,194,12241605600
22,12,196,13428147600
22,12,198,11289272400
22,12,200,10776409560
22,12,202,9001087200
22,12,204,7228090800
22,12,206,5345373600
22,12,208,6186877200
22,12,210,4450420800
22,12,212,4964047200
22,12,214,3210278400
22,12,216,3130066800
22,12,218,1087732800
22,12,220,2521139040
22,12,222,586353600
22,12,224,567453600
22,12,226,374976000
22,12,228,259988400
22,12,230,150595200
22,12,232,54432000
22,12,234,116575200
22,12,236,100699200
22,12,238,73785600
22,12,240,25819920
22,13,155,10886400
22,13,157,44906400
22,13,159,92534400
22,13,161,387374400
22,13,163,706406400
22,13,165,1187600400
22,13,167,1668038400
22,13,169,3005961840
22,13,171,3809347920
22,13,173,5984722800
22,13,175,6647508000
22,13,177,9597344400
22,13,179,10952761680
22,13,181,14855853600
22,13,183,15408981000
22,13,185,19933981200
22,13,187,20347475400
22,13,189,24223941000
22,13,191,22631729400
22,13,193,28904299200
22,13,195,26835757200
22,13,197,31509853200
22,13,199,29489972400
22,13,201,30475494000
22,13,203,28444915800
22,13,205,32469066000
22,13,207,26893452600
22,13,209,28870279200
22,13,211,27556048800
22,13,213,25741094400
22,13,215,20831504400
22,13,217,23024206800
22,13,219,21838118400
22,13,221,19966791600
22,13,223,19242997200
22,13,225,17799112800
22,13,227,16138785600
22,13,229,16374204000
22,13,231,11371600800
22,13,233,10530664200
22,13,235,10456160400
22,13,237,8263130400
22,13,239,5877333000
22,13,241,7572549600
22,13,243,6258772800
22,13,245,4182796800
22,13,247,4772023200
22,13,249,2451556800
22,13,251,2130030000
22,13,253,1322848800
22,13,255,1936758600
22,13,257,664675200
22,13,259,489313440
22,13,261,10634400
22,13,263,871592400
22,13,265,425325600
22,13,267,63352800
22,13,269,71683920
22,13,271,1980720
22,13,273,69753600
22,13,275,4536000
22,13,279,19585440
22,14,178,283500
22,14,180,2041200
22,14,182,6331500
22,14,184,39841200
22,14,186,98028000
22,14,188,203590800
22,14,190,310640400
22,14,192,517406400
22,14,194,717292800
22,14,196,1067653440
22,14,198,1500130800
22,14,200,1737892800
22,14,202,2743826400
22,14,204,3216124800
22,14,206,3841462800
22,14,208,5228344800
22,14,210,6519625200
22,14,212,7176708000
22,14,214,9133954200
22,14,216,10187478000
22,14,218,12470333400
22,14,220,14176209600
22,14,222,16750099800
22,14,224,16786602000
22,14,226,19992420000
22,14,228,19453442400
22,14,230,20786295600
22,14,232,21860344800
22,14,234,23164293600
22,14,236,23217705000
22,14,238,24084307800
22,14,240,22798994400
22,14,242,23014908000
22,14,244,21633166800
22,14,246,24659623800
22,14,248,21765466800
22,14,250,22986633600
22,14,252,19555074000
22,14,254,19317614400
22,14,256,17225157600
22,14,258,19491494400
22,14,260,14968044000
22,14,262,15998320800
22,14,264,13168008000
22,14,266,11026033200
22,14,268,11171336400
22,14,270,9901861200
22,14,272,9035447400
22,14,274,8301333600
22,14,276,6101852400
22,14,278,5352971400
22,14,280,5831481600
22,14,282,3831975000
22,14,284,2288714400
22,14,286,3936038400
22,14,288,1748779200
22,14,290,1926741600
22,14,292,380268000
22,14,294,1146096000
22,14,296,217743120
22,14,298,564732000
22,14,300,214237800
22,14,302,193725000
22,14,304,481950000
22,14,306,49593600
22,14,308,338385600
22,14,312,163800
22,14,318,17161200
22,15,209,907200
22,15,211,20865600
22,15,213,17539200
22,15,215,66830400
22,15,217,97599600
22,15,219,114962400
22,15,221,155736000
22,15,223,225892800
22,15,225,288036000
22,15,227,406425600
22,15,229,713664000
22,15,231,513550800
22,15,233,827290800
22,15,235,1035568800
22,15,237,1300559400
22,15,239,1446606000
22,15,241,2374142400
22,15,243,2114078400
22,15,245,3171949200
22,15,247,3295630800
22,15,249,4865086800
22,15,251,5070567600
22,15,253,6880280400
22,15,255,7005050640
22,15,257,8153989200
22,15,259,8467011000
22,15,261,11282544000
22,15,263,10525825800
22,15,265,13515881400
22,15,267,11859485400
22,15,269,14549144400
22,15,271,14466589200
22,15,273,15598850400
22,15,275,14408604000
22,15,277,18907862400
22,15,279,15774015600
22,15,281,16882992000
22,15,283,15208149600
22,15,285,18527191200
22,15,287,14732058600
22,15,289,15278004000
22,15,291,13809549600
22,15,293,15605578800
22,15,295,13679290800
22,15,297,15405314400
22,15,299,9587440800
22,15,301,13287002400
22,15,303,9548733600
22,15,305,11648221200
22,15,307,7973154000
22,15,309,8490636000
22,15,311,6385629600
22,15,313,7875176400
22,15,315,4153010400
22,15,317,5338418400
22,15,319,2719785600
22,15,321,4551195600
22,15,323,1716120000
22,15,325,1996822800
22,15,327,643204800
22,15,329,1389452400
22,15,331,549990000
22,15,333,1889735400
22,15,335,1080172800
22,15,337,401436000
22,15,339,603514800
22,15,341,468115200
22,15,343,2419200
22,15,345,157815000
22,15,347,86486400
22,15,359,1512000
22,15,361,793800
22,16,236,756000
22,16,238,453600
22,16,240,11793600
22,16,242,1360800
22,16,244,20638800
22,16,246,6199200
22,16,248,25099200
22,16,250,20260800
22,16,252,42033600
22,16,254,25855200
22,16,256,83538000
22,16,258,97070400
22,16,260,95482800
22,16,262,140918400
22,16,264,198235800
22,16,266,215460000
22,16,268,251974800
22,16,270,410659200
22,16,272,396068400
22,16,274,590511600
22,16,276,722660400
22,16,278,743677200
22,16,280,845888400
22,16,282,1146272400
22,16,284,1343109600
22,16,286,1663729200
22,16,288,2207444400
22,16,290,2490415200
22,16,292,2899864800
22,16,294,3330028800
22,16,296,3679074000
22,16,298,4574178000
22,16,300,5026908600
22,16,302,5607478800
22,16,304,6274648800
22,16,306,6908365800
22,16,308,8256880800
22,16,310,7707268800
22,16,312,8407400400
22,16,314,9117964800
22,16,316,9356426100
22,16,318,8707582800
22,16,320,10257559200
22,16,322,9511236000
22,16,324,10297476000
22,16,326,11255479200
22,16,328,11501179200
22,16,330,9698875200
22,16,332,11192693400
22,16,334,9420969600
22,16,336,9937771200
22,16,338,9135352800
22,16,340,8532745200
22,16,342,7527189600
22,16,344,9189028800
22,16,346,5004115200
22,16,348,6543142200
22,16,350,4888976400
22,16,352,6073174800
22,16,354,4177807200
22,16,356,3388845600
22,16,358,2818670400
22,16,360,3989235600
22,16,362,2047248000
22,16,364,2049969600
22,16,366,2200917600
22,16,368,2268151200
22,16,370,1456585200
22,16,372,1166659200
22,16,374,488451600
22,16,376,274654800
22,16,378,191217600
22,16,380,41731200
22,16,382,489283200
22,16,384,57909600
22,16,386,15422400
22,16,388,2116800
22,16,390,94928400
22,16,396,31389750
22,16,408,1033200
22,17,271,907200
22,17,273,1663200
22,17,275,1814400
22,17,277,3780000
22,17,279,2268000
22,17,283,8467200
22,17,285,1612800
22,17,287,4611600
22,17,289,19807200
22,17,291,18068400
22,17,293,11037600
22,17,295,29257200
22,17,297,21243600
22,17,299,51105600
22,17,301,48837600
22,17,303,61311600
22,17,305,40672800
22,17,307,141825600
22,17,309,137314800
22,17,311,148478400
22,17,313,175543200
22,17,315,254961000
22,17,317,211831200
22,17,319,357436800
22,17,321,360990000
22,17,323,490946400
22,17,325,513475200
22,17,327,594846000
22,17,329,743299200
22,17,331,1072083600
22,17,333,1033552800
22,17,335,1120165200
22,17,337,1317481200
22,17,339,2005290000
22,17,341,2075220000
22,17,343,2344129200
22,17,345,2392261200
22,17,347,3015910800
22,17,349,3065353200
22,17,351,3492581400
22,17,353,4112753400
22,17,355,4090973040
22,17,357,4925566800
22,17,359,4991868000
22,17,361,5366617200
22,17,363,5429730600
22,17,365,6225735600
22,17,367,5278845600
22,17,369,5222170800
22,17,371,5529308400
22,17,373,6498387000
22,17,375,6144768000
22,17,377,5893549200
22,17,379,5521597200
22,17,381,5718837600
22,17,383,5469206400
22,17,385,4454881200
22,17,387,4986601200
22,17,389,4550137200
22,17,391,4289014800
22,17,393,3430123200
22,17,395,3438046080
22,17,397,3217082400
22,17,399,3809131200
22,17,401,1931428800
22,17,403,2271326400
22,17,405,1589162400
22,17,407,1164466800
22,17,409,1261461600
22,17,411,866376000
22,17,413,928065600
22,17,415,277996320
22,17,417,476910000
22,17,419,149083200
22,17,421,570628800
22,17,423,12096000
22,17,425,291664800
22,17,427,10130400
22,17,429,240609600
22,17,431,4914000
22,17,433,79380000
22,17,435,226195200
22,17,439,1209600
22,17,455,241920
22,18,304,907200
22,18,306,705600
22,18,308,453600
22,18,310,907200
22,18,312,907200
22,18,316,1814400
22,18,318,453600
22,18,320,151200
22,18,322,1360800
22,18,324,3194100
22,18,326,151200
22,18,328,5745600
22,18,330,5544000
22,18,332,7257600
22,18,334,4838400
22,18,336,6350400
22,18,338,5745600
22,18,340,19882800
22,18,342,14880600
22,18,344,22150800
22,18,346,26762400
22,18,348,39463200
22,18,350,27518400
22,18,352,87393600
22,18,354,35733600
22,18,356,58363200
22,18,358,105651000
22,18,360,108864000
22,18,362,68644800
22,18,364,188395200
22,18,366,170667000
22,18,368,171423000
22,18,370,320317200
22,18,372,299073600
22,18,374,330296400
22,18,376,346550400
22,18,378,376954200
22,18,380,432091800
22,18,382,685011600
22,18,384,488224800
22,18,386,870949800
22,18,388,871365600
22,18,390,1046077200
22,18,392,1207558800
22,18,394,1722111300
22,18,396,1213417800
22,18,398,1761933600
22,18,400,1714230000
22,18,402,2211262200
22,18,404,1920602880
22,18,406,2590736400
22,18,408,2256811200
22,18,410,2837646000
22,18,412,3080926800
22,18,414,2720277000
22,18,416,2854958400
22,18,418,3160306800
22,18,420,2774293200
22,18,422,3174784200
22,18,424,3193434720
22,18,426,2667387240
22,18,428,2018293200
22,18,430,3265050600
22,18,432,2405251800
22,18,434,3020068800
22,18,436,2413530000
22,18,438,2815533000
22,18,440,1192212000
22,18,442,2791492200
22,18,444,1431622080
22,18,446,1468908000
22,18,448,763030800
22,18,450,1502739000
22,18,452,448534800
22,18,454,1051520400
22,18,456,760384800
22,18,458,335115900
22,18,460,256737600
22,18,462,423360000
22,18,464,235872000
22,18,466,252231840
22,18,468,471592800
22,18,470,294235200
22,18,472,7786800
22,18,474,60517800
22,18,476,142128000
22,18,478,44679600
22,18,480,3628800
22,18,482,151200
22,18,484,30240
22,18,486,75600
22,18,488,151200
22,18,504,15120
22,18,506,7560
22,19,339,37800
22,19,341,302400
22,19,345,302400
22,19,349,302400
22,19,351,151200
22,19,363,226800
22,19,365,453600
22,19,369,529200
22,19,371,831600
22,19,373,604800
22,19,375,1209600
22,19,377,2721600
22,19,379,1360800
22,19,381,4006800
22,19,383,907200
22,19,385,6501600
22,19,387,6123600
22,19,389,756000
22,19,391,9374400
22,19,393,11113200
22,19,395,6955200
22,19,397,25099200
22,19,399,11907000
22,19,401,27178200
22,19,403,27216000
22,19,405,38707200
22,19,407,24192000
22,19,409,59648400
22,19,411,34776000
22,19,413,64411200
22,19,415,65091600
22,19,417,164808000
22,19,419,86335200
22,19,421,132814080
22,19,423,127764000
22,19,425,229068000
22,19,427,156189600
22,19,429,261122400
22,19,431,199584000
22,19,433,402494400
22,19,435,252806400
22,19,437,390285000
22,19,439,312984000
22,19,441,664561800
22,19,443,390322800
22,19,445,516801600
22,19,447,635455800
22,19,449,1106406000
22,19,451,788130000
22,19,453,865267200
22,19,455,855111600
22,19,457,1228046400
22,19,459,1324020600
22,19,461,1048420800
22,19,463,1327384800
22,19,465,1606046400
22,19,467,1076166000
22,19,469,1383555600
22,19,471,1447362000
22,19,473,1459080000
22,19,475,1448042400
22,19,477,1310601600
22,19,479,1319522400
22,19,481,1170839880
22,19,483,1022401800
22,19,485,864410400
22,19,487,1880474400
22,19,489,738990000
22,19,491,976298400
22,19,493,760536000
22,19,495,535852800
22,19,497,735966000
22,19,499,702475200
22,19,501,377395200
22,19,503,473936400
22,19,505,535852800
22,19,507,188874000
22,19,509,255830400
22,19,511,127764000
22,19,513,482554800
22,19,515,122018400
22,19,517,31525200
22,19,519,10584000
22,19,521,14515200
22,19,523,151200
22,19,525,164354400
22,19,527,453600
22,19,529,680400
22,19,531,5922000
22,19,561,7560
22,20,360,25200
22,20,382,75600
22,20,384,50400
22,20,390,12600
22,20,396,75600
22,20,402,100800
22,20,406,75600
22,20,414,151200
22,20,420,100800
22,20,424,151200
22,20,426,1058400
22,20,428,151200
22,20,430,75600
22,20,432,2746800
22,20,436,453600
22,20,438,1827000
22,20,440,2721600
22,20,442,4838400
22,20,444,11390400
22,20,446,2948400
22,20,450,11340000
22,20,452,982800
22,20,454,10281600
22,20,456,11264400
22,20,458,12549600
22,20,460,7711200
22,20,462,26812800
22,20,464,22377600
22,20,466,28879200
22,20,468,44440200
22,20,470,36847440
22,20,472,28841400
22,20,474,53676000
22,20,476,78378300
22,20,478,102211200
22,20,480,100245600
22,20,482,130107600
22,20,484,98185500
22,20,486,148150800
22,20,488,149385600
22,20,490,226951200
22,20,492,146664000
22,20,494,175240800
22,20,496,300434400
22,20,498,391104000
22,20,500,327272400
22,20,502,249177600
22,20,504,251773200
22,20,506,374220000
22,20,508,464486400
22,20,510,630882000
22,20,512,418975200
22,20,514,404006400
22,20,516,366307200
22,20,518,430920000
22,20,520,651672000
22,20,522,873180000
22,20,524,346852800
22,20,526,937440000
22,20,528,622263600
22,20,530,400226400
22,20,532,553996800
22,20,534,544773600
22,20,536,426610800
22,20,538,625665600
22,20,540,350179200
22,20,542,275486400
22,20,544,469778400
22,20,546,480589200
22,20,548,100094400
22,20,550,520732800
22,20,552,181918800
22,20,554,300510000
22,20,556,515289600
22,20,558,118616400
22,20,560,104611500
22,20,562,221356800
22,20,564,4914000
22,20,566,9072000
22,20,568,102740400
22,20,570,3024000
22,20,572,103420800
22,20,576,18900
22,20,582,1360800
22,20,600,2898000
22,21,399,12600
22,21,459,75600
22,21,465,75600
22,21,471,126000
22,21,477,75600
22,21,483,529200
22,21,485,907200
22,21,489,907200
22,21,491,1814400
22,21,493,226800
22,21,495,1058400
22,21,499,3628800
22,21,501,252000
22,21,503,1814400
22,21,505,1814400
22,21,507,252000
22,21,509,1814400
22,21,511,7257600
22,21,513,12852000
22,21,515,12700800
22,21,517,3628800
22,21,519,5972400
22,21,521,6350400
22,21,523,41277600
22,21,525,18244800
22,21,527,28425600
22,21,529,19807200
22,21,531,48825000
22,21,533,38253600
22,21,535,72727200
22,21,537,87091200
22,21,539,79201800
22,21,541,49442400
22,21,543,103798800
22,21,545,63806400
22,21,547,100018800
22,21,549,87318000
22,21,551,108864000
22,21,553,73180800
22,21,555,168399000
22,21,557,106142400
22,21,559,128709000
22,21,561,192364200
22,21,563,182838600
22,21,565,129351600
22,21,567,163501200
22,21,569,97221600
22,21,571,194896800
22,21,573,284709600
22,21,575,115970400
22,21,577,388735200
22,21,579,176337000
22,21,581,231033600
22,21,583,160952400
22,21,585,471290400
22,21,587,263692800
22,21,589,199584000
22,21,591,308221200
22,21,593,244490400
22,21,595,219240000
22,21,597,299829600
22,21,599,126705600
22,21,601,82101600
22,21,603,319410000
22,21,605,106255800
22,21,607,17539200
22,21,609,18144000
22,21,611,36741600
22,21,613,8164800
22,21,615,13305600
22,21,617,16329600
22,21,621,8164800
22,21,623,5745600
22,21,643,37044000
22,22,528,151200
22,22,536,226800
22,22,544,1814400
22,22,552,453600
22,22,556,302400
22,22,560,907200
22,22,564,3931200
22,22,568,453600
22,22,570,907200
22,22,572,4536000
22,22,576,2721600
22,22,578,1209600
22,22,580,6501600
22,22,582,8618400
22,22,584,12398400
22,22,586,2268000
22,22,588,10432800
22,22,590,20865600
22,22,592,25099200
22,22,594,13759200
22,22,596,31903200
22,22,598,27594000
22,22,600,38442600
22,22,602,27367200
22,22,604,45057600
22,22,606,37875600
22,22,608,68040000
22,22,610,28811160
22,22,612,52466400
22,22,614,38707200
22,22,616,52315200
22,22,618,67926600
22,22,620,75751200
22,22,622,167227200
22,22,624,63655200
22,22,626,42638400
22,22,628,45511200
22,22,630,75085920
22,22,632,80854200
22,22,634,83160000
22,22,636,35758800
22,22,638,137100600
22,22,640,195955200
22,22,642,52390800
22,22,644,12700800
22,22,646,250387200
22,22,648,97524000
22,22,650,91869120
22,22,652,2721600
22,22,654,48402900
22,22,656,1360800
22,22,658,87091200
22,22,660,4082400
22,22,664,226800
22,22,666,111888000
22,22,668,1209600
22,22,670,38253600
22,22,672,302400
22,22,678,7257600
22,22,684,9109800
22,22,686,36061200
22,22,688,33868800
22,22,690,4271400
22,22,696,12600
22,23,585,151200
22,23,597,50400
22,23,603,302400
22,23,615,831600
22,23,621,302400
22,23,625,75600
22,23,633,1360800
22,23,637,453600
22,23,639,1239840
22,23,641,2729160
22,23,645,7333200
22,23,647,453600
22,23,649,907200
22,23,651,7030800
22,23,653,907200
22,23,655,39954600
22,23,657,6841800
22,23,659,1844640
22,23,661,15876000
22,23,663,14061600
22,23,665,28123200
22,23,667,14515200
22,23,669,33037200
22,23,671,15422400
22,23,673,44830800
22,23,675,16745400
22,23,677,20941200
22,23,679,35093520
22,23,681,42945840
22,23,683,29484000
22,23,685,27896400
22,23,687,22617000
22,23,689,30844800
22,23,691,46947600
22,23,693,35002800
22,23,695,12133800
22,23,697,11944800
22,23,699,43961400
22,23,701,14742000
22,23,703,4536000
22,23,705,107049600
22,23,707,1814400
22,23,709,4536000
22,23,711,90568800
22,23,713,13078800
22,23,715,6426000
22,23,717,49480200
22,23,719,16783200
22,23,721,1814400
22,23,723,14515200
22,23,725,907200
22,23,729,907200
22,23,731,9979200
22,23,733,12020400
22,23,735,10886400
22,23,737,2721600
22,23,741,35695800
22,24,636,5040
22,24,656,28350
22,24,668,453600
22,24,680,226800
22,24,682,453600
22,24,688,113400
22,24,696,45360
22,24,712,226800
22,24,718,604800
22,24,720,3855600
22,24,724,17841600
22,24,726,15422400
22,24,728,7711200
22,24,730,907200
22,24,732,4158000
22,24,736,3931200
22,24,738,9525600
22,24,740,37119600
22,24,742,7257600
22,24,744,28942200
22,24,746,4536000
22,24,748,11188800
22,24,750,10130400
22,24,752,13834800
22,24,754,15724800
22,24,756,17917200
22,24,758,6350400
22,24,760,907200
22,24,762,3628800
22,24,764,7862400
22,24,766,3326400
22,24,768,2268000
22,24,770,1512000
22,24,772,453600
22,24,774,15422400
22,24,776,907200
22,24,784,17085600
22,24,786,75600
22,24,788,43848000
22,24,790,75600
22,24,792,14515200
22,25,739,453600
22,25,745,90720
22,25,751,75600
22,25,755,453600
22,25,757,907200
22,25,759,113400
22,25,763,453600
22,25,767,453600
22,25,771,37800
22,25,781,151200
22,25,783,3855600
22,25,787,302400
22,25,791,604800
22,25,795,15422400
22,25,799,226800
22,25,805,604800
22,25,807,23133600
22,25,809,302400
22,25,811,793800
22,25,813,1335600
22,25,815,907200
22,25,817,907200
22,25,819,16329600
22,25,821,1814400
22,25,823,1512000
22,25,825,11869200
22,25,827,604800
22,25,829,302400
22,25,831,15321600
22,25,833,1814400
22,25,835,2721600
22,25,837,1814400
22,25,839,1360800
22,25,841,1814400
22,25,845,302400
22,25,847,151200
22,25,849,856800
22,26,816,302400
22,26,820,453600
22,26,826,113400
22,26,830,1814400
22,26,834,88200
22,26,844,1360800
22,26,852,151200
22,26,854,453600
22,26,860,113400
22,26,862,113400
22,26,870,5140800
22,26,878,7711200
22,26,882,453600
22,26,886,1927800
22,26,890,3855600
22,26,898,3855600
22,26,906,428400
22,26,912,11692800
22,27,897,453600
22,27,903,907200
22,27,909,453600
22,27,913,151200
22,27,915,12600
22,27,921,907200
22,27,927,264600
22,27,929,226800
22,27,933,226800
22,27,935,75600
22,27,941,151200
22,27,953,2570400
22,27,955,680400
22,27,961,5140800
22,27,967,3855600
22,28,972,453600
22,28,976,453600
22,28,988,226800
22,28,990,302400
22,28,992,453600
22,28,1006,302400
22,28,1008,189000
22,28,1044,3150
22,29,1047,25200
22,29,1061,226800
22,29,1065,151200
22,29,1077,453600
22,29,1089,151200
22,30,1180,544320
22,31,1231,75600
22,31,1239,75600
22,35,1575,2880
23,0,0,42840
23,2,10,277200
23,3,19,302400
23,3,21,2028600
23,4,20,1134000
23,4,24,604800
23,4,30,756000
23,4,32,2343600
23,4,36,3288600
23,5,29,1814400
23,5,31,4082400
23,5,33,2721600
23,5,35,4989600
23,5,37,4233600
23,5,39,151200
23,5,41,9223200
23,5,45,1360800
23,5,47,11869200
23,5,49,1108800
23,5,55,1335600
23,6,34,680400
23,6,38,5443200
23,6,40,3553200
23,6,42,12713400
23,6,44,7257600
23,6,46,23209200
23,6,48,17400600
23,6,50,37195200
23,6,52,12700800
23,6,54,28879200
23,6,56,3628800
23,6,58,30088800
23,6,60,982800
23,6,62,2268000
23,6,64,9979200
23,6,66,24910200
23,6,68,907200
23,6,70,1663200
23,6,78,83160
23,7,47,3628800
23,7,49,13608000
23,7,51,31449600
23,7,53,28728000
23,7,55,68947200
23,7,57,61538400
23,7,59,46116000
23,7,61,133358400
23,7,63,83160000
23,7,65,52920000
23,7,67,76053600
23,7,69,84672000
23,7,71,72576000
23,7,73,73483200
23,7,75,34171200
23,7,77,20563200
23,7,79,13910400
23,7,81,3628800
23,7,83,12700800
23,7,85,45511200
23,7,87,33264000
23,7,89,9072000
23,7,93,3099600
23,8,60,10886400
23,8,62,29030400
23,8,64,113437800
23,8,66,156832200
23,8,68,231033600
23,8,70,217576800
23,8,72,312001200
23,8,74,396900000
23,8,76,412851600
23,8,78,450802800
23,8,80,367378200
23,8,82,200718000
23,8,84,361670400
23,8,86,134265600
23,8,88,222566400
23,8,90,257342400
23,8,92,204271200
23,8,94,92534400
23,8,96,152787600
23,8,98,29030400
23,8,100,52012800
23,8,102,82101600
23,8,104,50236200
23,8,106,34020000
23,8,108,68229000
23,8,110,11642400
23,8,112,25565400
23,8,114,3628800
23,8,116,8807400
23,8,120,680400
23,9,75,23587200
23,9,77,61236000
23,9,79,232318800
23,9,81,485238600
23,9,83,709884000
23,9,85,978944400
23,9,87,1140955200
23,9,89,1295028000
23,9,91,1281420000
23,9,93,1577772000
23,9,95,1264939200
23,9,97,1289962800
23,9,99,991947600
23,9,101,890265600
23,9,103,933660000
23,9,105,844200000
23,9,107,649101600
23,9,109,978717600
23,9,111,553845600
23,9,113,426837600
23,9,115,349650000
23,9,117,235116000
23,9,119,300132000
23,9,121,307238400
23,9,123,167076000
23,9,125,160574400
23,9,127,95331600
23,9,129,63352800
23,9,131,107200800
23,9,133,41731200
23,9,135,73332000
23,9,137,5745600
23,9,139,10735200
23,9,141,27770400
23,9,143,17463600
23,10,90,2797200
23,10,92,28009800
23,10,94,251181000
23,10,96,611604000
23,10,98,1165808700
23,10,100,1934755200
23,10,102,2642068800
23,10,104,2825172000
23,10,106,4037531400
23,10,108,3865881600
23,10,110,4231710000
23,10,112,3965749200
23,10,114,4288334400
23,10,116,3125455200
23,10,118,3597633900
23,10,120,2986385220
23,10,122,3612621600
23,10,124,2497899600
23,10,126,2914380000
23,10,128,1754524800
23,10,130,2543637600
23,10,132,1508976000
23,10,134,1553580000
23,10,136,937137600
23,10,138,1279000800
23,10,140,658173600
23,10,142,849744000
23,10,144,601624800
23,10,146,599508000
23,10,148,541900800
23,10,150,252655200
23,10,152,148024800
23,10,154,87696000
23,10,156,226648800
23,10,158,241012800
23,10,160,133056000
23,10,162,215913600
23,10,164,4838400
23,10,166,13917960
23,10,168,7257600
23,10,170,24101280
23,10,174,11289600
23,11,111,33112800
23,11,113,290304000
23,11,115,915138000
23,11,117,2128064400
23,11,119,2909390400
23,11,121,4834771200
23,11,123,6231254400
23,11,125,7889011200
23,11,127,8212276800
23,11,129,9342799200
23,11,131,8902278000
23,11,133,10351681200
23,11,135,8959204800
23,11,137,9619344000
23,11,139,7972473600
23,11,141,9157730400
23,11,143,7384154400
23,11,145,8371868400
23,11,147,6712070400
23,11,149,6927530400
23,11,151,4809823200
23,11,153,5209520400
23,11,155,4002264000
23,11,157,4429706400
23,11,159,2839687200
23,11,161,3421958400
23,11,163,2521915200
23,11,165,1945112400
23,11,167,1588658400
23,11,169,1906329600
23,11,171,1013493600
23,11,173,989906400
23,11,175,857908800
23,11,177,617652000
23,11,179,498960000
23,11,181,488224800
23,11,183,756907200
23,11,185,477338400
23,11,187,364240800
23,11,189,273369600
23,11,191,41731200
23,11,193,160574400
23,11,195,680400
23,11,197,47703600
23,11,199,453600
23,11,201,226800
23,11,203,756000
23,11,205,40723200
23,11,209,37800
23,12,132,26308800
23,12,134,209109600
23,12,136,870685200
23,12,138,1744545600
23,12,140,3457792800
23,12,142,5503982400
23,12,144,7733275200
23,12,146,10158825600
23,12,148,12699949500
23,12,150,14158065600
23,12,152,14965435800
23,12,154,16791818400
23,12,156,17007807600
23,12,158,17371594800
23,12,160,17831847600
23,12,162,17903667600
23,12,164,16601287500
23,12,166,16689153600
23,12,168,15554851200
23,12,170,13600969200
23,12,172,14210683200
23,12,174,12663378000
23,12,176,11532609900
23,12,178,11075778000
23,12,180,9199669500
23,12,182,8440891200
23,12,184,8507520000
23,12,186,6135696000
23,12,188,5907610800
23,12,190,4892227200
23,12,192,4511316600
23,12,194,3147228000
23,12,196,3726324000
23,12,198,2795574600
23,12,200,2948437800
23,12,202,2209334400
23,12,204,1884481200
23,12,206,1261310400
23,12,208,1597050000
23,12,210,1014098400
23,12,212,1355432400
23,12,214,767491200
23,12,216,752295600
23,12,218,221961600
23,12,220,673671600
23,12,222,105537600
23,12,224,153770400
23,12,226,85276800
23,12,228,71845200
23,12,230,34473600
23,12,232,15422400
23,12,234,10962000
23,12,236,7560000
23,12,238,23209200
23,12,240,11088000
23,13,155,46720800
23,13,157,195501600
23,13,159,416178000
23,13,161,1132639200
23,13,163,2342466000
23,13,165,4203700200
23,13,167,5216173200
23,13,169,8778520800
23,13,171,9959695200
23,13,173,13523328000
23,13,175,14734969200
23,13,177,18758476800
23,13,179,17937763200
23,13,181,23465181600
23,13,183,22001716800
23,13,185,25638152400
23,13,187,23278071600
23,13,189,26455010400
23,13,191,21950384400
23,13,193,26776537200
23,13,195,22276321200
23,13,197,25110993600
23,13,199,21592872000
23,13,201,21127780800
23,13,203,17798886000
23,13,205,19382025600
23,13,207,15431018400
23,13,209,15531037200
23,13,211,14016466800
23,13,213,12810898800
23,13,215,9681411600
23,13,217,10466366400
23,13,219,9417189600
23,13,221,7952515200
23,13,223,7898158800
23,13,225,7325186400
23,13,227,5941101600
23,13,229,6297782400
23,13,231,4140536400
23,13,233,3738684600
23,13,235,3861194400
23,13,237,2737778400
23,13,239,1856962800
23,13,241,2390320800
23,13,243,1980720000
23,13,245,1397995200
23,13,247,1438668000
23,13,249,836740800
23,13,251,586504800
23,13,253,354866400
23,13,255,629067600
23,13,257,154224000
23,13,259,124135200
23,13,261,7257600
23,13,263,254620800
23,13,265,96163200
23,13,267,10281600
23,13,269,14515200
23,13,271,453600
23,13,273,7207200
23,13,275,1814400
23,13,279,9122400
23,14,178,2721600
23,14,180,23587200
23,14,182,58060800
23,14,184,273294000
23,14,186,598298400
23,14,188,1125608400
23,14,190,1666072800
23,14,192,2773008000
23,14,194,3681757800
23,14,196,5568091200
23,14,198,7351419600
23,14,200,9194698800
23,14,202,11772409320
23,14,204,13766684400
23,14,206,15094976400
23,14,208,17971329600
23,14,210,19859720400
23,14,212,21036380400
23,14,214,23659624800
23,14,216,24370794000
23,14,218,26328607200
23,14,220,27396003600
23,14,222,28944972000
23,14,224,27021178800
23,14,226,29107323000
23,14,228,26482415400
23,14,230,25957449000
23,14,232,25060341600
23,14,234,24473383200
23,14,236,23003870400
23,14,238,22762158300
23,14,240,20477772000
23,14,242,19696597200
23,14,244,17163392400
23,14,246,18170762400
23,14,248,15569139600
23,14,250,15599782800
23,14,252,12285378000
23,14,254,12046406400
23,14,256,10104393600
23,14,258,11452681800
23,14,260,8355160800
23,14,262,8540985600
23,14,264,6645240000
23,14,266,5394967200
23,14,268,5527267200
23,14,270,4277259000
23,14,272,4165144200
23,14,274,3343737600
23,14,276,2570853600
23,14,278,1997352000
23,14,280,2390623200
23,14,282,1483060320
23,14,284,991040400
23,14,286,1518728400
23,14,288,666489600
23,14,290,689245200
23,14,292,167781600
23,14,294,443167200
23,14,296,100245600
23,14,298,183758400
23,14,300,60328800
23,14,302,87129000
23,14,304,81194400
23,14,306,21357000
23,14,308,78926400
23,14,312,37800
23,14,318,11188800
23,14,322,360
23,15,205,151200
23,15,207,4536000
23,15,209,37044000
23,15,211,96465600
23,15,213,204498000
23,15,215,406576800
23,15,217,684180000
23,15,219,966168000
23,15,221,1373493240
23,15,223,1940878800
23,15,225,2629141200
23,15,227,3370474800
23,15,229,4977352800
23,15,231,4917553200
23,15,233,6920650800
23,15,235,7709990400
23,15,237,10215828000
23,15,239,10534482000
23,15,241,14703393600
23,15,243,13750128000
23,15,245,17792006400
23,15,247,17044423200
23,15,249,21543278400
23,15,251,19804629600
23,15,253,24152851800
23,15,255,22366018080
23,15,257,24347206800
23,15,259,22878525600
23,15,261,27022086000
23,15,263,24271569000
23,15,265,27048697200
23,15,267,22968527400
23,15,269,25540174800
23,15,271,23134507200
23,15,273,23506081200
23,15,275,20659060800
23,15,277,23937908400
23,15,279,19533906000
23,15,281,19641333600
23,15,283,16839144000
23,15,285,19078869600
23,15,287,14609737800
23,15,289,14737161600
23,15,291,12281320800
23,15,293,13593106800
23,15,295,10572070320
23,15,297,11914862400
23,15,299,6411787200
23,15,301,9040474800
23,15,303,5972248800
23,15,305,7194247200
23,15,307,4442256000
23,15,309,4968205200
23,15,311,3441463200
23,15,313,4461760800
23,15,315,2374142400
23,15,317,3316118400
23,15,319,1513209600
23,15,321,2356225200
23,15,323,765828000
23,15,325,1121450400
23,15,327,234057600
23,15,329,594745200
23,15,331,161708400
23,15,333,660403800
23,15,335,426535200
23,15,337,144698400
23,15,339,242424000
23,15,341,156068640
23,15,343,1360800
23,15,345,70086240
23,15,347,39009600
23,15,359,1134000
23,15,361,567000
23,16,236,4082400
23,16,238,11037600
23,16,240,61614000
23,16,242,65318400
23,16,244,172897200
23,16,246,161481600
23,16,248,294310800
23,16,250,394632000
23,16,252,608391000
23,16,254,647136000
23,16,256,1024468200
23,16,258,1187827200
23,16,260,1539669600
23,16,262,1971345600
23,16,264,2414021400
23,16,266,2783592000
23,16,268,3680676720
23,16,270,4213490400
23,16,272,5161212000
23,16,274,6330819600
23,16,276,7522678800
23,16,278,7855671600
23,16,280,9440323200
23,16,282,10366423200
23,16,284,12121779600
23,16,286,12991557600
23,16,288,15154038900
23,16,290,15565057200
23,16,292,16869138300
23,16,294,16830828000
23,16,296,18119165400
23,16,298,18831506400
23,16,300,19396188000
23,16,302,19227083400
23,16,304,20100906000
23,16,306,20311641000
23,16,308,22346755200
23,16,310,19066698000
23,16,312,20503274400
23,16,314,19920902400
23,16,316,18495388800
23,16,318,16595510400
23,16,320,17970800400
23,16,322,15504652800
23,16,324,15562789200
23,16,326,16097810400
23,16,328,14493502800
23,16,330,11818346400
23,16,332,13116448800
23,16,334,10369144800
23,16,336,10566460800
23,16,338,9089085600
23,16,340,8777311200
23,16,342,6959887200
23,16,344,8004981600
23,16,346,4508821800
23,16,348,5257904400
23,16,350,3843352800
23,16,352,4817912400
23,16,354,3056306400
23,16,356,2508975000
23,16,358,1648382400
23,16,360,2526589800
23,16,362,1176789600
23,16,364,1289282400
23,16,366,1280260800
23,16,368,1389830400
23,16,370,745718400
23,16,372,733622400
23,16,374,226119600
23,16,376,177282000
23,16,378,113702400
23,16,380,23587200
23,16,382,188244000
23,16,384,45360000
23,16,386,8164800
23,16,388,1360800
23,16,390,44982000
23,16,396,5304600
23,16,408,1063440
23,17,265,1814400
23,17,267,1965600
23,17,269,10130400
23,17,271,14364000
23,17,273,25628400
23,17,275,26460000
23,17,277,62596800
23,17,279,52995600
23,17,281,88754400
23,17,283,149688000
23,17,285,117154800
23,17,287,155584800
23,17,289,299678400
23,17,291,320997600
23,17,293,385106400
23,17,295,599810400
23,17,297,562993200
23,17,299,836287200
23,17,301,967604400
23,17,303,1058664600
23,17,305,1191607200
23,17,307,1933772400
23,17,309,1931958000
23,17,311,2346019200
23,17,313,3112149600
23,17,315,3399921000
23,17,317,4049703000
23,17,319,4873100400
23,17,321,5383249200
23,17,323,5995458000
23,17,325,7351570800
23,17,327,7367182200
23,17,329,8709044400
23,17,331,9667161000
23,17,333,10463569200
23,17,335,10083225600
23,17,337,11805696000
23,17,339,12624406200
23,17,341,13604068800
23,17,343,13271542200
23,17,345,13572846000
23,17,347,13539657600
23,17,349,13475548800
23,17,351,13824518400
23,17,353,14804256600
23,17,355,13627126800
23,17,357,15139278000
23,17,359,13290102000
23,17,361,14394618000
23,17,363,13281181200
23,17,365,14214312000
23,17,367,11439943200
23,17,369,11695395600
23,17,371,10394244000
23,17,373,11672488800
23,17,375,9441419400
23,17,377,9485456400
23,17,379,8167219200
23,17,381,8088595200
23,17,383,7052270400
23,17,385,5866333200
23,17,387,5640062400
23,17,389,5375386800
23,17,391,4694760000
23,17,393,3670531200
23,17,395,3471854400
23,17,397,3123262800
23,17,399,3310221600
23,17,401,1783555200
23,17,403,1970816400
23,17,405,1255716000
23,17,407,967982400
23,17,409,798789600
23,17,411,522547200
23,17,413,613267200
23,17,415,213771600
23,17,417,298015200
23,17,419,83311200
23,17,421,375580800
23,17,423,11491200
23,17,425,199584000
23,17,427,9676800
23,17,429,57153600
23,17,431,5140800
23,17,433,63504000
23,17,435,81421200
23,17,439,1209600
23,17,455,302400
23,18,302,1663200
23,18,304,3628800
23,18,306,8920800
23,18,308,1512000
23,18,310,13986000
23,18,312,10432800
23,18,314,11529000
23,18,316,17690400
23,18,318,34587000
23,18,320,10281600
23,18,322,67510800
23,18,324,55717200
23,18,326,55206900
23,18,328,75297600
23,18,330,169797600
23,18,332,118087200
23,18,334,182800800
23,18,336,173880000
23,18,338,267321600
23,18,340,319334400
23,18,342,414250200
23,18,344,398109600
23,18,346,636829200
23,18,348,707918400
23,18,350,769456800
23,18,352,993232800
23,18,354,1105272000
23,18,356,1062784800
23,18,358,1657227600
23,18,360,1747947600
23,18,362,1819125000
23,18,364,2634760800
23,18,366,2941218000
23,18,368,2925039600
23,18,370,4156866000
23,18,372,4179772800
23,18,374,4698993600
23,18,376,4987596600
23,18,378,5440831200
23,18,380,5535621000
23,18,382,7186309200
23,18,384,6132294000
23,18,386,8133615000
23,18,388,7590240000
23,18,390,8588273400
23,18,392,8001957600
23,18,394,10450944000
23,18,396,8509347000
23,18,398,9893167200
23,18,400,8701711200
23,18,402,10287648000
23,18,404,8667086400
23,18,406,9960243300
23,18,408,8381620800
23,18,410,9310291200
23,18,412,9052885800
23,18,414,8253667800
23,18,416,8000899200
23,18,418,8103790800
23,18,420,6939550800
23,18,422,6920386200
23,18,424,6336867600
23,18,426,5586310800
23,18,428,4269812400
23,18,430,5417615700
23,18,432,4126285800
23,18,434,4471135200
23,18,436,3571898400
23,18,438,3650988600
23,18,440,1554222600
23,18,442,3393835200
23,18,444,1518804000
23,18,446,1688148000
23,18,448,702626400
23,18,450,1520845200
23,18,452,411944400
23,18,454,1087506000
23,18,456,553996800
23,18,458,315403200
23,18,460,200037600
23,18,462,339519600
23,18,464,133812000
23,18,466,164404800
23,18,468,331128000
23,18,470,169117200
23,18,472,7257600
23,18,474,47741400
23,18,476,92534400
23,18,478,33566400
23,18,480,3855600
23,18,486,75600
23,19,335,302400
23,19,337,453600
23,19,339,680400
23,19,341,4536000
23,19,343,478800
23,19,345,3855600
23,19,347,226800
23,19,349,3628800
23,19,351,1360800
23,19,353,9374400
23,19,355,1512000
23,19,357,6955200
23,19,359,1965600
23,19,361,7635600
23,19,363,5972400
23,19,365,21470400
23,19,367,6904800
23,19,369,38329200
23,19,371,26838000
23,19,373,40899600
23,19,375,30315600
23,19,377,69476400
23,19,379,50425200
23,19,381,113853600
23,19,383,83386800
23,19,385,163825200
23,19,387,114912000
23,19,389,145908000
23,19,391,232848000
23,19,393,312832800
23,19,395,285465600
23,19,397,454734000
23,19,399,341712000
23,19,401,565866000
23,19,403,525344400
23,19,405,765298800
23,19,407,603741600
23,19,409,1001775600
23,19,411,869324400
23,19,413,1354374000
23,19,415,1263578400
23,19,417,2137363200
23,19,419,1658966400
23,19,421,2395688400
23,19,423,2185218000
23,19,425,3216326400
23,19,427,2732864400
23,19,429,3630047400
23,19,431,3056054400
23,19,433,4364992800
23,19,435,3689128800
23,19,437,4715958240
23,19,439,4148398800
23,19,441,5589145800
23,19,443,4274953200
23,19,445,5378032800
23,19,447,4927406400
23,19,449,6550513200
23,19,451,5252688000
23,19,453,5807289600
23,19,455,4754257200
23,19,457,6194475000
23,19,459,5290336800
23,19,461,5042217600
23,19,463,4638060000
23,19,465,5655711600
23,19,467,3707424000
23,19,469,4839080400
23,19,471,4088750400
23,19,473,4248039600
23,19,475,3764880000
23,19,477,3573491040
23,19,479,2720088000
23,19,481,2819691000
23,19,483,1927497600
23,19,485,1682100000
23,19,487,2797653600
23,19,489,1439953200
23,19,491,1178830800
23,19,493,1085313600
23,19,495,719409600
23,19,497,918918000
23,19,499,784350000
23,19,501,464788800
23,19,503,555811200
23,19,505,638971200
23,19,507,184161600
23,19,509,309506400
23,19,511,140616000
23,19,513,294008400
23,19,515,141976800
23,19,517,36061200
23,19,519,7862400
23,19,521,13003200
23,19,525,115869600
23,19,529,1134000
23,19,531,8038800
23,19,537,15120
23,19,561,12600
23,20,360,75600
23,20,378,604800
23,20,382,756000
23,20,384,1612800
23,20,386,604800
23,20,390,1159200
23,20,392,907200
23,20,396,1738800
23,20,400,2305800
23,20,402,2469600
23,20,404,1814400
23,20,406,1512000
23,20,408,5292000
23,20,410,5594400
23,20,412,7408800
23,20,414,13003200
23,20,416,7257600
23,20,418,6652800
23,20,420,19996200
23,20,422,23133600
23,20,424,30164400
23,20,426,29484000
23,20,428,35380800
23,20,430,46872000
23,20,432,65715300
23,20,434,44755200
23,20,436,78472800
23,20,438,77036400
23,20,440,116121600
23,20,442,84823200
23,20,444,208731600
23,20,446,126100800
23,20,448,181062000
23,20,450,270043200
23,20,452,231789600
23,20,454,248194800
23,20,456,365582700
23,20,458,334303200
23,20,460,420260400
23,20,462,511660800
23,20,464,564089400
23,20,466,548704800
23,20,468,872121600
23,20,470,701174880
23,20,472,806538600
23,20,474,939556800
23,20,476,1267728840
23,20,478,1477753200
23,20,480,1696917600
23,20,482,1632355200
23,20,484,1583328600
23,20,486,2051935200
23,20,488,2153503800
23,20,490,2520352800
23,20,492,2376561600
23,20,494,2204798400
23,20,496,2983833720
23,20,498,2845584000
23,20,500,3107689200
23,20,502,2493212400
23,20,504,2753616600
23,20,506,2702700000
23,20,508,3345564600
23,20,510,3172856400
23,20,512,2869133400
23,20,514,2435529600
23,20,516,2503554480
23,20,518,2083762800
23,20,520,2674047600
23,20,522,2894572800
23,20,524,1742428800
23,20,526,2670116400
23,20,528,1951869150
23,20,530,1255867200
23,20,532,1676354400
23,20,534,1232658000
23,20,536,1146148920
23,20,538,1300924800
23,20,540,837610200
23,20,542,574484400
23,20,544,723655800
23,20,546,763786800
23,20,548,230202000
23,20,550,617803200
23,20,552,279984600
23,20,554,373426200
23,20,556,559213200
23,20,558,165866400
23,20,560,122925600
23,20,562,250387200
23,20,564,8316000
23,20,566,13608000
23,20,568,119851200
23,20,570,4536000
23,20,572,127461600
23,20,576,7560
23,20,580,151200
23,20,582,2268000
23,20,584,75600
23,20,596,15120
23,20,600,396900
23,20,616,2520
23,21,399,151200
23,21,425,756000
23,21,429,756000
23,21,437,604800
23,21,441,529200
23,21,445,302400
23,21,447,226800
23,21,449,1209600
23,21,453,680400
23,21,455,907200
23,21,457,604800
23,21,459,604800
23,21,461,1209600
23,21,463,2872800
23,21,465,5443200
23,21,467,2721600
23,21,469,3326400
23,21,471,7257600
23,21,473,6048000
23,21,475,12549600
23,21,477,15951600
23,21,479,21319200
23,21,481,11718000
23,21,483,24267600
23,21,485,29786400
23,21,487,23058000
23,21,489,47854800
23,21,491,48384000
23,21,493,51030000
23,21,495,66074400
23,21,497,54280800
23,21,499,88754400
23,21,501,53600400
23,21,503,114609600
23,21,505,127461600
23,21,507,88678800
23,21,509,141825600
23,21,511,181893600
23,21,513,208194840
23,21,515,227178000
23,21,517,208252800
23,21,519,208618200
23,21,521,286221600
23,21,523,506217600
23,21,525,359667000
23,21,527,451483200
23,21,529,465091200
23,21,531,625930200
23,21,533,682214400
23,21,535,766962000
23,21,537,941938200
23,21,539,948186000
23,21,541,808340400
23,21,543,1151236800
23,21,545,933962400
23,21,547,1223888400
23,21,549,1027555200
23,21,551,1321185600
23,21,553,996937200
23,21,555,1420032600
23,21,557,1239235200
23,21,559,1479114000
23,21,561,1319522400
23,21,563,1615194000
23,21,565,1113058800
23,21,567,1451779200
23,21,569,1024380000
23,21,571,1485691200
23,21,573,1118388600
23,21,575,1009411200
23,21,577,1446152400
23,21,579,878623200
23,21,581,859269600
23,21,583,802645200
23,21,585,1195840800
23,21,587,886788000
23,21,589,534744000
23,21,591,807332400
23,21,593,601322400
23,21,595,525218400
23,21,597,683348400
23,21,599,311925600
23,21,601,152107200
23,21,603,512719200
23,21,605,237573000
23,21,607,41882400
23,21,609,44604000
23,21,611,64411200
23,21,613,15120000
23,21,615,32205600
23,21,617,28123200
23,21,621,14364000
23,21,623,7711200
23,21,635,151200
23,21,637,75600
23,21,643,20311200
23,22,442,50400
23,22,468,37800
23,22,502,302400
23,22,504,18900
23,22,508,302400
23,22,510,302400
23,22,512,1209600
23,22,514,1512000
23,22,522,302400
23,22,524,3024000
23,22,526,7358400
23,22,528,2268000
23,22,530,604800
23,22,532,7711200
23,22,534,453600
23,22,536,6123600
23,22,538,3024000
23,22,540,9676800
23,22,542,3326400
23,22,544,48787200
23,22,546,9374400
23,22,548,19051200
23,22,550,20412000
23,22,552,27216000
23,22,554,17010000
23,22,556,37951200
23,22,558,36817200
23,22,560,79304400
23,22,562,47287800
23,22,564,120506400
23,22,566,78321600
23,22,568,80337600
23,22,570,95142600
23,22,572,165261600
23,22,574,87658200
23,22,576,137516400
23,22,578,123984000
23,22,580,182498400
23,22,582,167227200
23,22,584,252504000
23,22,586,139645800
23,22,588,210470400
23,22,590,291740400
23,22,592,312228000
23,22,594,303080400
23,22,596,365374800
23,22,598,302173200
23,22,600,421230600
23,22,602,372254400
23,22,604,495784800
23,22,606,490795200
23,22,608,635644800
23,22,610,317835000
23,22,612,604724400
23,22,614,461991600
23,22,616,569646000
23,22,618,671479200
23,22,620,671630400
23,22,622,926667000
23,22,624,670572000
23,22,626,530258400
23,22,628,519220800
23,22,630,601776000
23,22,632,536797800
23,22,634,571536000
23,22,636,396018000
23,22,638,564505200
23,22,640,624153600
23,22,642,353858400
23,22,644,165110400
23,22,646,635418000
23,22,648,275940000
23,22,650,254998800
23,22,652,46267200
23,22,654,155320200
23,22,656,19731600
23,22,658,193233600
23,22,660,16821000
23,22,662,4989600
23,22,664,4762800
23,22,666,125798400
23,22,668,1512000
23,22,670,62370000
23,22,672,3024000
23,22,674,907200
23,22,678,16027200
23,22,684,10899000
23,22,686,48195000
23,22,688,36741600
23,22,690,4932900
23,22,696,113400
23,23,489,12600
23,23,525,50400
23,23,543,50400
23,23,549,75600
23,23,561,12600
23,23,567,151200
23,23,575,907200
23,23,579,630000
23,23,585,2419200
23,23,587,2268000
23,23,589,604800
23,23,591,302400
23,23,593,5443200
23,23,595,3628800
23,23,597,3578400
23,23,599,5443200
23,23,601,1814400
23,23,603,5367600
23,23,605,3628800
23,23,607,17236800
23,23,609,2457000
23,23,611,6804000
23,23,613,16934400
23,23,615,27190800
23,23,617,26762400
23,23,619,27442800
23,23,621,22680000
23,23,623,46494000
23,23,625,29559600
23,23,627,58438800
23,23,629,56246400
23,23,631,72122400
23,23,633,54507600
23,23,635,58514400
23,23,637,64864800
23,23,639,89434800
23,23,641,123303600
23,23,643,74390400
23,23,645,128973600
23,23,647,87771600
23,23,649,96994800
23,23,651,142657200
23,23,653,86637600
23,23,655,343299600
23,23,657,141069600
23,23,659,84747600
23,23,661,189529200
23,23,663,216367200
23,23,665,270118800
23,23,667,168966000
23,23,669,313021800
23,23,671,175996800
23,23,673,335059200
23,23,675,196522200
23,23,677,240483600
23,23,679,284860800
23,23,681,385484400
23,23,683,267624000
23,23,685,277678800
23,23,687,195766200
23,23,689,242184600
23,23,691,359478000
23,23,693,260442000
23,23,695,114912000
23,23,697,109317600
23,23,699,160234200
23,23,701,130410000
23,23,703,40975200
23,23,705,262936800
23,23,707,18370800
23,23,709,39916800
23,23,711,208656000
23,23,713,55528200
23,23,715,16556400
23,23,717,106596000
23,23,719,40672800
23,23,721,16329600
23,23,723,30844800
23,23,725,8164800
23,23,729,3402000
23,23,731,30844800
23,23,733,33566400
23,23,735,21772800
23,23,737,4536000
23,23,741,39047400
23,24,636,37800
23,24,638,907200
23,24,640,907200
23,24,648,907200
23,24,650,1814400
23,24,652,1512000
23,24,656,481950
23,24,660,453600
23,24,664,3931200
23,24,668,12852000
23,24,670,5443200
23,24,672,922320
23,24,674,9223200
23,24,676,907200
23,24,678,907200
23,24,680,12927600
23,24,682,22831200
23,24,684,8240400
23,24,686,13154400
23,24,688,28387800
23,24,690,26913600
23,24,692,18370800
23,24,694,37044000
23,24,696,24267600
23,24,698,24948000
23,24,700,47930400
23,24,702,35380800
23,24,704,29786400
23,24,706,51143400
23,24,708,40068000
23,24,710,52617600
23,24,712,55418580
23,24,714,43848000
23,24,716,31752000
23,24,718,58186800
23,24,720,80892000
23,24,722,46569600
23,24,724,166471200
23,24,726,136080000
23,24,728,76053600
23,24,730,48384000
23,24,732,88300800
23,24,734,25401600
23,24,736,55969200
23,24,738,89208000
23,24,740,236250000
23,24,742,69300000
23,24,744,204485400
23,24,746,47628000
23,24,748,85201200
23,24,750,105310800
23,24,752,99338400
23,24,754,88905600
23,24,756,114458400
23,24,758,62596800
23,24,760,14061600
23,24,762,43696800
23,24,764,65016000
23,24,766,22528800
23,24,768,11340000
23,24,770,13608000
23,24,772,4158000
23,24,774,39312000
23,24,776,9639000
23,24,778,2872800
23,24,780,3005100
23,24,782,1814400
23,24,784,45435600
23,24,786,1360800
23,24,788,95331600
23,24,790,781200
23,24,792,31147200
23,24,796,3150
23,25,671,7560
23,25,685,12600
23,25,697,453600
23,25,711,468720
23,25,715,1814400
23,25,717,907200
23,25,727,1814400
23,25,731,922320
23,25,733,453600
23,25,737,907200
23,25,739,13204800
23,25,741,1587600
23,25,745,1567440
23,25,747,9072000
23,25,749,2268000
23,25,751,5216400
23,25,753,2721600
23,25,755,16329600
23,25,757,21142800
23,25,759,11907000
23,25,761,19051200
23,25,763,23940000
23,25,765,8202600
23,25,767,26308800
23,25,769,32054400
23,25,771,23927400
23,25,773,20865600
23,25,775,21016800
23,25,777,20714400
23,25,779,28350000
23,25,781,36288000
23,25,783,39690000
23,25,785,28312200
23,25,787,40219200
23,25,789,26006400
23,25,791,34624800
23,25,793,34171200
23,25,795,99489600
23,25,797,18068400
23,25,799,27291600
23,25,801,8013600
23,25,803,14666400
23,25,805,13608000
23,25,807,133812000
23,25,809,11491200
23,25,811,16669800
23,25,813,8416800
23,25,815,13608000
23,25,817,11340000
23,25,819,94651200
23,25,821,19353600
23,25,823,13910400
23,25,825,66981600
23,25,827,6350400
23,25,829,3326400
23,25,831,49253400
23,25,833,18144000
23,25,835,28123200
23,25,837,16367400
23,25,839,13608000
23,25,841,16329600
23,25,845,2721600
23,25,847,1360800
23,25,849,4737600
23,25,855,50400
23,26,756,100800
23,26,792,378000
23,26,808,302400
23,26,810,1512000
23,26,816,6048000
23,26,820,10432800
23,26,822,453600
23,26,826,7673400
23,26,828,2872800
23,26,830,30844800
23,26,832,5443200
23,26,834,5178600
23,26,836,2721600
23,26,838,9072000
23,26,840,6501600
23,26,842,2268000
23,26,844,37346400
23,26,846,9828000
23,26,848,1814400
23,26,850,13154400
23,26,852,7106400
23,26,854,13154400
23,26,856,18144000
23,26,858,5443200
23,26,860,5859000
23,26,862,18408600
23,26,864,7030800
23,26,866,1814400
23,26,868,10886400
23,26,870,30542400
23,26,872,9525600
23,26,874,7257600
23,26,876,4989600
23,26,878,45360000
23,26,880,5745600
23,26,882,2797200
23,26,884,453600
23,26,886,10962000
23,26,888,302400
23,26,890,22226400
23,26,892,907200
23,26,898,21319200
23,26,904,302400
23,26,906,2368800
23,26,908,302400
23,26,912,23095800
23,27,853,75600
23,27,867,151200
23,27,889,302400
23,27,893,37800
23,27,895,604800
23,27,897,7862400
23,27,903,16329600
23,27,907,907200
23,27,909,8316000
23,27,911,1814400
23,27,913,3628800
23,27,915,567000
23,27,917,2721600
23,27,919,2268000
23,27,921,17388000
23,27,923,1814400
23,27,925,4233600
23,27,927,7522200
23,27,929,4611600
23,27,931,907200
23,27,933,5518800
23,27,935,4460400
23,27,937,1814400
23,27,941,4989600
23,27,943,529200
23,27,945,3742200
23,27,949,2419200
23,27,953,16027200
23,27,955,4195800
23,27,957,907200
23,27,961,28425600
23,27,965,151200
23,27,967,21319200
23,28,900,113400
23,28,916,113400
23,28,932,37800
23,28,972,8013600
23,28,976,7711200
23,28,982,151200
23,28,986,302400
23,28,988,4460400
23,28,990,5140800
23,28,992,7711200
23,28,994,604800
23,28,996,756000
23,28,998,151200
23,28,1000,907200
23,28,1002,1852200
23,28,1004,604800
23,28,1006,5745600
23,28,1008,4120200
23,28,1010,2268000
23,28,1012,1209600
23,28,1014,302400
23,28,1016,1814400
23,28,1018,1814400
23,28,1022,226800
23,28,1024,907200
23,28,1026,226800
23,28,1044,53550
23,29,995,453600
23,29,1007,37800
23,29,1009,453600
23,29,1041,75600
23,29,1047,428400
23,29,1061,3855600
23,29,1065,2570400
23,29,1077,7711200
23,29,1089,2570400
23,30,1078,56700
23,30,1086,453600
23,30,1090,453600
23,30,1110,226800
23,30,1116,151200
23,30,1180,2210040
23,31,1167,453600
23,31,1173,30240
23,31,1183,456120
23,31,1191,151200
23,31,1203,15120
23,31,1211,37800
23,31,1231,1285200
23,31,1239,1285200
23,32,1254,151200
23,32,1260,113400
23,32,1278,151200
23,32,1286,37800
23,32,1296,18900
23,33,1353,151200
23,33,1369,75600
23,35,1575,25560
23,36,1638,7560
24,0,0,3360
24,3,21,126000
24,4,32,75600
24,4,36,441000
24,5,31,302400
24,5,47,756000
24,5,55,279720
24,6,42,730800
24,6,46,491400
24,6,48,453600
24,6,50,1663200
24,6,54,1814400
24,6,58,1209600
24,6,64,604800
24,6,66,2570400
24,6,78,15120
24,7,51,604800
24,7,53,151200
24,7,57,1814400
24,7,61,6350400
24,7,63,3402000
24,7,65,1852200
24,7,67,4233600
24,7,69,3969000
24,7,71,6804000
24,7,73,3175200
24,7,77,907200
24,7,79,302400
24,7,83,907200
24,7,85,3175200
24,7,87,5241600
24,7,89,453600
24,7,93,201600
24,8,64,4781700
24,8,66,3628800
24,8,68,4384800
24,8,70,4536000
24,8,72,8013600
24,8,74,8013600
24,8,76,14439600
24,8,78,11491200
24,8,80,23133600
24,8,82,3628800
24,8,84,20412000
24,8,86,1814400
24,8,88,18597600
24,8,90,14817600
24,8,92,15724800
24,8,94,2721600
24,8,96,9015300
24,8,98,453600
24,8,100,2721600
24,8,102,4536000
24,8,104,4989600
24,8,106,907200
24,8,108,8618400
24,8,110,1965600
24,8,112,5481000
24,8,114,302400
24,8,116,453600
24,8,120,75600
24,9,75,2419200
24,9,77,2721600
24,9,79,4989600
24,9,81,23851800
24,9,83,18446400
24,9,85,30315600
24,9,87,31600800
24,9,89,63957600
24,9,91,45889200
24,9,93,96465600
24,9,95,77187600
24,9,97,53222400
24,9,99,57947400
24,9,101,33264000
24,9,103,32508000
24,9,105,46569600
24,9,107,33717600
24,9,109,60933600
24,9,111,51105600
24,9,113,26611200
24,9,115,17917200
24,9,117,23788800
24,9,119,13759200
24,9,121,18446400
24,9,123,16329600
24,9,125,9979200
24,9,127,11944800
24,9,129,2721600
24,9,131,9450000
24,9,133,3326400
24,9,135,7261800
24,9,139,3553200
24,9,141,3175200
24,9,143,1814400
24,10,90,907200
24,10,94,10432800
24,10,96,21583800
24,10,98,54658800
24,10,100,109771200
24,10,102,180759600
24,10,104,124286400
24,10,106,291286800
24,10,108,223473600
24,10,110,267397200
24,10,112,225741600
24,10,114,318956400
24,10,116,156340800
24,10,118,223398000
24,10,120,213396120
24,10,122,284860800
24,10,124,147722400
24,10,126,241920000
24,10,128,76356000
24,10,130,212133600
24,10,132,96768000
24,10,134,115894800
24,10,136,56246400
24,10,138,135979200
24,10,140,32356800
24,10,142,59270400
24,10,144,37648800
24,10,146,73634400
24,10,148,69552000
24,10,150,18748800
24,10,152,8467200
24,10,154,3250800
24,10,156,11491200
24,10,158,22377600
24,10,160,18144000
24,10,162,22831200
24,10,166,226800
24,10,168,1587600
24,10,170,5654880
24,10,174,1759800
24,11,111,9072000
24,11,113,55339200
24,11,115,130863600
24,11,117,248119200
24,11,119,327952800
24,11,121,511509600
24,11,123,691740000
24,11,125,853977600
24,11,127,889585200
24,11,129,956642400
24,11,131,927007200
24,11,133,1118804400
24,11,135,807105600
24,11,137,959742000
24,11,139,698317200
24,11,141,805820400
24,11,143,746633160
24,11,145,880135200
24,11,147,611074800
24,11,149,631562400
24,11,151,440823600
24,11,153,486561600
24,11,155,337932000
24,11,157,499867200
24,11,159,274730400
24,11,161,315705600
24,11,163,249631200
24,11,165,137062800
24,11,167,154224000
24,11,169,189453600
24,11,171,63806400
24,11,173,104328000
24,11,175,60933600
24,11,177,67132800
24,11,179,36741600
24,11,181,35305200
24,11,183,87998400
24,11,185,59421600
24,11,187,45057600
24,11,189,33112800
24,11,191,4384800
24,11,193,24796800
24,11,195,151200
24,11,197,1965600
24,11,203,181440
24,11,205,8618400
24,12,132,27518400
24,12,134,109771200
24,12,136,356189400
24,12,138,670534200
24,12,140,982951200
24,12,142,1580493600
24,12,144,1859646600
24,12,146,2214777600
24,12,148,2795574600
24,12,150,2802340800
24,12,152,2661573600
24,12,154,3040178400
24,12,156,2925493200
24,12,158,2809296000
24,12,160,2967073200
24,12,162,2755544400
24,12,164,2453635800
24,12,166,2437495200
24,12,168,2334679200
24,12,170,1912982400
24,12,172,2049062400
24,12,174,1708056000
24,12,176,1504515600
24,12,178,1539896400
24,12,180,1080210600
24,12,182,1014400800
24,12,184,1211716800
24,12,186,772632000
24,12,188,702853200
24,12,190,581515200
24,12,192,610722000
24,12,194,340804800
24,12,196,421016400
24,12,198,249480000
24,12,200,305575200
24,12,202,229824000
24,12,204,211075200
24,12,206,133963200
24,12,208,203137200
24,12,210,117633600
24,12,212,216064800
24,12,214,81799200
24,12,216,85352400
24,12,218,27367200
24,12,220,91627200
24,12,222,11037600
24,12,224,26119800
24,12,226,11491200
24,12,228,12801600
24,12,230,3628800
24,12,232,2041200
24,12,238,6804000
24,12,240,3591000
24,13,155,34700400
24,13,157,167832000
24,13,159,475675200
24,13,161,1068228000
24,13,163,1903532400
24,13,165,2822261400
24,13,167,3347568000
24,13,169,4976445600
24,13,171,5042520000
24,13,173,6223618800
24,13,175,6415340400
24,13,177,7160832000
24,13,179,6350097600
24,13,181,7479561600
24,13,183,6795255600
24,13,185,7510482000
24,13,187,6320235600
24,13,189,6976796400
24,13,191,5608612800
24,13,193,6373911600
24,13,195,5047358400
24,13,197,5713092000
24,13,199,4663461600
24,13,201,4560494400
24,13,203,3636208800
24,13,205,3763443600
24,13,207,3030199200
24,13,209,2808918000
24,13,211,2571609600
24,13,213,2244664800
24,13,215,1668870000
24,13,217,1788544800
24,13,219,1526364000
24,13,221,1058702400
24,13,223,1108825200
24,13,225,1191607200
24,13,227,834624000
24,13,229,947721600
24,13,231,595728000
24,13,233,584879400
24,13,235,657417600
24,13,237,361821600
24,13,239,313059600
24,13,241,347457600
24,13,243,286448400
24,13,245,207748800
24,13,247,184161600
24,13,249,148176000
24,13,251,75335400
24,13,253,48081600
24,13,255,124916400
24,13,257,26611200
24,13,259,22831200
24,13,261,4435200
24,13,263,36514800
24,13,265,6804000
24,13,267,907200
24,13,269,1814400
24,13,273,327600
24,13,275,302400
24,13,279,3028200
24,14,178,7257600
24,14,180,66679200
24,14,182,205934400
24,14,184,497145600
24,14,186,1146625200
24,14,188,2022829200
24,14,190,3129613200
24,14,192,4102056000
24,14,194,5795193600
24,14,196,7470489600
24,14,198,8955935100
24,14,200,9445312800
24,14,202,11574586800
24,14,204,11429964000
24,14,206,12643495200
24,14,208,12886776000
24,14,210,13479278400
24,14,212,12266856000
24,14,214,13958557200
24,14,216,12422592000
24,14,218,12932665200
24,14,220,12160524600
24,14,222,11969659800
24,14,224,10329379200
24,14,226,10788687000
24,14,228,9110190600
24,14,230,9183888000
24,14,232,7845919200
24,14,234,7457637600
24,14,236,6572966400
24,14,238,6497139600
24,14,240,5447131200
24,14,242,5416437600
24,14,244,4333165200
24,14,246,4357432800
24,14,248,3701224800
24,14,250,3773347200
24,14,252,2631031200
24,14,254,2758379400
24,14,256,2194365600
24,14,258,2584008000
24,14,260,1854468000
24,14,262,1748174400
24,14,264,1301378400
24,14,266,1144659600
24,14,268,1156226400
24,14,270,771573600
24,14,272,743601600
24,14,274,635342400
24,14,276,455716800
24,14,278,345416400
24,14,280,408088800
24,14,282,328255200
24,14,284,197013600
24,14,286,292723200
24,14,288,118188000
24,14,290,113022000
24,14,292,39312000
24,14,294,78019200
24,14,296,23814000
24,14,298,34473600
24,14,300,7408800
24,14,302,20865600
24,14,304,3931200
24,14,306,4838400
24,14,308,7560000
24,14,318,4914000
24,15,205,9298800
24,15,207,35532000
24,15,209,177811200
24,15,211,391003200
24,15,213,988999200
24,15,215,1303873200
24,15,217,2307463200
24,15,219,3093476400
24,15,221,4875292800
24,15,223,5769262800
24,15,225,8206380000
24,15,227,8679106800
24,15,229,11606301000
24,15,231,11443723200
24,15,233,14133949200
24,15,235,13824745200
24,15,237,17356210200
24,15,239,15667797600
24,15,241,20131675200
24,15,243,17330166000
24,15,245,20374351200
24,15,247,17745361200
24,15,249,20918822400
24,15,251,16786602000
24,15,253,19516140000
24,15,255,16400376720
24,15,257,17321472000
24,15,259,14924422800
24,15,261,16402024800
24,15,263,13357764000
24,15,265,14142416400
24,15,267,11682165600
24,15,269,11861186400
24,15,271,9778935600
24,15,273,10150282800
24,15,275,8583019200
24,15,277,9365630400
24,15,279,7530969600
24,15,281,7394284800
24,15,283,5968771200
24,15,285,6455484000
24,15,287,4822599600
24,15,289,4815417600
24,15,291,3791188800
24,15,293,4342842000
24,15,295,3011813280
24,15,297,3699410400
24,15,299,1618142400
24,15,301,2495782800
24,15,303,1519106400
24,15,305,1902625200
24,15,307,1098732600
24,15,309,1222401600
24,15,311,675259200
24,15,313,1001397600
24,15,315,545076000
24,15,317,841579200
24,15,319,370893600
24,15,321,581515200
24,15,323,149839200
24,15,325,315554400
24,15,327,51408000
24,15,329,149158800
24,15,331,29635200
24,15,333,106671600
24,15,335,86410800
24,15,337,30088800
24,15,339,39904200
24,15,341,22150800
24,15,343,453600
24,15,345,16198560
24,15,347,8467200
24,15,359,453600
24,15,361,226800
24,16,232,453600
24,16,234,604800
24,16,236,35380800
24,16,238,84823200
24,16,240,259459200
24,16,242,412776000
24,16,244,830995200
24,16,246,1082037600
24,16,248,1760194800
24,16,250,2404760400
24,16,252,3468471300
24,16,254,3954333600
24,16,256,5281203375
24,16,258,6764083200
24,16,260,7661606400
24,16,262,9078804000
24,16,264,11093090400
24,16,266,11887797600
24,16,268,14164136280
24,16,270,15087744000
24,16,272,16769743200
24,16,274,17983652400
24,16,276,19224941400
24,16,278,18706237200
24,16,280,20616876000
24,16,282,20973556800
24,16,284,21611431800
24,16,286,21296179800
24,16,288,22498578900
24,16,290,21045301200
24,16,292,21275503200
24,16,294,19208448000
24,16,296,19778018400
24,16,298,18765583200
24,16,300,18215593200
24,16,302,16704273600
24,16,304,16722304200
24,16,306,15573789000
24,16,308,16050787200
24,16,310,12579386400
24,16,312,13780317600
24,16,314,12336710400
24,16,316,10576893600
24,16,318,9290811600
24,16,320,9687743100
24,16,322,7943216400
24,16,324,7387858800
24,16,326,7918192800
24,16,328,6223732200
24,16,330,5156827200
24,16,332,5347490400
24,16,334,4130330400
24,16,336,3979319400
24,16,338,3465957600
24,16,340,3319066800
24,16,342,2388052800
24,16,344,2599430400
24,16,346,1463918400
24,16,348,1526162400
24,16,350,1211868000
24,16,352,1674766800
24,16,354,1022767200
24,16,356,863805600
24,16,358,457228800
24,16,360,745756200
24,16,362,306331200
24,16,364,355168800
24,16,366,328356000
24,16,368,380570400
24,16,370,172368000
24,16,372,204422400
24,16,374,53071200
24,16,376,61689600
24,16,378,31147200
24,16,380,7257600
24,16,382,31752000
24,16,384,19507950
24,16,386,1814400
24,16,388,680400
24,16,390,10886400
24,16,396,352800
24,16,408,700560
24,17,265,5443200
24,17,267,15876000
24,17,269,70308000
24,17,271,118087200
24,17,273,204876000
24,17,275,304592400
24,17,277,525420000
24,17,279,589881600
24,17,281,1005328800
24,17,283,1284927840
24,17,285,1580292000
24,17,287,1941559200
24,17,289,2904703200
24,17,291,3058322400
24,17,293,4175236800
24,17,295,4763971800
24,17,297,5923184400
24,17,299,6398254800
24,17,301,8121859200
24,17,303,8492274000
24,17,305,10218096000
24,17,307,11576476800
24,17,309,12860064000
24,17,311,13292823600
24,17,313,15712174800
24,17,315,15475093200
24,17,317,17407164600
24,17,319,17705368800
24,17,321,18888130800
24,17,323,18193896000
24,17,325,20527592400
24,17,327,19213538400
24,17,329,21251916000
24,17,331,20497276800
24,17,333,21073928400
24,17,335,18892818000
24,17,337,20740330800
24,17,339,19656541800
24,17,341,19871006400
24,17,343,18500265000
24,17,345,17783539200
24,17,347,16318713600
24,17,349,15082578000
24,17,351,14795751600
24,17,353,14379989400
24,17,355,13049164800
24,17,357,13218357600
24,17,359,10672376400
24,17,361,11259032400
24,17,363,9740606400
24,17,365,9715356000
24,17,367,7587216000
24,17,369,7651728000
24,17,371,6044522400
24,17,373,6659755200
24,17,375,5087905200
24,17,377,4965332400
24,17,379,4302018000
24,17,381,3789072000
24,17,383,3349987200
24,17,385,2585444400
24,17,387,2524888800
24,17,389,2359929600
24,17,391,2125116000
24,17,393,1646643600
24,17,395,1539594000
24,17,397,1339178400
24,17,399,1272045600
24,17,401,749196000
24,17,403,800528400
24,17,405,456372000
24,17,407,402948000
24,17,409,207597600
24,17,411,142808400
24,17,413,169495200
24,17,415,79380000
24,17,417,89686800
24,17,419,18370800
24,17,421,118238400
24,17,423,5110560
24,17,425,66679200
24,17,427,5443200
24,17,429,3628800
24,17,431,2721600
24,17,433,27442800
24,17,435,13608000
24,17,439,680400
24,17,455,226800
24,18,294,907200
24,18,296,907200
24,18,298,6048000
24,18,300,17992800
24,18,302,22680000
24,18,304,44452800
24,18,306,77414400
24,18,308,97524000
24,18,310,188357400
24,18,312,201096000
24,18,314,232394400
24,18,316,382082400
24,18,318,504970200
24,18,320,582271200
24,18,322,778528800
24,18,324,956466000
24,18,326,1084784400
24,18,328,1483725600
24,18,330,1973462400
24,18,332,2126854800
24,18,334,2500129800
24,18,336,3007821600
24,18,338,3527042400
24,18,340,4257640800
24,18,342,4864047300
24,18,344,5511447900
24,18,346,6729590700
24,18,348,7654953600
24,18,350,8074004400
24,18,352,9434086200
24,18,354,10061226000
24,18,356,10470070800
24,18,358,11963246400
24,18,360,12896830800
24,18,362,13288514400
24,18,364,14840582400
24,18,366,14842321200
24,18,368,14796280800
24,18,370,16729524000
24,18,372,16523211600
24,18,374,16330356000
24,18,376,17129712600
24,18,378,16322644800
24,18,380,15694862400
24,18,382,17147365200
24,18,384,15534703800
24,18,386,17177000400
24,18,388,15561277200
24,18,390,15925329000
24,18,392,13844628000
24,18,394,16118713800
24,18,396,13214048400
24,18,398,13635518400
24,18,400,11185322400
24,18,402,12535311600
24,18,404,9875476800
24,18,406,10934481600
24,18,408,8589520800
24,18,410,9140418000
24,18,412,8180978400
24,18,414,7359357600
24,18,416,6798103200
24,18,418,6545372400
24,18,420,5219575200
24,18,422,4976067600
24,18,424,4328100000
24,18,426,4053294000
24,18,428,2960344800
24,18,430,3345753600
24,18,432,2631862800
24,18,434,2581286400
24,18,436,2169417600
24,18,438,1896879600
24,18,440,920203200
24,18,442,1724436000
24,18,444,708523200
24,18,446,815308200
24,18,448,312681600
24,18,450,670874400
24,18,452,182196000
24,18,454,542203200
24,18,456,192175200
24,18,458,139708800
24,18,460,96616800
24,18,462,131392800
24,18,464,28576800
24,18,466,47174400
24,18,468,89812800
24,18,470,34473600
24,18,472,3175200
24,18,474,18295200
24,18,476,28576800
24,18,478,12700800
24,18,480,2041200
24,19,331,907200
24,19,335,6652800
24,19,337,5896800
24,19,339,11113200
24,19,341,34473600
24,19,343,19731600
24,19,345,48988800
24,19,347,24721200
24,19,349,62748000
24,19,351,53676000
24,19,353,144698400
24,19,355,112039200
24,19,357,222566400
24,19,359,160083000
24,19,361,294235200
24,19,363,274957200
24,19,365,463428000
24,19,367,375429600
24,19,369,758116800
24,19,371,692193600
24,19,373,1000868400
24,19,375,926402400
24,19,377,1341748800
24,19,379,1305763200
24,19,381,2017612800
24,19,383,1913058000
24,19,385,2638666800
24,19,387,2612736000
24,19,389,3246642000
24,19,391,3625473600
24,19,393,4460274000
24,19,395,4577920200
24,19,397,6106968000
24,19,399,5294142000
24,19,401,7142839200
24,19,403,6575158800
24,19,405,8741993400
24,19,407,7340684400
24,19,409,9830570400
24,19,411,8702391600
24,19,413,11055668400
24,19,415,9420818400
24,19,417,12481484400
24,19,419,10037865600
24,19,421,12968726400
24,19,423,10864929600
24,19,425,13767591600
24,19,427,11187590400
24,19,429,13630453200
24,19,431,11080692000
24,19,433,13365097200
24,19,435,11416003200
24,19,437,13245120000
24,19,439,10753192800
24,19,441,12582649800
24,19,443,9818776800
24,19,445,11506244400
24,19,447,9476712000
24,19,449,11172319200
24,19,451,8785173600
24,19,453,9628441200
24,19,455,7208157600
24,19,457,8796022200
24,19,459,6717186000
24,19,461,6790089600
24,19,463,5398671600
24,19,465,6381622800
24,19,467,3960532800
24,19,469,5218894800
24,19,471,3847284000
24,19,473,3999618000
24,19,475,3293892000
24,19,477,3178904400
24,19,479,2083838400
24,19,481,2359551600
24,19,483,1300546800
24,19,485,1206727200
24,19,487,1713096000
24,19,489,1041251400
24,19,491,562539600
24,19,493,587449800
24,19,495,421092000
24,19,497,505612800
24,19,499,371952000
24,19,501,251143200
24,19,503,295444800
24,19,505,345189600
24,19,507,93466800
24,19,509,170175600
24,19,511,69854400
24,19,513,71517600
24,19,515,88452000
24,19,517,21092400
24,19,519,3326400
24,19,521,5594400
24,19,525,40294800
24,19,529,1209600
24,19,531,6451200
24,19,561,16800
24,20,360,75600
24,20,368,226800
24,20,372,1814400
24,20,374,1058400
24,20,376,4536000
24,20,378,6350400
24,20,380,5292000
24,20,382,5443200
24,20,384,16052400
24,20,386,10886400
24,20,388,13608000
24,20,390,20916000
24,20,392,27745200
24,20,394,22982400
24,20,396,38329200
24,20,398,36741600
24,20,400,64486800
24,20,402,58623600
24,20,404,95180400
24,20,406,118314000
24,20,408,104353200
24,20,410,178416000
24,20,412,216669600
24,20,414,246607200
24,20,416,227896200
24,20,418,329767200
24,20,420,376160400
24,20,422,572896800
24,20,424,547570800
24,20,426,637383600
24,20,428,765412200
24,20,430,1055754000
24,20,432,990435600
24,20,434,1270231200
24,20,436,1582534800
24,20,438,1612245600
24,20,440,1974974400
24,20,442,2063653200
24,20,444,2615180400
24,20,446,2901376800
24,20,448,3368055600
24,20,450,3883874400
24,20,452,4053634200
24,20,454,4482928800
24,20,456,4890060000
24,20,458,5432918400
24,20,460,5698803600
24,20,462,6179090400
24,20,464,6415983000
24,20,466,6758677800
24,20,468,7441204050
24,20,470,7139845440
24,20,472,7076764800
24,20,474,7834881600
24,20,476,8048791800
24,20,478,8676536400
24,20,480,8549683380
24,20,482,8326054800
24,20,484,7835675400
24,20,486,8979616800
24,20,488,8279787600
24,20,490,8716377600
24,20,492,8018665200
24,20,494,7494379200
24,20,496,8125714800
24,20,498,7335770400
24,20,500,7362684000
24,20,502,6344503200
24,20,504,6042556800
24,20,506,5617382400
24,20,508,6243085800
24,20,510,5724280800
24,20,512,4893361200
24,20,514,4357432800
24,20,516,3902875200
24,20,518,3058473600
24,20,520,3316345200
24,20,522,3534955200
24,20,524,2154297600
24,20,526,2864786400
24,20,528,1943562600
24,20,530,1245888000
24,20,532,1619049600
24,20,534,1010772000
24,20,536,1035568800
24,20,538,1065204000
24,20,540,699148800
24,20,542,450424800
24,20,544,479001600
24,20,546,534492000
24,20,548,183027600
24,20,550,320846400
24,20,552,193158000
24,20,554,211377600
24,20,556,254242800
24,20,558,111081600
24,20,560,64524600
24,20,562,128217600
24,20,564,5670000
24,20,566,13003200
24,20,568,71668800
24,20,570,3931200
24,20,572,83462400
24,20,582,2419200
24,21,399,453600
24,21,413,302400
24,21,415,1360800
24,21,417,50400
24,21,419,1209600
24,21,421,3326400
24,21,423,1058400
24,21,425,8618400
24,21,427,2116800
24,21,429,6955200
24,21,431,1360800
24,21,433,2116800
24,21,435,3175200
24,21,437,10432800
24,21,439,5896800
24,21,441,4611600
24,21,443,13759200
24,21,445,12398400
24,21,447,21470400
24,21,449,17992800
24,21,451,31600800
24,21,453,35179200
24,21,455,55036800
24,21,457,29181600
24,21,459,81572400
24,21,461,86032800
24,21,463,114458400
24,21,465,96994800
24,21,467,121111200
24,21,469,132224400
24,21,471,221886000
24,21,473,212587200
24,21,475,334908000
24,21,477,250765200
24,21,479,454734000
24,21,481,312606000
24,21,483,589014720
24,21,485,498128400
24,21,487,637043400
24,21,489,715629600
24,21,491,857001600
24,21,493,978974640
24,21,495,1257757200
24,21,497,1141408800
24,21,499,1439272800
24,21,501,1302966000
24,21,503,2101113000
24,21,505,2121184800
24,21,507,2222073000
24,21,509,2610014400
24,21,511,2851027200
24,21,513,3201508800
24,21,515,3066373800
24,21,517,3674311200
24,21,519,3740763600
24,21,521,4258245600
24,21,523,4504815000
24,21,525,4735432800
24,21,527,4251895200
24,21,529,5154408000
24,21,531,4699863000
24,21,533,5691168000
24,21,535,4840970400
24,21,537,5633371800
24,21,539,5302584000
24,21,541,5273402400
24,21,543,5223204000
24,21,545,4960569600
24,21,547,5104360800
24,21,549,4684780800
24,21,551,4880282400
24,21,553,4138344000
24,21,555,4288561200
24,21,557,4062895200
24,21,559,3929234400
24,21,561,3470040000
24,21,563,3633260400
24,21,565,2733771600
24,21,567,3136644000
24,21,569,2399166000
24,21,571,2744733600
24,21,573,1863993600
24,21,575,1762538400
24,21,577,2023963200
24,21,579,1296313200
24,21,581,1087279200
24,21,583,1146700800
24,21,585,1178604000
24,21,587,1038668400
24,21,589,546588000
24,21,591,790700400
24,21,593,550972800
24,21,595,518616000
24,21,597,630050400
24,21,599,292420800
24,21,601,95256000
24,21,603,387011520
24,21,605,229181400
24,21,607,35683200
24,21,609,44452800
24,21,611,45813600
24,21,613,9979200
24,21,615,30693600
24,21,617,21772800
24,21,619,151200
24,21,621,12096000
24,21,623,6350400
24,21,635,37800
24,21,643,2570400
24,22,438,189000
24,22,442,453600
24,22,464,756000
24,22,468,1663200
24,22,470,907200
24,22,472,907200
24,22,474,2721600
24,22,476,302400
24,22,478,1814400
24,22,480,756000
24,22,482,226800
24,22,484,2570400
24,22,486,3194100
24,22,488,2759400
24,22,490,1833300
24,22,492,1058400
24,22,494,9072000
24,22,496,5140800
24,22,498,11755800
24,22,500,1512000
24,22,502,17690400
24,22,504,12511800
24,22,506,17236800
24,22,508,23209200
24,22,510,18900000
24,22,512,31147200
24,22,514,78548400
24,22,516,49140000
24,22,518,64260000
24,22,520,40899600
24,22,522,65734200
24,22,524,78246000
24,22,526,157852800
24,22,528,91476000
24,22,530,156794400
24,22,532,166244400
24,22,534,142430400
24,22,536,152560800
24,22,538,229786200
24,22,540,254772000
24,22,542,193989600
24,22,544,539935200
24,22,546,399016800
24,22,548,396295200
24,22,550,561254400
24,22,552,509695200
24,22,554,605593800
24,22,556,735436800
24,22,558,862520400
24,22,560,1133848800
24,22,562,1161556200
24,22,564,1428462000
24,22,566,1474502400
24,22,568,1520996400
24,22,570,1697274000
24,22,572,2081646000
24,22,574,1822375800
24,22,576,2106216000
24,22,578,2326998240
24,22,580,2349572400
24,22,582,2311394400
24,22,584,2724926400
24,22,586,2456924400
24,22,588,2456269200
24,22,590,2814361200
24,22,592,2682439200
24,22,594,3001849200
24,22,596,2972516400
24,22,598,2628914400
24,22,600,2599959600
24,22,602,2698844400
24,22,604,2855260800
24,22,606,2676189600
24,22,608,2816553600
24,22,610,1971648000
24,22,612,2412471600
24,22,614,2115590400
24,22,616,2039536800
24,22,618,2103244920
24,22,620,1954864800
24,22,622,2091927600
24,22,624,1682856000
24,22,626,1364898600
24,22,628,1270382400
24,22,630,1254355200
24,22,632,1049403600
24,22,634,1104440400
24,22,636,714268800
24,22,638,829936800
24,22,640,805744800
24,22,642,603388800
24,22,644,274276800
24,22,646,693327600
24,22,648,317520000
24,22,650,293479200
24,22,652,59119200
24,22,654,192288600
24,22,656,27820800
24,22,658,197542800
24,22,660,20563200
24,22,662,4536000
24,22,664,3175200
24,22,666,61714800
24,22,668,302400
24,22,670,55641600
24,22,672,4233600
24,22,674,189000
24,22,678,19051200
24,22,684,6879600
24,22,686,27669600
24,22,688,16632000
24,22,690,2570400
24,22,696,176400
24,22,698,15120
24,22,738,120
24,23,487,151200
24,23,489,100800
24,23,515,302400
24,23,517,453600
24,23,521,302400
24,23,523,1058400
24,23,525,302400
24,23,529,907200
24,23,531,756000
24,23,535,302400
24,23,537,680400
24,23,539,151200
24,23,541,604800
24,23,543,705600
24,23,545,907200
24,23,547,3477600
24,23,549,1058400
24,23,551,151200
24,23,553,4536000
24,23,555,6501600
24,23,557,4309200
24,23,559,5292000
24,23,561,6010200
24,23,563,13078800
24,23,565,19656000
24,23,567,13305600
24,23,569,23738400
24,23,571,30542400
24,23,573,29484000
24,23,575,27064800
24,23,577,19278000
24,23,579,31752000
24,23,581,40824000
24,23,583,44150400
24,23,585,73483200
24,23,587,78019200
24,23,589,73634400
24,23,591,61992000
24,23,593,134719200
24,23,595,133056000
24,23,597,115617600
24,23,599,163220400
24,23,601,103572000
24,23,603,140212800
24,23,605,194292000
24,23,607,308145600
24,23,609,136836000
24,23,611,221659200
24,23,613,291664800
24,23,615,388483200
24,23,617,470610000
24,23,619,442940400
24,23,621,362502000
24,23,623,656056800
24,23,625,540124200
24,23,627,791645400
24,23,629,825854400
24,23,631,944017200
24,23,633,709884000
24,23,635,871516800
24,23,637,956718000
24,23,639,1122609600
24,23,641,1400905800
24,23,643,1112529600
24,23,645,1256245200
24,23,647,1278093600
24,23,649,1263994200
24,23,651,1438668000
24,23,653,1266678000
24,23,655,1884103200
24,23,657,1394744400
24,23,659,1150669800
24,23,661,1361556000
24,23,663,1608163200
24,23,665,1636815600
24,23,667,1191531600
24,23,669,1579208400
24,23,671,995803200
24,23,673,1411300800
24,23,675,988596000
24,23,677,1096048800
24,23,679,979322400
24,23,681,1218142800
24,23,683,856170000
24,23,685,794971800
24,23,687,526768200
24,23,689,638215200
24,23,691,839311200
24,23,693,524210400
24,23,695,261878400
24,23,697,224380800
24,23,699,238329000
24,23,701,232167600
24,23,703,89510400
24,23,705,271857600
24,23,707,46947600
24,23,709,68191200
24,23,711,219366000
24,23,713,70043400
24,23,715,18446400
24,23,717,107654400
24,23,719,39160800
24,23,721,25401600
24,23,723,29874600
24,23,725,12700800
24,23,727,604800
24,23,729,5745600
24,23,731,41126400
24,23,733,37800000
24,23,735,21722400
24,23,737,3326400
24,23,739,75600
24,23,741,18459000
24,23,755,37800
24,24,538,151200
24,24,540,12600
24,24,574,302400
24,24,576,100800
24,24,580,302400
24,24,592,302400
24,24,594,151200
24,24,598,907200
24,24,602,302400
24,24,604,756000
24,24,606,226800
24,24,608,2116800
24,24,610,907200
24,24,612,919800
24,24,614,1814400
24,24,616,4233600
24,24,618,2419200
24,24,620,1058400
24,24,622,5140800
24,24,624,3780000
24,24,626,13910400
24,24,628,14212800
24,24,630,7333200
24,24,632,2570400
24,24,634,14666400
24,24,636,24456600
24,24,638,23587200
24,24,640,24494400
24,24,642,19051200
24,24,644,48081600
24,24,646,12096000
24,24,648,44730000
24,24,650,35380800
24,24,652,65167200
24,24,654,56624400
24,24,656,53865000
24,24,658,47476800
24,24,660,46418400
24,24,662,62370000
24,24,664,116348400
24,24,666,60706800
24,24,668,182574000
24,24,670,147873600
24,24,672,118389600
24,24,674,170856000
24,24,676,94197600
24,24,678,105613200
24,24,680,212133600
24,24,682,302551200
24,24,684,183966300
24,24,686,239954400
24,24,688,382158000
24,24,690,372670200
24,24,692,290152800
24,24,694,473709600
24,24,696,353505600
24,24,698,382914000
24,24,700,573690600
24,24,702,499262400
24,24,704,415100700
24,24,706,697863600
24,24,708,516045600
24,24,710,669967200
24,24,712,646077600
24,24,714,627706800
24,24,716,470005200
24,24,718,764656200
24,24,720,741881700
24,24,722,675108000
24,24,724,913966200
24,24,726,842940000
24,24,728,539179200
24,24,730,622188000
24,24,732,768247200
24,24,734,357210000
24,24,736,367491600
24,24,738,535323600
24,24,740,693856800
24,24,742,376185600
24,24,744,608277600
24,24,746,182800800
24,24,748,270799200
24,24,750,341485200
24,24,752,210016800
24,24,754,208353600
24,24,756,272991600
24,24,758,138348000
24,24,760,54205200
24,24,762,126856800
24,24,764,127310400
24,24,766,46267200
24,24,768,17766000
24,24,770,24796800
24,24,772,8845200
24,24,774,48346200
24,24,776,21659400
24,24,778,10886400
24,24,780,7484400
24,24,782,3628800
24,24,784,55339200
24,24,786,1738800
24,24,788,93139200
24,24,790,1512000
24,24,792,32583600
24,25,663,151200
24,25,667,453600
24,25,669,75600
24,25,671,982800
24,25,677,907200
24,25,685,1058400
24,25,687,5292000
24,25,691,7371000
24,25,693,3780000
24,25,695,4536000
24,25,697,6804000
24,25,699,6577200
24,25,701,9072000
24,25,703,7257600
24,25,705,10886400
24,25,707,25401600
24,25,709,15422400
24,25,711,21546000
24,25,713,22680000
24,25,715,43545600
24,25,717,31600800
24,25,719,42184800
24,25,721,28123200
24,25,723,51030000
24,25,725,44528400
24,25,727,46191600
24,25,729,59572800
24,25,731,48535200
24,25,733,57304800
24,25,735,54432000
24,25,737,53071200
24,25,739,149612400
24,25,741,64940400
24,25,743,60026400
24,25,745,79107840
24,25,747,171612000
24,25,749,74466000
24,25,751,112946400
24,25,753,68493600
24,25,755,185522400
24,25,757,189907200
24,25,759,174787200
24,25,761,219844800
24,25,763,267094800
24,25,765,107200800
24,25,767,258476400
24,25,769,361065600
24,25,771,273596400
24,25,773,208807200
24,25,775,267850800
24,25,777,228715200
24,25,779,288943200
24,25,781,373161600
24,25,783,249253200
24,25,785,292194000
24,25,787,396673200
24,25,789,263995200
24,25,791,332866800
24,25,793,358344000
24,25,795,317872800
24,25,797,206161200
24,25,799,263390400
24,25,801,83916000
24,25,803,166622400
24,25,805,110376000
24,25,807,316360800
24,25,809,98884800
24,25,811,104554800
24,25,813,36288000
24,25,815,66225600
24,25,817,48081600
24,25,819,196560000
24,25,821,55036800
24,25,823,24570000
24,25,825,132300000
24,25,827,19353600
24,25,829,12247200
24,25,831,89132400
24,25,833,42184800
24,25,835,71668800
24,25,837,25741800
24,25,839,31298400
24,25,841,25779600
24,25,843,201600
24,25,845,4536000
24,25,847,2116800
24,25,849,9601200
24,25,855,453600
24,26,648,6300
24,26,684,12600
24,26,724,75600
24,26,738,100800
24,26,744,1814400
24,26,746,680400
24,26,748,302400
24,26,752,907200
24,26,754,1814400
24,26,756,5103000
24,26,758,3628800
24,26,760,302400
24,26,762,302400
24,26,764,453600
24,26,766,7333200
24,26,768,4838400
24,26,770,2268000
24,26,772,5443200
24,26,774,6501600
24,26,776,9072000
24,26,778,11793600
24,26,780,17388000
24,26,782,14061600
24,26,784,21697200
24,26,786,13230000
24,26,788,26460000
24,26,790,27310500
24,26,792,35775600
24,26,794,19656000
24,26,796,20563200
24,26,798,47310480
24,26,800,28123200
24,26,802,37346400
24,26,804,35229600
24,26,806,52844400
24,26,808,42714000
24,26,810,46267200
24,26,812,40370400
24,26,814,54507600
24,26,816,68418000
24,26,818,48535200
24,26,820,113400000
24,26,822,41277600
24,26,824,42033600
24,26,826,105197400
24,26,828,55944000
24,26,830,195426000
24,26,832,102286800
24,26,834,77868000
24,26,836,58816800
24,26,838,112039200
24,26,840,81496800
24,26,842,42751800
24,26,844,282517200
24,26,846,111799800
24,26,848,31147200
24,26,850,128822400
24,26,852,69854400
24,26,854,101379600
24,26,856,178113600
24,26,858,60984000
24,26,860,50727600
24,26,862,171612000
24,26,864,77490000
24,26,866,29332800
24,26,868,108864000
24,26,870,89226900
24,26,872,94802400
24,26,874,74390400
24,26,876,49291200
24,26,878,112946400
24,26,880,59572800
24,26,882,14212800
24,26,884,14364000
24,26,886,33793200
24,26,888,9072000
24,26,890,56246400
24,26,892,10886400
24,26,894,3326400
24,26,896,907200
24,26,898,43092000
24,26,900,100800
24,26,902,302400
24,26,904,2721600
24,26,906,4788000
24,26,908,2721600
24,26,912,21924000
24,27,753,5040
24,27,793,7560
24,27,795,16800
24,27,813,1209600
24,27,819,907200
24,27,823,453600
24,27,825,1814400
24,27,829,907200
24,27,831,1814400
24,27,837,1864800
24,27,841,1814400
24,27,843,4233600
24,27,845,1814400
24,27,849,4586400
24,27,851,5443200
24,27,853,12474000
24,27,855,4334400
24,27,857,14515200
24,27,859,9223200
24,27,861,21470400
24,27,863,10886400
24,27,865,15422400
24,27,867,26271000
24,27,869,21772800
24,27,871,25401600
24,27,873,39916800
24,27,875,5594400
24,27,877,32432400
24,27,879,31600800
24,27,881,21772800
24,27,883,17539200
24,27,885,40824000
24,27,887,21772800
24,27,889,33566400
24,27,891,32218200
24,27,893,13910400
24,27,895,23284800
24,27,897,77313600
24,27,899,11340000
24,27,901,32961600
24,27,903,123832800
24,27,905,7257600
24,27,907,20563200
24,27,909,67888800
24,27,911,21772800
24,27,913,31827600
24,27,915,18761400
24,27,917,29710800
24,27,919,28576800
24,27,921,111358800
24,27,923,18144000
24,27,925,43318800
24,27,927,53222400
24,27,929,28198800
24,27,931,9374400
24,27,933,40068000
24,27,935,35078400
24,27,937,18219600
24,27,939,907200
24,27,941,36590400
24,27,943,4762800
24,27,945,35796600
24,27,949,22075200
24,27,953,43848000
24,27,955,10357200
24,27,957,8164800
24,27,961,55641600
24,27,965,1360800
24,27,967,42184800
24,28,880,907200
24,28,884,113400
24,28,896,453600
24,28,900,2381400
24,28,904,1814400
24,28,908,907200
24,28,910,453600
24,28,912,302400
24,28,916,3742200
24,28,920,2268000
24,28,922,453600
24,28,924,1814400
24,28,926,907200
24,28,928,9072000
24,28,930,302400
24,28,932,5178600
24,28,934,2986200
24,28,936,2721600
24,28,938,4989600
24,28,940,13154400
24,28,942,5821200
24,28,944,9072000
24,28,946,13645800
24,28,948,12852000
24,28,950,2721600
24,28,952,24948000
24,28,954,8845200
24,28,956,15422400
24,28,958,10735200
24,28,960,13192200
24,28,962,3704400
24,28,964,18597600
24,28,966,11793600
24,28,968,14061600
24,28,970,13343400
24,28,972,53978400
24,28,974,4914000
24,28,976,58665600
24,28,978,9525600
24,28,980,5745600
24,28,982,7786800
24,28,984,7572600
24,28,986,6199200
24,28,988,32356800
24,28,990,35305200
24,28,992,42033600
24,28,994,7560000
24,28,996,8769600
24,28,998,3628800
24,28,1000,9979200
24,28,1002,18711000
24,28,1004,5443200
24,28,1006,34776000
24,28,1008,26460000
24,28,1010,22226400
24,28,1012,10886400
24,28,1014,2721600
24,28,1016,18144000
24,28,1018,16329600
24,28,1020,151200
24,28,1022,2268000
24,28,1024,8164800
24,28,1026,2041200
24,28,1030,151200
24,28,1038,50400
24,28,1044,289800
24,29,975,151200
24,29,979,604800
24,29,995,7711200
24,29,999,453600
24,29,1005,1814400
24,29,1007,2457000
24,29,1009,7711200
24,29,1011,2570400
24,29,1015,2419200
24,29,1017,7257600
24,29,1019,3175200
24,29,1023,10848600
24,29,1025,907200
24,29,1027,7862400
24,29,1029,6048000
24,29,1031,8618400
24,29,1035,12398400
24,29,1037,604800
24,29,1039,3175200
24,29,1041,7635600
24,29,1043,8769600
24,29,1045,1814400
24,29,1047,9550800
24,29,1049,2116800
24,29,1051,3175200
24,29,1053,4838400
24,29,1055,6350400
24,29,1057,1814400
24,29,1059,2419200
24,29,1061,24192000
24,29,1063,2268000
24,29,1065,16632000
24,29,1071,1738800
24,29,1077,41731200
24,29,1079,453600
24,29,1089,14011200
24,29,1095,16800
24,29,1107,37800
24,30,1020,12600
24,30,1062,151200
24,30,1068,37800
24,30,1074,50400
24,30,1078,963900
24,30,1086,8467200
24,30,1090,7862400
24,30,1092,302400
24,30,1098,604800
24,30,1100,1360800
24,30,1104,982800
24,30,1106,1814400
24,30,1110,7938000
24,30,1114,1814400
24,30,1116,5140800
24,30,1118,3628800
24,30,1120,2721600
24,30,1122,2419200
24,30,1124,2268000
24,30,1126,1814400
24,30,1128,907200
24,30,1130,3931200
24,30,1132,1209600
24,30,1134,2721600
24,30,1136,3628800
24,30,1138,604800
24,30,1140,907200
24,30,1142,1814400
24,30,1148,907200
24,30,1152,907200
24,30,1180,3916080
24,31,1167,7711200
24,31,1173,514080
24,31,1183,7764120
24,31,1191,2570400
24,31,1203,166320
24,31,1211,340200
24,31,1231,6955200
24,31,1239,6955200
24,32,1152,4725
24,32,1254,2570400
24,32,1258,151200
24,32,1260,1927800
24,32,1266,151200
24,32,1274,302400
24,32,1278,2570400
24,32,1282,302400
24,32,1284,378000
24,32,1286,718200
24,32,1290,907200
24,32,1292,604800
24,32,1296,321300
24,32,1298,226800
24,32,1300,453600
24,32,1302,75600
24,33,1267,113400
24,33,1353,2570400
24,33,1369,1285200
24,34,1366,226800
24,34,1382,113400
24,34,1398,25200
24,35,1467,151200
24,35,1479,75600
24,35,1575,99120
24,36,1556,9450
24,36,1564,151200
24,36,1578,120
24,36,1588,37800
24,36,1608,2520
24,36,1638,128520
24,38,1776,12600
25,0,0,126
25,4,36,28350
25,5,55,37800
25,6,42,25200
25,6,66,126000
25,6,78,1260
25,7,63,201600
25,7,71,604800
25,7,87,403200
25,8,64,56700
25,8,76,378000
25,8,78,302400
25,8,80,1058400
25,8,82,302400
25,8,88,907200
25,8,92,529200
25,8,104,453600
25,8,108,756000
25,8,110,151200
25,8,112,793800
25,9,85,604800
25,9,93,1663200
25,9,95,982800
25,9,97,1209600
25,9,99,1474200
25,9,101,1209600
25,9,105,1814400
25,9,107,907200
25,9,109,3477600
25,9,111,2268000
25,9,113,907200
25,9,115,302400
25,9,117,1360800
25,9,123,907200
25,9,127,1587600
25,9,135,630000
25,9,139,756000
25,9,141,151200
25,9,143,75600
25,10,90,181440
25,10,94,453600
25,10,96,1058400
25,10,98,1134000
25,10,102,2268000
25,10,104,1814400
25,10,106,3591000
25,10,108,7257600
25,10,110,6350400
25,10,112,5594400
25,10,114,9676800
25,10,116,2721600
25,10,118,4309200
25,10,120,2154600
25,10,122,7560000
25,10,124,2116800
25,10,126,8164800
25,10,128,2268000
25,10,130,10281600
25,10,132,3326400
25,10,134,7257600
25,10,138,10899000
25,10,142,3175200
25,10,144,756000
25,10,146,3477600
25,10,148,5140800
25,10,150,1360800
25,10,154,151200
25,10,158,907200
25,10,160,1360800
25,10,162,1587600
25,10,168,151200
25,10,170,808920
25,10,174,126000
25,11,113,37800
25,11,117,3628800
25,11,119,5896800
25,11,121,6048000
25,11,123,22680000
25,11,125,18597600
25,11,127,26006400
25,11,129,15422400
25,11,131,21319200
25,11,133,33415200
25,11,135,24796800
25,11,137,26308800
25,11,139,24721200
25,11,141,26006400
25,11,143,40083120
25,11,145,26686800
25,11,147,24494400
25,11,149,11529000
25,11,151,12700800
25,11,153,21016800
25,11,155,9374400
25,11,157,21470400
25,11,159,15271200
25,11,161,8920800
25,11,163,16783200
25,11,165,4082400
25,11,167,6955200
25,11,169,17841600
25,11,171,3024000
25,11,173,7257600
25,11,175,1512000
25,11,177,3628800
25,11,179,453600
25,11,181,453600
25,11,183,5896800
25,11,185,4989600
25,11,187,2721600
25,11,189,2116800
25,11,193,3931200
25,11,203,30240
25,11,205,1058400
25,12,132,3288600
25,12,134,3628800
25,12,136,21546000
25,12,138,15006600
25,12,140,32810400
25,12,142,48384000
25,12,144,65772000
25,12,146,76658400
25,12,148,145000800
25,12,150,112644000
25,12,152,105008400
25,12,154,118843200
25,12,156,128595600
25,12,158,95634000
25,12,160,126705600
25,12,162,93592800
25,12,164,123303600
25,12,166,93139200
25,12,168,123228000
25,12,170,78019200
25,12,172,124588800
25,12,174,83260800
25,12,176,69627600
25,12,178,75297600
25,12,180,55679400
25,12,182,33566400
25,12,184,73483200
25,12,186,49593600
25,12,188,33868800
25,12,190,17690400
25,12,192,47035800
25,12,194,17236800
25,12,196,15346800
25,12,198,12398400
25,12,200,8920800
25,12,202,10886400
25,12,204,10735200
25,12,206,11415600
25,12,208,13078800
25,12,210,13003200
25,12,212,27594000
25,12,214,3780000
25,12,216,4687200
25,12,218,907200
25,12,220,5443200
25,12,222,302400
25,12,224,2116800
25,12,226,604800
25,12,228,1757700
25,12,238,1512000
25,12,240,771120
25,13,153,1814400
25,13,155,4082400
25,13,157,33566400
25,13,159,26308800
25,13,161,139708800
25,13,163,193233600
25,13,165,200793600
25,13,167,311623200
25,13,169,352598400
25,13,171,400377600
25,13,173,500774400
25,13,175,483688800
25,13,177,472802400
25,13,179,455263200
25,13,181,500698800
25,13,183,485616600
25,13,185,530560800
25,13,187,419013000
25,13,189,407572200
25,13,191,406652400
25,13,193,352900800
25,13,195,293176800
25,13,197,403099200
25,13,199,288111600
25,13,201,264751200
25,13,203,265809600
25,13,205,231033600
25,13,207,228274200
25,13,209,182271600
25,13,211,174031200
25,13,213,131014800
25,13,215,112492800
25,13,217,125269200
25,13,219,96616800
25,13,221,57456000
25,13,223,56926800
25,13,225,71820000
25,13,227,40672800
25,13,229,41126400
25,13,231,17010000
25,13,233,53524800
25,13,235,49064400
25,13,237,16430400
25,13,239,36968400
25,13,241,26308800
25,13,243,26308800
25,13,245,20563200
25,13,247,8164800
25,13,249,13154400
25,13,251,9525600
25,13,253,2419200
25,13,255,16002000
25,13,257,3326400
25,13,259,2116800
25,13,261,1814400
25,13,263,2872800
25,13,279,667800
25,14,178,4536000
25,14,180,10886400
25,14,182,80287200
25,14,184,244036800
25,14,186,349574400
25,14,188,493516800
25,14,190,775656000
25,14,192,943450200
25,14,194,1199318400
25,14,196,1332525600
25,14,198,1391569200
25,14,200,1469815200
25,14,202,1652086800
25,14,204,1445320800
25,14,206,1746738000
25,14,208,1640671200
25,14,210,1612396800
25,14,212,1321639200
25,14,214,1629709200
25,14,216,1395727200
25,14,218,1457303400
25,14,220,1333886400
25,14,222,1215648000
25,14,224,939481200
25,14,226,1082743200
25,14,228,833351400
25,14,230,1006160400
25,14,232,680097600
25,14,234,720543600
25,14,236,538120800
25,14,238,537553800
25,14,240,454809600
25,14,242,519901200
25,14,244,336571200
25,14,246,309884400
25,14,248,275940000
25,14,250,357361200
25,14,252,167529600
25,14,254,249631200
25,14,256,189907200
25,14,258,203666400
25,14,260,170856000
25,14,262,125798400
25,14,264,103118400
25,14,266,119901600
25,14,268,93592800
25,14,270,72576000
25,14,272,38102400
25,14,274,63201600
25,14,276,29181600
25,14,278,31071600
25,14,280,16934400
25,14,282,40975200
25,14,284,13608000
25,14,286,36552600
25,14,288,14112000
25,14,290,14364000
25,14,292,7257600
25,14,294,5443200
25,14,296,4309200
25,14,298,4989600
25,14,300,453600
25,14,302,2872800
25,14,306,604800
25,14,318,1701000
25,15,205,14424480
25,15,207,43545600
25,15,209,201852000
25,15,211,336117600
25,15,213,658324800
25,15,215,837345600
25,15,217,1777658400
25,15,219,1812812400
25,15,221,2691662400
25,15,223,2813832000
25,15,225,3626668080
25,15,227,3366770400
25,15,229,4073857200
25,15,231,3803436000
25,15,233,4226191200
25,15,235,3952065600
25,15,237,4451668200
25,15,239,3742200000
25,15,241,4388050800
25,15,243,3768055200
25,15,245,3964312800
25,15,247,3380605200
25,15,249,3840404400
25,15,251,2805516000
25,15,253,3377354400
25,15,255,2783282040
25,15,257,2820787200
25,15,259,2309202000
25,15,261,2460175200
25,15,263,1713398400
25,15,265,1892192400
25,15,267,1574143200
25,15,269,1497711600
25,15,271,1216404000
25,15,273,1225854000
25,15,275,998676000
25,15,277,1088337600
25,15,279,899337600
25,15,281,870307200
25,15,283,678585600
25,15,285,592855200
25,15,287,552333600
25,15,289,503042400
25,15,291,410004000
25,15,293,539784000
25,15,295,313936560
25,15,297,441504000
25,15,299,171763200
25,15,301,235494000
25,15,303,164656800
25,15,305,188244000
25,15,307,138952800
25,15,309,116802000
25,15,311,41428800
25,15,313,95860800
25,15,315,54734400
25,15,317,90871200
25,15,319,47930400
25,15,321,78624000
25,15,323,13078800
25,15,325,49654080
25,15,327,8164800
25,15,329,19958400
25,15,331,2343600
25,15,333,6993000
25,15,335,7257600
25,15,337,4082400
25,15,339,2016000
25,15,341,1814400
25,15,345,2182320
25,15,347,907200
25,15,359,75600
25,15,361,37800
25,16,232,3175200
25,16,234,15422400
25,16,236,93781800
25,16,238,245397600
25,16,240,461311200
25,16,242,932148000
25,16,244,1233111600
25,16,246,1877072400
25,16,248,2503872000
25,16,250,3884176800
25,16,252,3891018600
25,16,254,5142690000
25,16,256,5665577400
25,16,258,6451628400
25,16,260,6688861200
25,16,262,7548660000
25,16,264,7738869600
25,16,266,7797535200
25,16,268,8486727480
25,16,270,8431516800
25,16,272,8356370400
25,16,274,8596929600
25,16,276,8124404400
25,16,278,7396779600
25,16,280,7751419200
25,16,282,7235222400
25,16,284,6670263600
25,16,286,6551647200
25,16,288,6106892400
25,16,290,5378032800
25,16,292,5521219200
25,16,294,4507423200
25,16,296,4712526000
25,16,298,4206837600
25,16,300,4175690400
25,16,302,3320276400
25,16,304,3601584000
25,16,306,2924548200
25,16,308,2974104000
25,16,310,2165788800
25,16,312,2634987600
25,16,314,2154600000
25,16,316,1936342800
25,16,318,1570816800
25,16,320,1628216100
25,16,322,1302588000
25,16,324,1149195600
25,16,326,1218974400
25,16,328,905302440
25,16,330,756403200
25,16,332,783367200
25,16,334,519372000
25,16,336,520506000
25,16,338,451498320
25,16,340,530409600
25,16,342,308296800
25,16,344,345492000
25,16,346,172216800
25,16,348,163674000
25,16,350,144396000
25,16,352,267775200
25,16,354,132753600
25,16,356,142354800
25,16,358,48232800
25,16,360,100296000
25,16,362,27820800
25,16,364,45360000
25,16,366,42537600
25,16,368,39312000
25,16,370,18144000
25,16,372,28841400
25,16,374,9374400
25,16,376,14893200
25,16,378,2973600
25,16,380,1814400
25,16,382,1965600
25,16,384,4589550
25,16,386,75600
25,16,388,204120
25,16,390,1260000
25,16,408,317520
25,17,263,1814400
25,17,265,7257600
25,17,267,102513600
25,17,269,239954400
25,17,271,385106400
25,17,273,718956000
25,17,275,1066640400
25,17,277,1774029600
25,17,279,2149156800
25,17,281,3405780000
25,17,283,3743258400
25,17,285,4829494320
25,17,287,5226530400
25,17,289,7299936000
25,17,291,6891091200
25,17,293,9072907200
25,17,295,8759394000
25,17,297,11240611200
25,17,299,9919476000
25,17,301,12594808800
25,17,303,11052266400
25,17,305,13411288800
25,17,307,11984338800
25,17,309,13695242400
25,17,311,11365401600
25,17,313,13381956000
25,17,315,11642702400
25,17,317,12803313600
25,17,319,11004865200
25,17,321,11839035600
25,17,323,9894981600
25,17,325,10626714000
25,17,327,8757806400
25,17,329,9762908400
25,17,331,8496457200
25,17,333,8500942800
25,17,335,7100125200
25,17,337,7160983200
25,17,339,6360039000
25,17,341,6598216800
25,17,343,5719971600
25,17,345,5415681600
25,17,347,4884516000
25,17,349,4432050000
25,17,351,3833827200
25,17,353,3779811000
25,17,355,3336832800
25,17,357,3188354400
25,17,359,2521108800
25,17,361,2574104400
25,17,363,2114532000
25,17,365,2150820000
25,17,367,1599696000
25,17,369,1630011600
25,17,371,1216857600
25,17,373,1381287600
25,17,375,1021204800
25,17,377,894650400
25,17,379,841730400
25,17,381,650462400
25,17,383,587109600
25,17,385,383821200
25,17,387,414741600
25,17,389,329011200
25,17,391,340351200
25,17,393,277300800
25,17,395,259156800
25,17,397,238140000
25,17,399,224683200
25,17,401,147042000
25,17,403,145227600
25,17,405,72966600
25,17,407,93970800
25,17,409,17841600
25,17,411,18900000
25,17,413,18597600
25,17,415,10962000
25,17,417,15926400
25,17,419,604800
25,17,421,18144000
25,17,423,756000
25,17,425,9979200
25,17,427,1209600
25,17,431,604800
25,17,433,6350400
25,17,435,982800
25,17,439,151200
25,17,455,90720
25,18,294,1360800
25,18,296,1814400
25,18,298,32205600
25,18,300,73483200
25,18,302,150141600
25,18,304,315705600
25,18,306,431524800
25,18,308,664524000
25,18,310,1022565600
25,18,312,1384840800
25,18,314,1698127200
25,18,316,2509768800
25,18,318,2907273600
25,18,320,3710901600
25,18,322,4382191800
25,18,324,5290941600
25,18,326,5871020400
25,18,328,7140495600
25,18,330,8022445200
25,18,332,9094037400
25,18,334,9659260800
25,18,336,10920495600
25,18,338,11535577200
25,18,340,12598135200
25,18,342,13151546100
25,18,344,13567913100
25,18,346,14707242900
25,18,348,15044248800
25,18,350,14865001200
25,18,352,15169593600
25,18,354,15647990400
25,18,356,14987019600
25,18,358,15213214800
25,18,360,14871276000
25,18,362,15095524500
25,18,364,14575226400
25,18,366,13954096800
25,18,368,12383280000
25,18,370,13016732400
25,18,372,12322346400
25,18,374,11700536400
25,18,376,10970353800
25,18,378,10706182200
25,18,380,8823729600
25,18,382,9129682800
25,18,384,8000370000
25,18,386,8139020400
25,18,388,7078125600
25,18,390,7062589800
25,18,392,5713167600
25,18,394,6322050000
25,18,396,4919216400
25,18,398,5066712000
25,18,400,3904588800
25,18,402,4411159200
25,18,404,3287692800
25,18,406,3583364400
25,18,408,2560723200
25,18,410,2876428800
25,18,412,2218557600
25,18,414,2029519800
25,18,416,1786125600
25,18,418,1676959200
25,18,420,1217311200
25,18,422,1137931200
25,18,424,943488000
25,18,426,999583200
25,18,428,698997600
25,18,430,738612000
25,18,432,663919200
25,18,434,584236800
25,18,436,559742400
25,18,438,421848000
25,18,440,268682400
25,18,442,349650000
25,18,444,141069600
25,18,446,164278800
25,18,448,56019600
25,18,450,121338000
25,18,452,34776000
25,18,454,117331200
25,18,456,26762400
25,18,458,24343200
25,18,460,28576800
25,18,462,29937600
25,18,464,2268000
25,18,466,5443200
25,18,468,9979200
25,18,470,1814400
25,18,472,453600
25,18,474,3175200
25,18,476,4536000
25,18,478,2268000
25,18,480,453600
25,19,329,3628800
25,19,331,9072000
25,19,333,22717800
25,19,335,40370400
25,19,337,91022400
25,19,339,133358400
25,19,341,255528000
25,19,343,284860800
25,19,345,464940000
25,19,347,467888400
25,19,349,887014800
25,19,351,931392000
25,19,353,1284746400
25,19,355,1541181600
25,19,357,2032909200
25,19,359,2152483200
25,19,361,3226003200
25,19,363,3115929600
25,19,365,4295138400
25,19,367,4462970400
25,19,369,5986612800
25,19,371,5640062400
25,19,373,7397535600
25,19,375,7491279600
25,19,377,8548394400
25,19,379,9067615200
25,19,381,10931079600
25,19,383,10254913200
25,19,385,12771712800
25,19,387,11861791200
25,19,389,13638466800
25,19,391,13408869600
25,19,393,14805957600
25,19,395,13900647600
25,19,397,16733304000
25,19,399,13959892800
25,19,401,15830110800
25,19,403,14460616800
25,19,405,17099434800
25,19,407,13961959200
25,19,409,16937650800
25,19,411,14086472400
25,19,413,15549256800
25,19,415,12482164800
25,19,417,14739580800
25,19,419,11533233600
25,19,421,13648672800
25,19,423,10872111600
25,19,425,12430454400
25,19,427,9974966400
25,19,429,11116224000
25,19,431,8789558400
25,19,433,9565214400
25,19,435,7798518000
25,19,437,8474760000
25,19,439,6430914000
25,19,441,6741100800
25,19,443,5298804000
25,19,445,5743256400
25,19,447,4656304800
25,19,449,4897670400
25,19,451,3782872800
25,19,453,4177580400
25,19,455,3086294400
25,19,457,3474538200
25,19,459,2571912000
25,19,461,2522469600
25,19,463,1879642800
25,19,465,2346321600
25,19,467,1365336000
25,19,469,1780077600
25,19,471,1179813600
25,19,473,1421582400
25,19,475,1028311200
25,19,477,1093327200
25,19,479,658778400
25,19,481,820562400
25,19,483,342216000
25,19,485,421545600
25,19,487,444225600
25,19,489,334152000
25,19,491,81723600
25,19,493,138877200
25,19,495,113097600
25,19,497,107427600
25,19,499,64033200
25,19,501,53625600
25,19,503,51105600
25,19,505,70308000
25,19,507,25250400
25,19,509,34020000
25,19,511,10886400
25,19,513,8467200
25,19,515,27669600
25,19,517,5443200
25,19,519,604800
25,19,521,907200
25,19,525,7182000
25,19,529,680400
25,19,531,2847600
25,19,561,12600
25,20,360,26460
25,20,366,4536000
25,20,368,4082400
25,20,370,19051200
25,20,372,20412000
25,20,374,46796400
25,20,376,41882400
25,20,378,85881600
25,20,380,89132400
25,20,382,159667200
25,20,384,184791600
25,20,386,250689600
25,20,388,342997200
25,20,390,352522800
25,20,392,487317600
25,20,394,659080800
25,20,396,817443900
25,20,398,926704800
25,20,400,1154790000
25,20,402,1286787600
25,20,404,1703324700
25,20,406,1993723200
25,20,408,2264698800
25,20,410,2471817600
25,20,412,3229707600
25,20,414,3633411600
25,20,416,3972477600
25,20,418,4726285200
25,20,420,5237734320
25,20,422,5878202400
25,20,424,6363176400
25,20,426,6932822400
25,20,428,7682358600
25,20,430,8551720800
25,20,432,9030571200
25,20,434,9610574400
25,20,436,10819985400
25,20,438,10632031200
25,20,440,11949940800
25,20,442,11745442800
25,20,444,12652869600
25,20,446,11941851600
25,20,448,13450600800
25,20,450,13025449080
25,20,452,13436274600
25,20,454,13441075200
25,20,456,13827920400
25,20,458,13622968800
25,20,460,13800326400
25,20,462,12852907200
25,20,464,13323025800
25,20,466,12649165200
25,20,468,12936369600
25,20,470,11477864160
25,20,472,11222820000
25,20,474,10787968800
25,20,476,10666479600
25,20,478,10165024800
25,20,480,9734365620
25,20,482,8273059200
25,20,484,8264119500
25,20,486,7709385600
25,20,488,7224260400
25,20,490,6611522400
25,20,492,6626793600
25,20,494,5435791200
25,20,496,6171228000
25,20,498,4564375200
25,20,500,4746659400
25,20,502,3799051200
25,20,504,3743787600
25,20,506,2859154200
25,20,508,3687768000
25,20,510,2883006000
25,20,512,2511280800
25,20,514,2349345600
25,20,516,2054467800
25,20,518,1196143200
25,20,520,1482516000
25,20,522,1505952000
25,20,524,1020751200
25,20,526,1049932800
25,20,528,706973400
25,20,530,423397800
25,20,532,609449400
25,20,534,288640800
25,20,536,409449600
25,20,538,362577600
25,20,540,250236000
25,20,542,129200400
25,20,544,163976400
25,20,546,154022400
25,20,548,78661800
25,20,550,66376800
25,20,552,62748000
25,20,554,43545600
25,20,556,35002800
25,20,558,34322400
25,20,560,11264400
25,20,562,26308800
25,20,564,1890000
25,20,566,5443200
25,20,568,21772800
25,20,570,1814400
25,20,572,26762400
25,20,582,1360800
25,21,399,302400
25,21,403,453600
25,21,407,1814400
25,21,409,3628800
25,21,411,4536000
25,21,413,5594400
25,21,415,20563200
25,21,417,10886400
25,21,419,28274400
25,21,421,45360000
25,21,423,45057600
25,21,425,77112000
25,21,427,67888800
25,21,429,97070400
25,21,431,89737200
25,21,433,166168800
25,21,435,167756400
25,21,437,265393800
25,21,439,238442400
25,21,441,396257400
25,21,443,353732400
25,21,445,586958400
25,21,447,551804400
25,21,449,761594400
25,21,451,749196000
25,21,453,1153756800
25,21,455,1106481600
25,21,457,1378566000
25,21,459,1490076000
25,21,461,2196180000
25,21,463,1981778400
25,21,465,2614096800
25,21,467,2281683600
25,21,469,3456280800
25,21,471,3380832000
25,21,473,4387597200
25,21,475,3942237600
25,21,477,5161665600
25,21,479,5221843200
25,21,481,5913961200
25,21,483,5990680080
25,21,485,7454084400
25,21,487,6647999400
25,21,489,8275957200
25,21,491,7643764800
25,21,493,9265218480
25,21,495,8564459400
25,21,497,9826563600
25,21,499,9031327200
25,21,501,9457106400
25,21,503,10151190000
25,21,505,10210536000
25,21,507,9758448000
25,21,509,10507190400
25,21,511,10010120400
25,21,513,10829458080
25,21,515,9480466800
25,21,517,10740038400
25,21,519,9701937000
25,21,521,10463342400
25,21,523,9708249600
25,21,525,10027584000
25,21,527,8387668800
25,21,529,9661226400
25,21,531,7943443200
25,21,533,9124164000
25,21,535,7158337200
25,21,537,7908024600
25,21,539,6701637600
25,21,541,6928513200
25,21,543,5746582800
25,21,545,5974365600
25,21,547,5178448800
25,21,549,4803661800
25,21,551,4668526800
25,21,553,4027816800
25,21,555,3285689400
25,21,557,3623205600
25,21,559,2759853600
25,21,561,2544620400
25,21,563,2219956200
25,21,565,1832846400
25,21,567,1967112000
25,21,569,1594857600
25,21,571,1490227200
25,21,573,1075788000
25,21,575,911433600
25,21,577,1008882000
25,21,579,590209200
25,21,581,504630000
25,21,583,584955000
25,21,585,437497200
25,21,587,473407200
25,21,589,209185200
25,21,591,304970400
25,21,593,193233600
25,21,595,223700400
25,21,597,238064400
25,21,599,122774400
25,21,601,24040800
25,21,603,127900080
25,21,605,94802400
25,21,607,16632000
25,21,609,19051200
25,21,611,12852000
25,21,613,4536000
25,21,615,16027200
25,21,617,9072000
25,21,621,5443200
25,21,623,2721600
25,22,438,680400
25,22,442,907200
25,22,450,907200
25,22,452,302400
25,22,454,1134000
25,22,456,5745600
25,22,458,6804000
25,22,460,6048000
25,22,462,12776400
25,22,464,10130400
25,22,466,10886400
25,22,468,18975600
25,22,470,17161200
25,22,472,17388000
25,22,474,42940800
25,22,476,21016800
25,22,478,42789600
25,22,480,50954400
25,22,482,55792800
25,22,484,70534800
25,22,486,101757600
25,22,488,88905600
25,22,490,148327200
25,22,492,110980800
25,22,494,238064400
25,22,496,229824000
25,22,498,310262400
25,22,500,284218200
25,22,502,463390200
25,22,504,410167800
25,22,506,558759600
25,22,508,650462400
25,22,510,779851800
25,22,512,797277600
25,22,514,1311357600
25,22,516,1247526000
25,22,518,1575882000
25,22,520,1437307200
25,22,522,1660251600
25,22,524,1720504800
25,22,526,2519861400
25,22,528,2360080800
25,22,530,2907802800
25,22,532,2862064800
25,22,534,3217397400
25,22,536,3497029200
25,22,538,4178487600
25,22,540,4120714080
25,22,542,4415040000
25,22,544,4980679200
25,22,546,5249437200
25,22,548,5296536000
25,22,550,6166087200
25,22,552,5636131200
25,22,554,6625281600
25,22,556,6601694400
25,22,558,6765236100
25,22,560,7279576920
25,22,562,7649472600
25,22,564,7100881200
25,22,566,8099708400
25,22,568,7392394800
25,22,570,7424487000
25,22,572,7881148800
25,22,574,7757618400
25,22,576,6968883600
25,22,578,7768580400
25,22,580,6950361600
25,22,582,6832274400
25,22,584,7117513200
25,22,586,6600182400
25,22,588,5687791200
25,22,590,6339702600
25,22,592,5357696400
25,22,594,5740383600
25,22,596,5088636000
25,22,598,4709577600
25,22,600,3709238400
25,22,602,4170852000
25,22,604,3916684800
25,22,606,3559852800
25,22,608,3210656400
25,22,610,2507803200
25,22,612,2484518400
25,22,614,2432203200
25,22,616,1794744000
25,22,618,1880058600
25,22,620,1583366400
25,22,622,1603173600
25,22,624,1222300800
25,22,626,1037988000
25,22,628,853826400
25,22,630,801133200
25,22,632,659156400
25,22,634,719712000
25,22,636,382384800
25,22,638,442071000
25,22,640,399168000
25,22,642,382813200
25,22,644,152409600
25,22,646,317066400
25,22,648,146361600
25,22,650,139255200
25,22,652,34020000
25,22,654,105065100
25,22,656,17690400
25,22,658,91627200
25,22,660,11037600
25,22,662,453600
25,22,664,2721600
25,22,666,9979200
25,22,670,32205600
25,22,672,3931200
25,22,678,12600000
25,22,684,2280600
25,22,686,3628800
25,22,688,1360800
25,22,690,302400
25,22,696,201600
25,23,481,907200
25,23,487,907200
25,23,489,151200
25,23,493,302400
25,23,501,403200
25,23,503,226800
25,23,505,529200
25,23,507,6350400
25,23,511,2872800
25,23,513,9374400
25,23,515,6804000
25,23,517,9676800
25,23,519,1083600
25,23,521,7257600
25,23,523,13608000
25,23,525,12247200
25,23,527,3099600
25,23,529,16480800
25,23,531,16027200
25,23,533,15724800
25,23,535,26006400
25,23,537,32457600
25,23,539,41882400
25,23,541,35229600
25,23,543,60001200
25,23,545,63957600
25,23,547,85881600
25,23,549,76393800
25,23,551,105537600
25,23,553,129124800
25,23,555,175694400
25,23,557,168739200
25,23,559,200037600
25,23,561,277389000
25,23,563,300585600
25,23,565,346248000
25,23,567,361972800
25,23,569,482025600
25,23,571,555055200
25,23,573,628311600
25,23,575,668379600
25,23,577,685540800
25,23,579,812473200
25,23,581,929086200
25,23,583,1090152000
25,23,585,1475107200
25,23,587,1552975200
25,23,589,1653825600
25,23,591,1771282800
25,23,593,2197654200
25,23,595,2444601600
25,23,597,2645092800
25,23,599,2988543600
25,23,601,2714493600
25,23,603,3117945600
25,23,605,3829744800
25,23,607,3678091200
25,23,609,3807367200
25,23,611,3794288400
25,23,613,4027968000
25,23,615,4233801600
25,23,617,5004417600
25,23,619,4108784400
25,23,621,4528137600
25,23,623,4609180800
25,23,625,4902962400
25,23,627,4621692600
25,23,629,5382342000
25,23,631,4380717600
25,23,633,4745109600
25,23,635,4331880000
25,23,637,4862592000
25,23,639,4338860400
25,23,641,5134071600
25,23,643,3910032000
25,23,645,4244713200
25,23,647,4052613600
25,23,649,3900052800
25,23,651,3444260400
25,23,653,3523186800
25,23,655,3601962000
25,23,657,3160936800
25,23,659,2398712400
25,23,661,2764956600
25,23,663,2623168800
25,23,665,2594214000
25,23,667,1763672400
25,23,669,2232846000
25,23,671,1241881200
25,23,673,1771232400
25,23,675,1076317200
25,23,677,1375315200
25,23,679,918691200
25,23,681,1201813200
25,23,683,752144400
25,23,685,746323200
25,23,687,371296800
25,23,689,588470400
25,23,691,679190400
25,23,693,359049600
25,23,695,187941600
25,23,697,157399200
25,23,699,123379200
25,23,701,163598400
25,23,703,48535200
25,23,705,105386400
25,23,707,38102400
25,23,709,44226000
25,23,711,96868800
25,23,713,35418600
25,23,715,4536000
25,23,717,48988800
25,23,719,13003200
25,23,721,19958400
25,23,723,11239200
25,23,725,10432800
25,23,729,3855600
25,23,731,21772800
25,23,733,19278000
25,23,735,11491200
25,23,737,907200
25,23,741,2016000
25,24,528,201600
25,24,532,453600
25,24,538,907200
25,24,540,113400
25,24,554,302400
25,24,556,604800
25,24,558,151200
25,24,560,75600
25,24,562,907200
25,24,564,554400
25,24,566,907200
25,24,568,4233600
25,24,570,1965600
25,24,572,75600
25,24,574,5443200
25,24,576,3162600
25,24,578,2721600
25,24,580,8316000
25,24,582,4006800
25,24,584,3250800
25,24,586,6048000
25,24,588,4687200
25,24,590,5896800
25,24,592,19580400
25,24,594,14364000
25,24,596,19051200
25,24,598,16783200
25,24,600,18774000
25,24,602,20109600
25,24,604,57909600
25,24,606,32583600
25,24,608,65167200
25,24,610,46418400
25,24,612,56019600
25,24,614,70988400
25,24,616,120015000
25,24,618,73180800
25,24,620,115138800
25,24,622,125496000
25,24,624,162993600
25,24,626,229068000
25,24,628,280929600
25,24,630,192099600
25,24,632,213267600
25,24,634,322056000
25,24,636,469173600
25,24,638,370213200
25,24,640,492080400
25,24,642,480286800
25,24,644,829710000
25,24,646,484369200
25,24,648,820083600
25,24,650,743904000
25,24,652,1178377200
25,24,654,1186920000
25,24,656,1250688600
25,24,658,1305460800
25,24,660,1357435800
25,24,662,1580115600
25,24,664,1921222800
25,24,666,1677337200
25,24,668,2304968400
25,24,670,2166620400
25,24,672,2424567600
25,24,674,2332864800
25,24,676,2324170800
25,24,678,2237004000
25,24,680,2812320000
25,24,682,2706177600
25,24,684,2701414800
25,24,686,2617498800
25,24,688,3076164000
25,24,690,2787334200
25,24,692,2898012600
25,24,694,2728101600
25,24,696,2722129200
25,24,698,2422828800
25,24,700,2922847200
25,24,702,2427667200
25,24,704,2573197200
25,24,706,2591152200
25,24,708,2449440000
25,24,710,2325985200
25,24,712,2305927575
25,24,714,1853031600
25,24,716,1849402800
25,24,718,2009448000
25,24,720,1854505800
25,24,722,1561064400
25,24,724,1837080000
25,24,726,1408881600
25,24,728,1153731600
25,24,730,1135285200
25,24,732,1338573600
25,24,734,573955200
25,24,736,635040000
25,24,738,663087600
25,24,740,755168400
25,24,742,463881600
25,24,744,631184400
25,24,746,148932000
25,24,748,278056800
25,24,750,321224400
25,24,752,152485200
25,24,754,166773600
25,24,756,245322000
25,24,758,99792000
25,24,760,53298000
25,24,762,106142400
25,24,764,89359200
25,24,766,32508000
25,24,768,7862400
25,24,770,13305600
25,24,772,6350400
25,24,774,23814000
25,24,776,17633700
25,24,778,9979200
25,24,780,5859000
25,24,782,907200
25,24,784,27594000
25,24,786,1738800
25,24,788,35985600
25,24,790,907200
25,24,792,14553000
25,25,585,302400
25,25,589,453600
25,25,611,453600
25,25,615,302400
25,25,621,1663200
25,25,625,2872800
25,25,627,302400
25,25,629,1360800
25,25,633,3175200
25,25,637,907200
25,25,639,453600
25,25,641,3024000
25,25,643,302400
25,25,645,5594400
25,25,647,2721600
25,25,649,11188800
25,25,651,2872800
25,25,653,5443200
25,25,655,9979200
25,25,657,7408800
25,25,659,10432800
25,25,661,24040800
25,25,663,21016800
25,25,665,26308800
25,25,667,30164400
25,25,669,30391200
25,25,671,29786400
25,25,673,43243200
25,25,675,30807000
25,25,677,62407800
25,25,679,37762200
25,25,681,60782400
25,25,683,19051200
25,25,685,80589600
25,25,687,107200800
25,25,689,85125600
25,25,691,130296600
25,25,693,115252200
25,25,695,93592800
25,25,697,124437600
25,25,699,136042200
25,25,701,202986000
25,25,703,178794000
25,25,705,271706400
25,25,707,331052400
25,25,709,317671200
25,25,711,316159200
25,25,713,405972000
25,25,715,458778600
25,25,717,566924400
25,25,719,603439200
25,25,721,619315200
25,25,723,763408800
25,25,725,821847600
25,25,727,675032400
25,25,729,1077564600
25,25,731,835682400
25,25,733,1067472000
25,25,735,1087128000
25,25,737,1086372000
25,25,739,1264334400
25,25,741,1193963400
25,25,743,1191758400
25,25,745,1490469120
25,25,747,1691398800
25,25,749,1326704400
25,25,751,1418256000
25,25,753,1365714000
25,25,755,1525154400
25,25,757,1573273800
25,25,759,1597428000
25,25,761,1475182800
25,25,763,1661839200
25,25,765,1230072480
25,25,767,1439575200
25,25,769,1715590800
25,25,771,1426345200
25,25,773,1075561200
25,25,775,1378112400
25,25,777,1112932800
25,25,779,971006400
25,25,781,1128556800
25,25,783,894801600
25,25,785,813153600
25,25,787,986882400
25,25,789,662104800
25,25,791,706330800
25,25,793,796446000
25,25,795,488376000
25,25,797,380343600
25,25,799,520279200
25,25,801,157852800
25,25,803,274428000
25,25,805,208391400
25,25,807,331506000
25,25,809,157928400
25,25,811,144396000
25,25,813,52516800
25,25,815,79833600
25,25,817,67132800
25,25,819,178113600
25,25,821,45473400
25,25,823,16405200
25,25,825,105310800
25,25,827,20109600
25,25,829,15573600
25,25,831,84621600
25,25,833,36288000
25,25,835,74390400
25,25,837,15157800
25,25,839,29030400
25,25,841,16934400
25,25,845,3024000
25,25,847,1663200
25,25,849,10432800
25,25,853,75600
25,25,855,655200
25,25,885,2520
25,26,642,113400
25,26,646,151200
25,26,648,25200
25,26,676,302400
25,26,678,151200
25,26,684,453600
25,26,686,302400
25,26,688,302400
25,26,690,478800
25,26,692,113400
25,26,694,453600
25,26,696,378000
25,26,700,604800
25,26,702,907200
25,26,704,453600
25,26,706,1833300
25,26,708,3502800
25,26,710,2872800
25,26,712,3931200
25,26,714,3502800
25,26,716,2268000
25,26,718,6577200
25,26,720,15195600
25,26,722,6350400
25,26,724,3931200
25,26,726,4233600
25,26,728,7938000
25,26,730,10584000
25,26,732,31298400
25,26,734,17350200
25,26,736,24645600
25,26,738,22528800
25,26,740,12700800
25,26,742,29521800
25,26,744,49291200
25,26,746,51710400
25,26,748,28274400
25,26,750,36061200
25,26,752,32659200
25,26,754,65318400
25,26,756,96188400
25,26,758,101455200
25,26,760,46267200
25,26,762,52390800
25,26,764,51256800
25,26,766,140918400
25,26,768,84173040
25,26,770,97675200
25,26,772,115743600
25,26,774,123039000
25,26,776,136004400
25,26,778,204210720
25,26,780,231890400
25,26,782,216820800
25,26,784,291060000
25,26,786,237308400
25,26,788,349574400
25,26,790,404308800
25,26,792,421696800
25,26,794,309355200
25,26,796,349725600
25,26,798,652140720
25,26,800,424040400
25,26,802,585635400
25,26,804,548856000
25,26,806,747608400
25,26,808,628084800
25,26,810,676317600
25,26,812,627631200
25,26,814,831675600
25,26,816,718956000
25,26,818,791418600
25,26,820,830655000
25,26,822,766710000
25,26,824,643960800
25,26,826,894196800
25,26,828,679492800
25,26,830,880135200
25,26,832,810205200
25,26,834,774219600
25,26,836,584010000
25,26,838,695066400
25,26,840,533736000
25,26,842,440634600
25,26,844,842788800
25,26,846,562161600
25,26,848,231940800
25,26,850,389188800
25,26,852,284067000
25,26,854,327574800
25,26,856,380570400
25,26,858,202708800
25,26,860,130561200
25,26,862,308901600
25,26,864,199432800
25,26,866,86637600
25,26,868,189604800
25,26,870,133434000
25,26,872,168739200
25,26,874,112946400
25,26,876,84394800
25,26,878,120279600
25,26,880,96314400
25,26,882,27442800
25,26,884,28576800
25,26,886,41239800
25,26,888,18547200
25,26,890,54205200
25,26,892,11793600
25,26,894,4082400
25,26,898,39236400
25,26,900,415800
25,26,902,453600
25,26,904,3931200
25,26,906,4863600
25,26,908,3931200
25,26,912,8190000
25,26,918,151200
25,27,705,100800
25,27,741,100800
25,27,747,151200
25,27,753,25200
25,27,765,75600
25,27,769,453600
25,27,771,1814400
25,27,777,1814400
25,27,779,151200
25,27,781,2268000
25,27,783,2419200
25,27,785,3628800
25,27,787,3628800
25,27,789,5745600
25,27,793,7257600
25,27,795,2570400
25,27,797,5896800
25,27,799,9072000
25,27,801,19152000
25,27,803,9072000
25,27,805,21470400
25,27,807,13759200
25,27,809,11793600
25,27,811,4536000
25,27,813,25502400
25,27,815,19958400
25,27,817,34473600
25,27,819,40143600
25,27,821,31752000
25,27,823,24494400
25,27,825,44755200
25,27,827,36136800
25,27,829,36741600
25,27,831,51483600
25,27,833,44604000
25,27,835,32356800
25,27,837,50916600
25,27,839,28501200
25,27,841,69325200
25,27,843,94348800
25,27,845,73861200
25,27,847,30693600
25,27,849,77641200
25,27,851,103420800
25,27,853,153241200
25,27,855,89465040
25,27,857,166924800
25,27,859,125193600
25,27,861,232999200
25,27,863,133812000
25,27,865,216064800
25,27,867,273596400
25,27,869,283348800
25,27,871,282063600
25,27,873,405745200
25,27,875,121942800
25,27,877,388054800
25,27,879,330976800
25,27,881,298771200
25,27,883,225061200
25,27,885,444150000
25,27,887,292269600
25,27,889,396597600
25,27,891,373388400
25,27,893,239689800
25,27,895,274806000
25,27,897,470761200
25,27,899,219844800
25,27,901,400831200
25,27,903,515440800
25,27,905,180457200
25,27,907,206690400
25,27,909,349423200
25,27,911,181440000
25,27,913,176526000
25,27,915,196660800
25,27,917,169192800
25,27,919,143186400
25,27,921,316612800
25,27,923,103874400
25,27,925,145378800
25,27,927,121716000
25,27,929,86184000
25,27,931,37422000
25,27,933,117633600
25,27,935,64638000
25,27,937,44452800
25,27,939,13154400
25,27,941,71517600
25,27,943,7786800
25,27,945,68916960
25,27,947,3553200
25,27,949,35229600
25,27,951,1814400
25,27,953,45964800
25,27,955,11226600
25,27,957,11793600
25,27,961,45964800
25,27,963,453600
25,27,965,2570400
25,27,967,38329200
25,27,969,302400
25,27,971,151200
25,28,812,75600
25,28,828,18900
25,28,834,151200
25,28,840,151200
25,28,842,226800
25,28,852,3704400
25,28,856,75600
25,28,860,7257600
25,28,862,1814400
25,28,864,5443200
25,28,866,1814400
25,28,868,3175200
25,28,870,3628800
25,28,872,7408800
25,28,874,5443200
25,28,876,12776400
25,28,878,5896800
25,28,880,12247200
25,28,882,11491200
25,28,884,12814200
25,28,886,14212800
25,28,888,23209200
25,28,890,7257600
25,28,892,15044400
25,28,894,14666400
25,28,896,39160800
25,28,898,33566400
25,28,900,40899600
25,28,902,19958400
25,28,904,39160800
25,28,906,25704000
25,28,908,46720800
25,28,910,32205600
25,28,912,33623100
25,28,914,48081600
25,28,916,60555600
25,28,918,33868800
25,28,920,51559200
25,28,922,21319200
25,28,924,59119200
25,28,926,39009600
25,28,928,114080400
25,28,930,26838000
25,28,932,87166800
25,28,934,48232800
25,28,936,56473200
25,28,938,62294400
25,28,940,141901200
25,28,942,78397200
25,28,944,94651200
25,28,946,137970000
25,28,948,148790250
25,28,950,47325600
25,28,952,242676000
25,28,954,102060000
25,28,956,152598600
25,28,958,120808800
25,28,960,146223000
25,28,962,48232800
25,28,964,182952000
25,28,966,134190000
25,28,968,151502400
25,28,970,138310200
25,28,972,184388400
25,28,974,77338800
25,28,976,254620800
25,28,978,105184800
25,28,980,63352800
25,28,982,78926400
25,28,984,83727000
25,28,986,51256800
25,28,988,114609600
25,28,990,122850000
25,28,992,93592800
25,28,994,40672800
25,28,996,41428800
25,28,998,30996000
25,28,1000,35683200
25,28,1002,51937200
25,28,1004,16178400
25,28,1006,76507200
25,28,1008,54469800
25,28,1010,50803200
25,28,1012,16858800
25,28,1014,5745600
25,28,1016,40370400
25,28,1018,24494400
25,28,1020,1587600
25,28,1022,4989600
25,28,1024,11793600
25,28,1026,3099600
25,28,1028,75600
25,28,1030,1360800
25,28,1038,453600
25,28,1044,541800
25,29,915,302400
25,29,921,352800
25,29,931,1814400
25,29,933,2419200
25,29,937,4536000
25,29,939,2116800
25,29,941,1814400
25,29,943,4536000
25,29,945,2759400
25,29,947,1134000
25,29,949,8164800
25,29,951,982800
25,29,953,2721600
25,29,955,7257600
25,29,957,6350400
25,29,959,14515200
25,29,961,12700800
25,29,963,4082400
25,29,965,16329600
25,29,967,17690400
25,29,969,5292000
25,29,971,15724800
25,29,973,24494400
25,29,975,19504800
25,29,977,9979200
25,29,979,31147200
25,29,981,12096000
25,29,983,16556400
25,29,985,26460000
25,29,987,20412000
25,29,989,26157600
25,29,991,29181600
25,29,993,13910400
25,29,995,63504000
25,29,997,20109600
25,29,999,18748800
25,29,1001,29030400
25,29,1003,31449600
25,29,1005,41126400
25,29,1007,35607600
25,29,1009,57380400
25,29,1011,34851600
25,29,1013,17161200
25,29,1015,38858400
25,29,1017,78057000
25,29,1019,46418400
25,29,1021,14364000
25,29,1023,112303800
25,29,1025,14968800
25,29,1027,78624000
25,29,1029,67435200
25,29,1031,86637600
25,29,1033,907200
25,29,1035,124513200
25,29,1037,9223200
25,29,1039,36514800
25,29,1041,70119000
25,29,1043,86486400
25,29,1045,24494400
25,29,1047,76330800
25,29,1049,25704000
25,29,1051,34473600
25,29,1053,54898200
25,29,1055,63352800
25,29,1057,21848400
25,29,1059,34183800
25,29,1061,75600000
25,29,1063,26762400
25,29,1065,52844400
25,29,1067,9828000
25,29,1069,6577200
25,29,1071,18018000
25,29,1073,4536000
25,29,1075,4536000
25,29,1077,77124600
25,29,1079,4989600
25,29,1081,1134000
25,29,1083,604800
25,29,1085,907200
25,29,1089,26384400
25,29,1095,151200
25,29,1107,340200
25,30,900,1260
25,30,984,12600
25,30,1000,907200
25,30,1008,1839600
25,30,1010,453600
25,30,1018,907200
25,30,1020,1927800
25,30,1022,907200
25,30,1024,1814400
25,30,1026,655200
25,30,1030,907200
25,30,1032,907200
25,30,1034,2721600
25,30,1036,7257600
25,30,1038,7257600
25,30,1040,9601200
25,30,1042,7257600
25,30,1044,12700800
25,30,1046,10432800
25,30,1048,2721600
25,30,1050,8618400
25,30,1052,17236800
25,30,1054,11188800
25,30,1056,8618400
25,30,1058,13608000
25,30,1060,11491200
25,30,1062,12524400
25,30,1064,10886400
25,30,1066,10584000
25,30,1068,10848600
25,30,1070,21621600
25,30,1072,4838400
25,30,1074,18446400
25,30,1076,8164800
25,30,1078,20525400
25,30,1080,13154400
25,30,1082,14515200
25,30,1084,6501600
25,30,1086,66225600
25,30,1088,7711200
25,30,1090,53222400
25,30,1092,7711200
25,30,1094,9072000
25,30,1096,3326400
25,30,1098,14515200
25,30,1100,14817600
25,30,1102,8164800
25,30,1104,13078800
25,30,1106,21772800
25,30,1108,1965600
25,30,1110,65620800
25,30,1112,604800
25,30,1114,17690400
25,30,1116,38404800
25,30,1118,34624800
25,30,1120,25401600
25,30,1122,22226400
25,30,1124,21319200
25,30,1126,18144000
25,30,1128,8316000
25,30,1130,35683200
25,30,1132,12398400
25,30,1134,24494400
25,30,1136,32659200
25,30,1138,6199200
25,30,1140,8164800
25,30,1142,16329600
25,30,1148,8164800
25,30,1152,8164800
25,30,1180,3076920
25,31,1077,453600
25,31,1083,907200
25,31,1095,529200
25,31,1097,907200
25,31,1101,1814400
25,31,1109,907200
25,31,1113,6804000
25,31,1117,226800
25,31,1121,3628800
25,31,1123,1512000
25,31,1125,6804000
25,31,1127,1814400
25,31,1129,5896800
25,31,1131,4762800
25,31,1133,3628800
25,31,1135,6804000
25,31,1137,19051200
25,31,1139,3326400
25,31,1141,6199200
25,31,1143,11793600
25,31,1145,9639000
25,31,1147,1814400
25,31,1149,11037600
25,31,1151,604800
25,31,1153,5745600
25,31,1155,5745600
25,31,1157,7257600
25,31,1159,3024000
25,31,1161,9298800
25,31,1163,5443200
25,31,1165,3024000
25,31,1167,52012800
25,31,1169,4989600
25,31,1171,4233600
25,31,1173,8391600
25,31,1175,2419200
25,31,1177,3628800
25,31,1179,6350400
25,31,1183,43568280
25,31,1185,3628800
25,31,1191,16682400
25,31,1197,907200
25,31,1203,468720
25,31,1209,491400
25,31,1211,491400
25,31,1231,12398400
25,31,1239,12549600
25,31,1245,25200
25,32,1152,80325
25,32,1158,151200
25,32,1176,151200
25,32,1186,907200
25,32,1188,50400
25,32,1194,302400
25,32,1206,3326400
25,32,1208,453600
25,32,1210,15120
25,32,1212,3326400
25,32,1214,4989600
25,32,1218,2986200
25,32,1220,6350400
25,32,1222,907200
25,32,1226,6350400
25,32,1228,5896800
25,32,1230,2744280
25,32,1232,1814400
25,32,1234,7030800
25,32,1236,2494800
25,32,1238,5443200
25,32,1240,181440
25,32,1242,4536000
25,32,1244,6426000
25,32,1246,2759400
25,32,1248,50400
25,32,1250,4989600
25,32,1254,14590800
25,32,1256,75600
25,32,1258,4687200
25,32,1260,10206000
25,32,1262,2268000
25,32,1264,75600
25,32,1266,1814400
25,32,1270,2041200
25,32,1272,151200
25,32,1274,2721600
25,32,1278,13608000
25,32,1282,3477600
25,32,1284,3402000
25,32,1286,4082400
25,32,1290,9223200
25,32,1292,5443200
25,32,1296,1701000
25,32,1298,2268000
25,32,1300,4082400
25,32,1302,680400
25,33,1267,1927800
25,33,1287,302400
25,33,1297,302400
25,33,1301,2116800
25,33,1303,604800
25,33,1307,1814400
25,33,1309,1814400
25,33,1315,2721600
25,33,1319,604800
25,33,1321,2721600
25,33,1323,75600
25,33,1325,1890000
25,33,1327,831600
25,33,1331,604800
25,33,1333,1209600
25,33,1339,2910600
25,33,1343,453600
25,33,1345,1360800
25,33,1349,302400
25,33,1351,302400
25,33,1353,13608000
25,33,1363,226800
25,33,1369,6804000
25,34,1360,75600
25,34,1366,3855600
25,34,1382,1927800
25,34,1384,75600
25,34,1386,302400
25,34,1394,604800
25,34,1398,428400
25,34,1404,907200
25,34,1408,1512000
25,34,1410,453600
25,34,1412,1512000
25,34,1416,1814400
25,34,1420,907200
25,34,1424,907200
25,34,1428,151200
25,34,1432,907200
25,34,1436,453600
25,35,1467,2570400
25,35,1479,1285200
25,35,1575,153720
25,36,1556,160650
25,36,1564,2570400
25,36,1578,2520
25,36,1588,642600
25,36,1608,22680
25,36,1638,680400
25,37,1675,30240
25,37,1701,75600
25,37,1703,75600
25,37,1705,7560
25,38,1662,18900
25,38,1776,214200
25,39,1783,75600
25,40,1888,37800
25,40,1920,2520
25,41,2007,12600
26,5,55,2520
26,8,80,9450
26,8,88,50400
26,8,112,50400
26,9,99,75600
26,9,127,151200
26,9,135,50400
26,9,139,75600
26,10,114,226800
26,10,120,18900
26,10,122,302400
26,10,130,453600
26,10,138,302400
26,10,150,113400
26,10,154,18900
26,10,170,75600
26,11,113,75600
26,11,127,302400
26,11,129,302400
26,11,133,75600
26,11,135,151200
26,11,137,756000
26,11,145,302400
26,11,153,2268000
26,11,159,453600
26,11,161,756000
26,11,163,302400
26,11,169,1209600
26,11,185,226800
26,11,193,453600
26,11,205,50400
26,12,140,453600
26,12,144,453600
26,12,148,2494800
26,12,152,680400
26,12,154,1814400
26,12,156,1738800
26,12,158,151200
26,12,160,2646000
26,12,162,1814400
26,12,164,2494800
26,12,166,1512000
26,12,168,3024630
26,12,170,453600
26,12,172,2268000
26,12,174,403200
26,12,176,907200
26,12,180,1814400
26,12,184,2343600
26,12,186,2721600
26,12,188,453600
26,12,190,151200
26,12,192,1965600
26,12,194,1209600
26,12,196,1134000
26,12,198,907200
26,12,206,1209600
26,12,210,907200
26,12,212,1814400
26,12,216,151200
26,12,228,302400
26,12,238,151200
26,12,240,78120
26,13,159,907200
26,13,161,302400
26,13,165,2721600
26,13,167,3628800
26,13,169,3326400
26,13,171,2116800
26,13,173,8164800
26,13,175,6577200
26,13,177,6350400
26,13,179,10886400
26,13,181,9223200
26,13,183,4120200
26,13,185,5745600
26,13,187,3628800
26,13,189,2116800
26,13,191,12398400
26,13,193,7408800
26,13,195,9374400
26,13,197,9072000
26,13,199,7711200
26,13,201,6199200
26,13,203,5896800
26,13,205,7257600
26,13,207,5367600
26,13,209,3628800
26,13,211,6350400
26,13,213,4233600
26,13,215,2721600
26,13,217,2268000
26,13,219,2419200
26,13,223,2797200
26,13,227,3326400
26,13,229,302400
26,13,231,75600
26,13,233,3024000
26,13,235,907200
26,13,237,453600
26,13,239,3402000
26,13,241,1209600
26,13,243,1814400
26,13,249,453600
26,13,251,453600
26,13,255,1058400
26,13,261,302400
26,13,263,226800
26,13,279,88200
26,14,180,1814400
26,14,182,1020600
26,14,184,907200
26,14,186,11793600
26,14,188,7257600
26,14,190,10999800
26,14,192,20260800
26,14,194,22528800
26,14,196,22226400
26,14,198,39274200
26,14,200,23889600
26,14,202,47476800
26,14,204,13608000
26,14,206,41731200
26,14,208,22226400
26,14,210,62899200
26,14,212,27669600
26,14,214,43848000
26,14,216,29559600
26,14,218,40899600
26,14,220,24494400
26,14,222,26044200
26,14,224,16480800
26,14,226,43092000
26,14,228,19164600
26,14,230,41806800
26,14,232,13456800
26,14,234,36741600
26,14,236,14515200
26,14,238,7333200
26,14,240,15573600
26,14,242,20109600
26,14,244,8467200
26,14,246,4158000
26,14,248,6804000
26,14,250,10886400
26,14,252,3175200
26,14,254,9072000
26,14,256,6955200
26,14,258,5367600
26,14,260,9072000
26,14,262,3175200
26,14,264,1814400
26,14,266,7257600
26,14,268,1814400
26,14,270,7560000
26,14,272,1814400
26,14,274,4788000
26,14,276,1058400
26,14,278,3931200
26,14,282,1814400
26,14,284,151200
26,14,286,2872800
26,14,288,907200
26,14,290,907200
26,14,292,302400
26,14,296,453600
26,14,298,302400
26,14,302,378000
26,14,318,378000
26,15,207,2721600
26,15,209,15422400
26,15,211,32659200
26,15,213,30391200
26,15,215,65318400
26,15,217,65772000
26,15,219,83311200
26,15,221,134832600
26,15,223,105537600
26,15,225,173728800
26,15,227,143337600
26,15,229,179285400
26,15,231,133509600
26,15,233,207446400
26,15,235,152409600
26,15,237,188256600
26,15,239,135021600
26,15,241,141825600
26,15,243,137440800
26,15,245,148327200
26,15,247,124664400
26,15,249,134416800
26,15,251,104630400
26,15,253,135475200
26,15,255,126320040
26,15,257,124437600
26,15,259,58060800
26,15,261,113097600
26,15,263,52315200
26,15,265,73710000
26,15,267,45864000
26,15,269,71215200
26,15,271,69703200
26,15,273,39400200
26,15,275,29635200
26,15,277,51937200
26,15,279,33566400
26,15,281,26762400
26,15,283,22982400
26,15,285,14515200
26,15,287,24494400
26,15,289,31298400
26,15,291,15019200
26,15,293,31676400
26,15,295,12852000
26,15,297,15120000
26,15,299,9676800
26,15,301,1486800
26,15,303,8618400
26,15,305,7030800
26,15,307,10886400
26,15,309,4233600
26,15,313,2116800
26,15,315,3326400
26,15,317,4989600
26,15,319,2419200
26,15,321,9223200
26,15,323,1512000
26,15,325,5896800
26,15,327,756000
26,15,329,1512000
26,15,331,75600
26,15,333,529200
26,15,337,226800
26,15,339,403200
26,15,345,55440
26,16,232,283500
26,16,234,4536000
26,16,236,32205600
26,16,238,67132800
26,16,240,93668400
26,16,242,117028800
26,16,244,303004800
26,16,246,300736800
26,16,248,346096800
26,16,250,544622400
26,16,252,446682600
26,16,254,618710400
26,16,256,614439000
26,16,258,569129400
26,16,260,498052800
26,16,262,654998400
26,16,264,577886400
26,16,266,594216000
26,16,268,705423600
26,16,270,504932400
26,16,272,564807600
26,16,274,664675200
26,16,276,577609200
26,16,278,455414400
26,16,280,566395200
26,16,282,394632000
26,16,284,362842200
26,16,286,450122400
26,16,288,317368800
26,16,290,310867200
26,16,292,362426400
26,16,294,227404800
26,16,296,201852000
26,16,298,190512000
26,16,300,231336000
26,16,302,142279200
26,16,304,233604000
26,16,306,130788000
26,16,308,123228000
26,16,310,99187200
26,16,312,118087200
26,16,314,111888000
26,16,316,153127800
26,16,318,70308000
26,16,320,79266600
26,16,322,71971200
26,16,324,63050400
26,16,326,52012800
26,16,328,50455440
26,16,330,36892800
26,16,332,51256800
26,16,334,29937600
26,16,336,23133600
26,16,338,19958400
26,16,340,43923600
26,16,342,15724800
26,16,344,19051200
26,16,346,2116800
26,16,348,4233600
26,16,350,8013600
26,16,352,21999600
26,16,354,7560000
26,16,356,9979200
26,16,358,5443200
26,16,360,8013600
26,16,362,907200
26,16,364,4233600
26,16,366,3931200
26,16,368,1512000
26,16,370,907200
26,16,372,3628800
26,16,374,907200
26,16,376,1020600
26,16,384,642600
26,16,408,113400
26,17,263,3628800
26,17,265,28576800
26,17,267,83008800
26,17,269,171914400
26,17,271,234511200
26,17,273,395539200
26,17,275,436816800
26,17,277,904478400
26,17,279,1008579600
26,17,281,1210431600
26,17,283,1257606000
26,17,285,1570091040
26,17,287,1508446800
26,17,289,1810771200
26,17,291,1694347200
26,17,293,1723831200
26,17,295,1590321600
26,17,297,2139026400
26,17,299,1766318400
26,17,301,1882364400
26,17,303,1654430400
26,17,305,1902474000
26,17,307,1479756600
26,17,309,1735020000
26,17,311,1331542800
26,17,313,1416063600
26,17,315,1463616000
26,17,317,1429293600
26,17,319,1037080800
26,17,321,1223737200
26,17,323,987336000
26,17,325,875901600
26,17,327,773614800
26,17,329,858362400
26,17,331,780192000
26,17,333,696427200
26,17,335,616593600
26,17,337,523832400
26,17,339,452012400
26,17,341,542354400
26,17,343,420336000
26,17,345,362426400
26,17,347,400906800
26,17,349,340351200
26,17,351,240105600
26,17,353,284709600
26,17,355,266439600
26,17,357,182498400
26,17,359,206539200
26,17,361,162691200
26,17,363,106218000
26,17,365,123076800
26,17,367,107805600
26,17,369,125647200
26,17,371,77565600
26,17,373,116877600
26,17,375,72152640
26,17,377,43394400
26,17,379,64713600
26,17,381,51559200
26,17,383,35683200
26,17,385,21168000
26,17,387,39841200
26,17,389,5443200
26,17,391,26762400
26,17,393,25401600
26,17,395,16178400
26,17,397,16329600
26,17,399,19882800
26,17,401,9072000
26,17,403,9122400
26,17,405,4082400
26,17,407,14666400
26,17,411,3931200
26,17,413,907200
26,17,415,1008000
26,17,417,2268000
26,17,419,75600
26,17,421,2167200
26,17,423,756000
26,17,425,1209600
26,17,427,75600
26,17,433,907200
26,17,435,15120
26,17,455,15120
26,18,294,907200
26,18,296,8164800
26,18,298,76204800
26,18,300,118162800
26,18,302,245964600
26,18,304,389188800
26,18,306,683046000
26,18,308,902210400
26,18,310,1349497800
26,18,312,1499148000
26,18,314,2144545200
26,18,316,2040141600
26,18,318,2865088800
26,18,320,2740953600
26,18,322,3373549200
26,18,324,3312792000
26,18,326,3815796600
26,18,328,4043844000
26,18,330,4185442800
26,18,332,4033260000
26,18,334,4394628000
26,18,336,4214397600
26,18,338,4004834400
26,18,340,4040064000
26,18,342,4163670000
26,18,344,3717819000
26,18,346,3921636600
26,18,348,3462026400
26,18,350,3377581200
26,18,352,3047536800
26,18,354,3089847600
26,18,356,2655979200
26,18,358,2754826200
26,18,360,2191039200
26,18,362,2515401000
26,18,364,2256508800
26,18,366,2073556800
26,18,368,1880020800
26,18,370,1813417200
26,18,372,1598864400
26,18,374,1553731200
26,18,376,1370325600
26,18,378,1414513800
26,18,380,1001322000
26,18,382,1089547200
26,18,384,931165200
26,18,386,806576400
26,18,388,787147200
26,18,390,736948800
26,18,392,602683200
26,18,394,604800000
26,18,396,503647200
26,18,398,501530400
26,18,400,356227200
26,18,402,426988800
26,18,404,316310400
26,18,406,345114000
26,18,408,227934000
26,18,410,284558400
26,18,412,195955200
26,18,414,176904000
26,18,416,148629600
26,18,418,178113600
26,18,420,87242400
26,18,422,90568800
26,18,424,51559200
26,18,426,127310400
26,18,428,43696800
26,18,430,57506400
26,18,432,50349600
26,18,434,52466400
26,18,436,45964800
26,18,438,38291400
26,18,440,35910000
26,18,442,26611200
26,18,444,10886400
26,18,446,12247200
26,18,448,8240400
26,18,450,7106400
26,18,452,4460400
26,18,454,11944800
26,18,456,1890000
26,18,458,831600
26,18,460,5896800
26,18,462,4384800
26,18,474,264600
26,18,476,453600
26,18,478,113400
26,19,329,2721600
26,19,331,25855200
26,19,333,59988600
26,19,335,151502400
26,19,337,324777600
26,19,339,388357200
26,19,341,817387200
26,19,343,855792000
26,19,345,1424984400
26,19,347,1533016800
26,19,349,2419048800
26,19,351,2292948000
26,19,353,3646792800
26,19,355,3382041600
26,19,357,4278052800
26,19,359,4069548000
26,19,361,5280660000
26,19,363,5270983200
26,19,365,6728475600
26,19,367,5776293600
26,19,369,7012807200
26,19,371,6501259800
26,19,373,7626301200
26,19,375,6544729800
26,19,377,7504812000
26,19,379,6554595600
26,19,381,7428960000
26,19,383,6551496000
26,19,385,7508743200
26,19,387,5945940000
26,19,389,6884892000
26,19,391,5750892000
26,19,393,6120500400
26,19,395,5139741600
26,19,397,6092301600
26,19,399,4554900000
26,19,401,5186008800
26,19,403,4252084200
26,19,405,4782531600
26,19,407,3604910400
26,19,409,4086558000
26,19,411,3260602800
26,19,413,3568017600
26,19,415,2632694400
26,19,417,3082363200
26,19,419,2204874000
26,19,421,2787372000
26,19,423,2010204000
26,19,425,2254694400
26,19,427,1763143200
26,19,429,2079982800
26,19,431,1486900800
26,19,433,1504440000
26,19,435,1184803200
26,19,437,1460289600
26,19,439,856850400
26,19,441,1016593200
26,19,443,805442400
26,19,445,808542000
26,19,447,621028800
26,19,449,597240000
26,19,451,445813200
26,19,453,532072800
26,19,455,394858800
26,19,457,388168200
26,19,459,292118400
26,19,461,263390400
26,19,463,181137600
26,19,465,309506400
26,19,467,137743200
26,19,469,184766400
26,19,471,99338400
26,19,473,170100000
26,19,475,104025600
26,19,477,128142000
26,19,479,80287200
26,19,481,105084000
26,19,483,45435600
26,19,485,81648000
26,19,487,51710400
26,19,489,45851400
26,19,491,5821200
26,19,493,16367400
26,19,495,9979200
26,19,497,9450000
26,19,499,2419200
26,19,501,3628800
26,19,503,604800
26,19,505,4687200
26,19,507,3553200
26,19,509,1814400
26,19,511,907200
26,19,513,1436400
26,19,515,4536000
26,19,517,226800
26,19,525,655200
26,19,529,151200
26,19,531,705600
26,19,561,5040
26,20,364,6350400
26,20,366,9979200
26,20,368,32886000
26,20,370,65318400
26,20,372,174976200
26,20,374,247212000
26,20,376,359553600
26,20,378,498657600
26,20,380,677451600
26,20,382,1001246400
26,20,384,1245661200
26,20,386,1562500800
26,20,388,1998637200
26,20,390,2159211600
26,20,392,2816402400
26,20,394,3426494400
26,20,396,3898692000
26,20,398,4208954400
26,20,400,5322088800
26,20,402,5322794400
26,20,404,6166918800
26,20,406,6784041600
26,20,408,7300654200
26,20,410,7385061600
26,20,412,7999160400
26,20,414,8487838800
26,20,416,8360074800
26,20,418,9637336800
26,20,420,9321691680
26,20,422,9231062400
26,20,424,9635913000
26,20,426,9732214800
26,20,428,9358372800
26,20,430,9859147200
26,20,432,9589482000
26,20,434,9273398400
26,20,436,9072680400
26,20,438,8828416800
26,20,440,8265499200
26,20,442,8291959200
26,20,444,7761020400
26,20,446,7234466400
26,20,448,7252761600
26,20,450,6806872800
26,20,452,6134864400
26,20,454,5963328000
26,20,456,5667580800
26,20,458,5336755200
26,20,460,5016060000
26,20,462,4438778400
26,20,464,4460022000
26,20,466,4194439200
26,20,468,3861648000
26,20,470,3304173600
26,20,472,3257037000
26,20,474,2951575200
26,20,476,2576070000
26,20,478,2489659200
26,20,480,2465512560
26,20,482,1820750400
26,20,484,1855413000
26,20,486,1670457600
26,20,488,1562349600
26,20,490,1367604000
26,20,492,1247097600
26,20,494,1001548800
26,20,496,1225854000
26,20,498,781930800
26,20,500,827064000
26,20,502,593762400
26,20,504,547722000
26,20,506,373615200
26,20,508,563749200
26,20,510,468266400
26,20,512,360990000
26,20,514,434700000
26,20,516,319183200
26,20,518,171612000
26,20,520,229194000
26,20,522,287582400
26,20,524,168890400
26,20,526,161632800
26,20,528,104781600
26,20,530,60480000
26,20,532,81496800
26,20,534,30844800
26,20,536,60177600
26,20,538,45763200
26,20,540,35229600
26,20,542,9828000
26,20,544,21092400
26,20,546,17236800
26,20,548,16102800
26,20,550,5443200
26,20,552,10735200
26,20,554,2721600
26,20,556,756000
26,20,558,5896800
26,20,560,56700
26,20,562,1814400
26,20,566,907200
26,20,568,3628800
26,20,570,302400
26,20,572,4536000
26,20,582,302400
26,21,401,1814400
26,21,403,5443200
26,21,405,17388000
26,21,407,29937600
26,21,409,67737600
26,21,411,56700000
26,21,413,143866800
26,21,415,167378400
26,21,417,245700000
26,21,419,320241600
26,21,421,587941200
26,21,423,543412800
26,21,425,724248000
26,21,427,989301600
26,21,429,1122886800
26,21,431,1343638800
26,21,433,2022652800
26,21,435,2020410000
26,21,437,2497370400
26,21,439,2852463600
26,21,441,3593343600
26,21,443,3276126000
26,21,445,4671172800
26,21,447,4410730800
26,21,449,5322088800
26,21,451,5576104800
26,21,453,6803697600
26,21,455,5977011600
26,21,457,7846826400
26,21,459,7268335200
26,21,461,8604111600
26,21,463,8940758400
26,21,465,9810838800
26,21,467,8467048800
26,21,469,11035936800
26,21,471,9635598000
26,21,473,10787137200
26,21,475,10199498400
26,21,477,11354137200
26,21,479,10197759600
26,21,481,11554023600
26,21,483,9791439840
26,21,485,10924200000
26,21,487,9780145200
26,21,489,10837184400
26,21,491,9165819600
26,21,493,10638961200
26,21,495,8829739800
26,21,497,9625316400
26,21,499,8591184000
26,21,501,8053743600
26,21,503,7464668400
26,21,505,7235676000
26,21,507,6659074800
26,21,509,6444446400
26,21,511,5955314400
26,21,513,5897314080
26,21,515,5053633200
26,21,517,5269320000
26,21,519,4563442800
26,21,521,4299220800
26,21,523,3949585920
26,21,525,3705912000
26,21,527,3151008000
26,21,529,3291775200
26,21,531,2764314000
26,21,533,2677600800
26,21,535,2264371200
26,21,537,2301112800
26,21,539,1805479200
26,21,541,1877601600
26,21,543,1609146000
26,21,545,1575806400
26,21,547,1455904800
26,21,549,1173463200
26,21,551,1289055600
26,21,553,1072159200
26,21,555,771649200
26,21,557,833716800
26,21,559,699753600
26,21,561,523756800
26,21,563,412322400
26,21,565,373464000
26,21,567,430239600
26,21,569,351615600
26,21,571,291135600
26,21,573,223624800
26,21,575,164278800
26,21,577,208101600
26,21,579,105462000
26,21,581,99489600
26,21,583,115705800
26,21,585,56548800
26,21,587,81345600
26,21,589,26510400
26,21,591,39463200
26,21,593,19353600
26,21,595,38253600
26,21,597,26384400
26,21,599,22453200
26,21,601,907200
26,21,603,14318640
26,21,605,16329600
26,21,607,4233600
26,21,609,2419200
26,21,613,907200
26,21,615,4082400
26,21,617,1814400
26,21,621,907200
26,21,623,453600
26,22,438,453600
26,22,440,907200
26,22,442,2797200
26,22,444,3628800
26,22,446,10432800
26,22,448,10432800
26,22,450,22982400
26,22,452,41277600
26,22,454,52617600
26,22,456,74466000
26,22,458,123190200
26,22,460,109846800
26,22,462,213796800
26,22,464,186580800
26,22,466,269211600
26,22,468,337932000
26,22,470,433188000
26,22,472,580154400
26,22,474,627328800
26,22,476,799470000
26,22,478,814212000
26,22,480,1147154400
26,22,482,1344621600
26,22,484,1580191200
26,22,486,1786995000
26,22,488,2038629600
26,22,490,2355015600
26,22,492,2575843200
26,22,494,3107197800
26,22,496,3537021600
26,22,498,4094874000
26,22,500,4121825400
26,22,502,4763745000
26,22,504,5050231200
26,22,506,5824904400
26,22,508,6023997000
26,22,510,6811646940
26,22,512,6901297200
26,22,514,7740797400
26,22,516,7890901200
26,22,518,8553610800
26,22,520,8124732000
26,22,522,8998668000
26,22,524,9222595200
26,22,526,9930513600
26,22,528,9825762240
26,22,530,10301369400
26,22,532,10065384000
26,22,534,9776554200
26,22,536,10141135200
26,22,538,10095246000
26,22,540,10191832560
26,22,542,9597231000
26,22,544,9504469800
26,22,546,9723898800
26,22,548,9237412800
26,22,550,9055821600
26,22,552,8773833600
26,22,554,8774438400
26,22,556,7910330400
26,22,558,7730704800
26,22,560,7419187440
26,22,562,7186611600
26,22,564,6519063600
26,22,566,6756447600
26,22,568,5483721600
26,22,570,5422888800
26,22,572,5399956800
26,22,574,4916872800
26,22,576,4342464000
26,22,578,4602074400
26,22,580,3695781600
26,22,582,3626078400
26,22,584,3529915200
26,22,586,3263500800
26,22,588,2669284800
26,22,590,3001471200
26,22,592,2126325600
26,22,594,2347758000
26,22,596,2007709200
26,22,598,1827100800
26,22,600,1130119200
26,22,602,1529085600
26,22,604,1358683200
26,22,606,1246719600
26,22,608,1022565600
26,22,610,902588400
26,22,612,735285600
26,22,614,746625600
26,22,616,562312800
26,22,618,478623600
26,22,620,409903200
26,22,622,400377600
26,22,624,279493200
26,22,626,252806400
26,22,628,244036800
26,22,630,161179200
26,22,632,159478200
26,22,634,184464000
26,22,636,66326400
26,22,638,78246000
26,22,640,68418000
26,22,642,100447200
26,22,644,30844800
26,22,646,52390800
26,22,648,27533520
26,22,650,28591920
26,22,652,7257600
26,22,654,20185200
26,22,656,6955200
26,22,658,13608000
26,22,660,2751840
26,22,664,1134000
26,22,666,302400
26,22,670,9979200
26,22,672,1814400
26,22,678,4158000
26,22,684,453600
26,22,696,113400
26,23,477,226800
26,23,481,1814400
26,23,487,907200
26,23,489,302400
26,23,491,1814400
26,23,493,11188800
26,23,495,2721600
26,23,497,21470400
26,23,499,22680000
26,23,501,22024800
26,23,503,19958400
26,23,505,59648400
26,23,507,65545200
26,23,509,52164000
26,23,511,128671200
26,23,513,117331200
26,23,515,160574400
26,23,517,153543600
26,23,519,249480000
26,23,521,195804000
26,23,523,397731600
26,23,525,342921600
26,23,527,469476000
26,23,529,494424000
26,23,531,629370000
26,23,533,668455200
26,23,535,906217200
26,23,537,1022868000
26,23,539,1059004800
26,23,541,1325721600
26,23,543,1548855000
26,23,545,1945641600
26,23,547,1997276400
26,23,549,2440443600
26,23,551,2371269600
26,23,553,3160155600
26,23,555,2826230400
26,23,557,3744468000
26,23,559,3482136000
26,23,561,4529422800
26,23,563,3942691200
26,23,565,5293663200
26,23,567,4820936400
26,23,569,5977843200
26,23,571,5383098000
26,23,573,6597082800
26,23,575,6044824800
26,23,577,7237036800
26,23,579,6243274800
26,23,581,7839001800
26,23,583,7158412800
26,23,585,8486024400
26,23,587,7613071200
26,23,589,8779654800
26,23,591,7362079200
26,23,593,8869505400
26,23,595,8061832800
26,23,597,9282999600
26,23,599,8093547000
26,23,601,8187102000
26,23,603,7701825600
26,23,605,9438206400
26,23,607,7563175200
26,23,609,8243726400
26,23,611,7085458800
26,23,613,7671283200
26,23,615,6869772000
26,23,617,7918873200
26,23,619,5851288800
26,23,621,6642367200
26,23,623,5571871200
26,23,625,6225660000
26,23,627,4950401400
26,23,629,5948132400
26,23,631,3968470800
26,23,633,4680698400
26,23,635,3732220800
26,23,637,4125340800
26,23,639,3185330400
26,23,641,3700242000
26,23,643,2737135800
26,23,645,2754259200
26,23,647,2526476400
26,23,649,2325153600
26,23,651,1847512800
26,23,653,1928480400
26,23,655,1658512800
26,23,657,1555999200
26,23,659,1119787200
26,23,661,1317708000
26,23,663,1092722400
26,23,665,1089698400
26,23,667,710488800
26,23,669,779511600
26,23,671,433641600
26,23,673,607975200
26,23,675,331506000
26,23,677,540313200
26,23,679,279871200
26,23,681,385938000
26,23,683,230731200
26,23,685,251672400
26,23,687,88300800
26,23,689,202003200
26,23,691,224532000
26,23,693,95104800
26,23,695,53222400
26,23,697,51004800
26,23,699,20638800
26,23,701,44452800
26,23,703,12398400
26,23,705,15271200
26,23,707,14515200
26,23,709,12927600
26,23,711,16934400
26,23,713,9336600
26,23,715,907200
26,23,717,8164800
26,23,719,2721600
26,23,721,9072000
26,23,723,1587600
26,23,725,4573800
26,23,729,453600
26,23,731,2721600
26,23,733,3628800
26,23,735,3326400
26,24,524,907200
26,24,526,1360800
26,24,528,302400
26,24,532,1814400
26,24,534,907200
26,24,536,302400
26,24,538,1360800
26,24,540,1890000
26,24,542,907200
26,24,544,7257600
26,24,546,2721600
26,24,548,4233600
26,24,550,12398400
26,24,552,21924000
26,24,554,17690400
26,24,556,28633500
26,24,558,19504800
26,24,560,29484000
26,24,562,24494400
26,24,564,52390800
26,24,566,30391200
26,24,568,68266800
26,24,570,60026400
26,24,572,92383200
26,24,574,105235200
26,24,576,177282000
26,24,578,120506400
26,24,580,237006000
26,24,582,192175200
26,24,584,285012000
26,24,586,337932000
26,24,588,388744650
26,24,590,417765600
26,24,592,578667600
26,24,594,663012000
26,24,596,759024000
26,24,598,832280400
26,24,600,887922000
26,24,602,1005631200
26,24,604,1325116800
26,24,606,1295935200
26,24,608,1493251200
26,24,610,1654581600
26,24,612,1586314800
26,24,614,2054430000
26,24,616,2219672700
26,24,618,2435378400
26,24,620,2655374400
26,24,622,3024907200
26,24,624,3092128200
26,24,626,3555709920
26,24,628,3721788000
26,24,630,3854692800
26,24,632,4016930400
26,24,634,4927078800
26,24,636,4675860000
26,24,638,5403207600
26,24,640,4997134800
26,24,642,5525604000
26,24,644,5593568400
26,24,646,6070377600
26,24,648,5760568800
26,24,650,6010880400
26,24,652,6438096000
26,24,654,6486480000
26,24,656,6157544400
26,24,658,6937623000
26,24,660,5742311400
26,24,662,6724015200
26,24,664,6321029400
26,24,666,6183021600
26,24,668,6148585800
26,24,670,6307761600
26,24,672,5975348400
26,24,674,5894985600
26,24,676,5705229600
26,24,678,5542009200
26,24,680,5498841600
26,24,682,5176634400
26,24,684,4734147600
26,24,686,4596026400
26,24,688,4439988000
26,24,690,3997274400
26,24,692,3804116400
26,24,694,3497558400
26,24,696,3281266800
26,24,698,2966544000
26,24,700,2747549700
26,24,702,2610921600
26,24,704,2410052400
26,24,706,2305195200
26,24,708,1817046000
26,24,710,1907992800
26,24,712,1482062400
26,24,714,1284973200
26,24,716,1196861400
26,24,718,1358544600
26,24,720,953694000
26,24,722,955281600
26,24,724,861537600
26,24,726,666792000
26,24,728,562615200
26,24,730,580456800
26,24,732,624834000
26,24,734,275032800
26,24,736,263844000
26,24,738,296503200
26,24,740,254167200
26,24,742,219542400
26,24,744,209563200
26,24,746,56851200
26,24,748,112429800
26,24,750,101606400
26,24,752,48157200
26,24,754,49291200
26,24,756,78472800
26,24,758,26308800
26,24,760,17236800
26,24,762,29937600
26,24,764,24040800
26,24,766,10130400
26,24,770,2721600
26,24,772,1360800
26,24,774,6350400
26,24,776,7257600
26,24,778,4233600
26,24,780,1134000
26,24,784,3553200
26,24,786,907200
26,24,788,3326400
26,24,790,378000
26,24,792,1360800
26,25,571,302400
26,25,577,2268000
26,25,579,226800
26,25,585,907200
26,25,589,1814400
26,25,591,151200
26,25,593,1814400
26,25,597,1134000
26,25,599,756000
26,25,601,5443200
26,25,603,1814400
26,25,605,6048000
26,25,607,8164800
26,25,609,7862400
26,25,611,8467200
26,25,613,17917200
26,25,615,13230000
26,25,617,9072000
26,25,619,8467200
26,25,621,20412000
26,25,623,14515200
26,25,625,55944000
26,25,627,17728200
26,25,629,48535200
26,25,631,34473600
26,25,633,56700000
26,25,635,44301600
26,25,637,95558400
26,25,639,60782400
26,25,641,101001600
26,25,643,111711600
26,25,645,177433200
26,25,647,127764000
26,25,649,278510400
26,25,651,169192800
26,25,653,332110800
26,25,655,308992320
26,25,657,436816800
26,25,659,332866800
26,25,661,679946400
26,25,663,579549600
26,25,665,799394400
26,25,667,709732800
26,25,669,909014400
26,25,671,810432000
26,25,673,1226534400
26,25,675,1127196000
26,25,677,1532714400
26,25,679,1328292000
26,25,681,1632884400
26,25,683,1418029200
26,25,685,2111130000
26,25,687,2153390400
26,25,689,2245093200
26,25,691,2269965600
26,25,693,2871741600
26,25,695,2488449600
26,25,697,3132637200
26,25,699,3025134000
26,25,701,3552368400
26,25,703,3391718400
26,25,705,4090564800
26,25,707,3542162400
26,25,709,4186954800
26,25,711,4011336000
26,25,713,4293928800
26,25,715,4033789200
26,25,717,4603813200
26,25,719,4291434000
26,25,721,4316382000
26,25,723,4502660400
26,25,725,4750250400
26,25,727,4055108400
26,25,729,4816589400
26,25,731,4037455800
26,25,733,4294080000
26,25,735,4259530800
26,25,737,4034998800
26,25,739,3809937600
26,25,741,3769983000
26,25,743,3626758800
26,25,745,3677304960
26,25,747,3765560400
26,25,749,3114342000
26,25,751,3066033600
26,25,753,2856319200
26,25,755,2732410800
26,25,757,2795007600
26,25,759,2520352800
26,25,761,2158984800
26,25,763,2318349600
26,25,765,1622829600
26,25,767,1669550400
26,25,769,1820296800
26,25,771,1587801600
26,25,773,1038290400
26,25,775,1371157200
26,25,777,918842400
26,25,779,779284800
26,25,781,783367200
26,25,783,709808400
26,25,785,451710000
26,25,787,620827200
26,25,789,349423200
26,25,791,465998400
26,25,793,437270400
26,25,795,184539600
26,25,797,169948800
26,25,799,290455200
26,25,801,80438400
26,25,803,141825600
26,25,805,95256000
26,25,807,131241600
26,25,809,85881600
26,25,811,64411200
26,25,813,23889600
26,25,815,37195200
26,25,817,21319200
26,25,819,69627600
26,25,821,9979200
26,25,823,3024000
26,25,825,24948000
26,25,827,10886400
26,25,829,6501600
26,25,831,38253600
26,25,833,10886400
26,25,835,29030400
26,25,837,3175200
26,25,839,12247200
26,25,841,3704400
26,25,845,907200
26,25,847,453600
26,25,849,6350400
26,25,855,655200
26,26,618,50400
26,26,630,982800
26,26,634,37800
26,26,636,1864800
26,26,642,768600
26,26,646,907200
26,26,652,151200
26,26,656,907200
26,26,658,378000
26,26,660,1360800
26,26,662,1512000
26,26,664,453600
26,26,666,3931200
26,26,668,1814400
26,26,670,1814400
26,26,672,13759200
26,26,674,4989600
26,26,676,1512000
26,26,678,13608000
26,26,680,7938000
26,26,682,1890000
26,26,684,17690400
26,26,686,8920800
26,26,688,9072000
26,26,690,20462400
26,26,692,23360400
26,26,694,13608000
26,26,696,39160800
26,26,698,21016800
26,26,700,25401600
26,26,702,48308400
26,26,704,44906400
26,26,706,42940800
26,26,708,113626800
26,26,710,59270400
26,26,712,94386600
26,26,714,126856800
26,26,716,126100800
26,26,718,162842400
26,26,720,249706800
26,26,722,217274400
26,26,724,199054800
26,26,726,240162300
26,26,728,248553900
26,26,730,322944300
26,26,732,549158400
26,26,734,484142400
26,26,736,541447200
26,26,738,657115200
26,26,740,593082000
26,26,742,645661800
26,26,744,963522000
26,26,746,1052692200
26,26,748,962085600
26,26,750,1172064600
26,26,752,1199923200
26,26,754,1338498000
26,26,756,1593761400
26,26,758,1757095200
26,26,760,1632355200
26,26,762,1755054000
26,26,764,1837420200
26,26,766,2081343600
26,26,768,2026140480
26,26,770,2167452000
26,26,772,2222640000
26,26,774,2410732800
26,26,776,2256886800
26,26,778,2559060000
26,26,780,2406650400
26,26,782,2637230400
26,26,784,2533053600
26,26,786,2821392000
26,26,788,2747304000
26,26,790,2841879600
26,26,792,2730388500
26,26,794,2700734400
26,26,796,2334981600
26,26,798,3019811760
26,26,800,2470759200
26,26,802,2658625200
26,26,804,2425550400
26,26,806,2840216400
26,26,808,2325909600
26,26,810,2446378200
26,26,812,2053900800
26,26,814,2356754400
26,26,816,1936418400
26,26,818,2118463200
26,26,820,1771610400
26,26,822,1670457600
26,26,824,1498354200
26,26,826,1684746000
26,26,828,1203930000
26,26,830,1320958800
26,26,832,1252389600
26,26,834,1135436400
26,26,836,794556000
26,26,838,862596000
26,26,840,591645600
26,26,842,605215800
26,26,844,745315200
26,26,846,537667200
26,26,848,262936800
26,26,850,298468800
26,26,852,236325600
26,26,854,251218800
26,26,856,249177600
26,26,858,125212500
26,26,860,70912800
26,26,862,168663600
26,26,864,160045200
26,26,866,37648800
26,26,868,104479200
26,26,870,56246400
26,26,872,106596000
26,26,874,59661000
26,26,876,45057600
26,26,878,48988800
26,26,880,62899200
26,26,882,19353600
26,26,884,18597600
26,26,886,14590800
26,26,888,13305600
26,26,890,20034000
26,26,892,7257600
26,26,894,453600
26,26,898,14112000
26,26,904,3024000
26,26,906,2116800
26,26,908,3326400
26,26,912,680400
26,27,685,75600
26,27,687,37800
26,27,695,907200
26,27,699,453600
26,27,705,302400
26,27,721,604800
26,27,727,1814400
26,27,729,1512000
26,27,731,1814400
26,27,733,604800
26,27,737,4536000
26,27,739,7408800
26,27,741,4838400
26,27,743,1814400
26,27,745,3326400
26,27,747,982800
26,27,749,7862400
26,27,751,3175200
26,27,753,6501600
26,27,755,9752400
26,27,757,8089200
26,27,759,9412200
26,27,761,21470400
26,27,763,17690400
26,27,765,9676800
26,27,767,11340000
26,27,769,24796800
26,27,771,32054400
26,27,773,21319200
26,27,775,29030400
26,27,777,43394400
26,27,779,55944000
26,27,781,58514400
26,27,783,65242800
26,27,785,83840400
26,27,787,85730400
26,27,789,108864000
26,27,791,72576000
26,27,793,159062400
26,27,795,96692400
26,27,797,152863200
26,27,799,213796800
26,27,801,317520000
26,27,803,233906400
26,27,805,377773200
26,27,807,288036000
26,27,809,368474400
26,27,811,290858400
26,27,813,436816800
26,27,815,477640800
26,27,817,640785600
26,27,819,695671200
26,27,821,815194800
26,27,823,657115200
26,27,825,813440880
26,27,827,963144000
26,27,829,913021200
26,27,831,1023019200
26,27,833,1210356000
26,27,835,1009396080
26,27,837,1170099000
26,27,839,1100282400
26,27,841,1438390800
26,27,843,1487505600
26,27,845,1594177200
26,27,847,1136646000
26,27,849,1528329600
26,27,851,1608238800
26,27,853,1630986840
26,27,855,1416139200
26,27,857,1659079800
26,27,859,1420851600
26,27,861,1755129600
26,27,863,1415458800
26,27,865,1680537600
26,27,867,1573311600
26,27,869,1802152800
26,27,871,1347796800
26,27,873,1641578400
26,27,875,1203854400
26,27,877,1687694400
26,27,879,1220562000
26,27,881,1311811200
26,27,883,1010167200
26,27,885,1324814400
26,27,887,991720800
26,27,889,1086523200
26,27,891,887695200
26,27,893,765374400
26,27,895,690278400
26,27,897,825577200
26,27,899,488678400
26,27,901,768625200
26,27,903,666943200
26,27,905,307994400
26,27,907,341208000
26,27,909,444981600
26,27,911,248724000
26,27,913,197542800
26,27,915,254318400
26,27,917,184010400
26,27,919,163863000
26,27,921,312228000
26,27,923,98884800
26,27,925,123127200
26,27,927,96768000
26,27,929,54129600
26,27,931,27669600
26,27,933,95407200
26,27,935,26762400
26,27,937,33112800
26,27,939,12927600
26,27,941,48686400
26,27,943,4536000
26,27,945,51287040
26,27,947,3628800
26,27,949,22377600
26,27,951,1209600
26,27,953,16934400
26,27,955,4687200
26,27,957,7711200
26,27,961,11491200
26,27,963,302400
26,27,965,1512000
26,27,967,13608000
26,28,754,100800
26,28,756,151200
26,28,760,453600
26,28,764,453600
26,28,774,302400
26,28,792,302400
26,28,794,453600
26,28,796,1814400
26,28,798,907200
26,28,800,151200
26,28,802,100800
26,28,804,529200
26,28,806,2268000
26,28,808,2268000
26,28,810,1663200
26,28,812,5518800
26,28,814,8164800
26,28,816,8164800
26,28,818,1360800
26,28,820,5140800
26,28,822,907200
26,28,824,4989600
26,28,826,21772800
26,28,828,7333200
26,28,830,7862400
26,28,832,11642400
26,28,834,6652800
26,28,836,4082400
26,28,838,11869200
26,28,840,29181600
26,28,842,20790000
26,28,844,22226400
26,28,846,4082400
26,28,848,27726300
26,28,850,18295200
26,28,852,63882000
26,28,854,16783200
26,28,856,27556200
26,28,858,35985600
26,28,860,105991200
26,28,862,39110400
26,28,864,89510400
26,28,866,53524800
26,28,868,70308000
26,28,870,74995200
26,28,872,116877600
26,28,874,98128800
26,28,876,180835200
26,28,878,110980800
26,28,880,136344600
26,28,882,195804000
26,28,884,200264400
26,28,886,223700400
26,28,888,352900800
26,28,890,216669600
26,28,892,297561600
26,28,894,360108000
26,28,896,516196800
26,28,898,548704800
26,28,900,528822000
26,28,902,471441600
26,28,904,526050000
26,28,906,659836800
26,28,908,696956400
26,28,910,684961200
26,28,912,775901700
26,28,914,908712000
26,28,916,759729600
26,28,918,845586000
26,28,920,804913200
26,28,922,727725600
26,28,924,888564600
26,28,926,831222000
26,28,928,929451600
26,28,930,806954400
26,28,932,923227200
26,28,934,769834800
26,28,936,831826800
26,28,938,723340800
26,28,940,781099200
26,28,942,797353200
26,28,944,598298400
26,28,946,730598400
26,28,948,784047600
26,28,950,483537600
26,28,952,796370400
26,28,954,583934400
26,28,956,542505600
26,28,958,475335000
26,28,960,532148400
26,28,962,251370000
26,28,964,449820000
26,28,966,374950800
26,28,968,348138000
26,28,970,285541200
26,28,972,303307200
26,28,974,195804000
26,28,976,356038200
26,28,978,200592000
26,28,980,127764000
26,28,982,145605600
26,28,984,143035200
26,28,986,66528000
26,28,988,130107600
26,28,990,144471600
26,28,992,89472600
26,28,994,46872000
26,28,996,48384000
26,28,998,31600800
26,28,1000,39916800
26,28,1002,40899600
26,28,1004,12096000
26,28,1006,54129600
26,28,1008,47741400
26,28,1010,38102400
26,28,1012,7257600
26,28,1014,2116800
26,28,1016,33566400
26,28,1018,12700800
26,28,1020,2116800
26,28,1022,4309200
26,28,1024,7371000
26,28,1026,2041200
26,28,1030,1814400
26,28,1032,151200
26,28,1038,617400
26,28,1044,573300
26,28,1056,12600
26,29,819,151200
26,29,825,151200
26,29,831,25200
26,29,849,252000
26,29,855,75600
26,29,861,302400
26,29,865,453600
26,29,867,226800
26,29,873,1360800
26,29,877,1814400
26,29,879,302400
26,29,881,3628800
26,29,883,2948400
26,29,885,2822400
26,29,887,5745600
26,29,889,1814400
26,29,891,4006800
26,29,893,3628800
26,29,895,6350400
26,29,897,1965600
26,29,899,11793600
26,29,901,7257600
26,29,903,7560000
26,29,905,5443200
26,29,907,8164800
26,29,909,17992800
26,29,911,21999600
26,29,913,19202400
26,29,915,16518600
26,29,917,7862400
26,29,919,11718000
26,29,921,15195600
26,29,923,16329600
26,29,925,18144000
26,29,927,16556400
26,29,929,11793600
26,29,931,34851600
26,29,933,41655600
26,29,935,11982600
26,29,937,64864800
26,29,939,38404800
26,29,941,33339600
26,29,943,67586400
26,29,945,47325600
26,29,947,38329200
26,29,949,100850400
26,29,951,38026800
26,29,953,44150400
26,29,955,103194000
26,29,957,100018800
26,29,959,154375200
26,29,961,171914400
26,29,963,79531200
26,29,965,167000400
26,29,967,224191800
26,29,969,132451200
26,29,971,208656000
26,29,973,306784800
26,29,975,251596800
26,29,977,174787200
26,29,979,326327400
26,29,981,252050400
26,29,983,288943200
26,29,985,369381600
26,29,987,318427200
26,29,989,397202400
26,29,991,425401200
26,29,993,287469000
26,29,995,451180800
26,29,997,402645600
26,29,999,310035600
26,29,1001,445057200
26,29,1003,503042400
26,29,1005,450500400
26,29,1007,327801600
26,29,1009,423586800
26,29,1011,365715000
26,29,1013,335890800
26,29,1015,367869600
26,29,1017,376563600
26,29,1019,348062400
26,29,1021,304063200
26,29,1023,364543200
26,29,1025,208051200
26,29,1027,281685600
26,29,1029,307540800
26,29,1031,262558800
26,29,1033,121338000
26,29,1035,298998000
26,29,1037,124740000
26,29,1039,124891200
26,29,1041,172897200
26,29,1043,174787200
26,29,1045,86637600
26,29,1047,137944800
26,29,1049,75902400
26,29,1051,68531400
26,29,1053,92723400
26,29,1055,106293600
26,29,1057,46418400
26,29,1059,48610800
26,29,1061,98582400
26,29,1063,39009600
26,29,1065,58212000
26,29,1067,19353600
26,29,1069,9298800
26,29,1071,21470400
26,29,1073,9979200
26,29,1075,5443200
26,29,1077,58212000
26,29,1079,5745600
26,29,1081,1360800
26,29,1085,453600
26,29,1087,453600
26,29,1089,23133600
26,29,1093,604800
26,29,1095,201600
26,29,1097,302400
26,29,1105,151200
26,29,1107,453600
26,30,926,75600
26,30,936,151200
26,30,944,907200
26,30,952,907200
26,30,954,151200
26,30,956,3628800
26,30,962,1814400
26,30,966,3364200
26,30,968,7257600
26,30,970,5443200
26,30,972,4989600
26,30,974,2759400
26,30,976,2721600
26,30,978,226800
26,30,980,9072000
26,30,982,4536000
26,30,984,13834800
26,30,986,10886400
26,30,988,7862400
26,30,990,3780000
26,30,992,19051200
26,30,994,13456800
26,30,996,14666400
26,30,998,9676800
26,30,1000,35380800
26,30,1002,11037600
26,30,1004,10206000
26,30,1006,12096000
26,30,1008,28501200
26,30,1010,22226400
26,30,1012,16556400
26,30,1014,16707600
26,30,1016,18597600
26,30,1018,18635400
26,30,1020,32810400
26,30,1022,19051200
26,30,1024,61614000
26,30,1026,10432800
26,30,1028,14061600
26,30,1030,28274400
26,30,1032,24192000
26,30,1034,33717600
26,30,1036,84483000
26,30,1038,77527800
26,30,1040,100018800
26,30,1042,78775200
26,30,1044,135021600
26,30,1046,108448200
26,30,1048,62596800
26,30,1050,91778400
26,30,1052,177962400
26,30,1054,125886600
26,30,1056,114912000
26,30,1058,152485200
26,30,1060,140162400
26,30,1062,159667200
26,30,1064,131619600
26,30,1066,135777600
26,30,1068,166395600
26,30,1070,258174000
26,30,1072,93744000
26,30,1074,252352800
26,30,1076,139860000
26,30,1078,221772600
26,30,1080,169948800
26,30,1082,218786400
26,30,1084,123832800
26,30,1086,323038800
26,30,1088,135248400
26,30,1090,227631600
26,30,1092,114156000
26,30,1094,144320400
26,30,1096,71366400
26,30,1098,155736000
26,30,1100,97524000
26,30,1102,122850000
26,30,1104,94197600
26,30,1106,117482400
26,30,1108,43948800
26,30,1110,196862400
26,30,1112,34322400
26,30,1114,65318400
26,30,1116,89661600
26,30,1118,88376400
26,30,1120,49896000
26,30,1122,47628000
26,30,1124,41731200
26,30,1126,47124000
26,30,1128,14061600
26,30,1130,55339200
26,30,1132,28425600
26,30,1134,36288000
26,30,1136,45133200
26,30,1138,15939000
26,30,1140,10886400
26,30,1142,22680000
26,30,1144,75600
26,30,1146,453600
26,30,1148,10886400
26,30,1150,151200
26,30,1152,11188800
26,30,1154,302400
26,30,1162,50400
26,30,1170,18900
26,30,1172,75600
26,30,1174,18900
26,30,1180,728280
26,31,967,25200
26,31,1029,907200
26,31,1033,1814400
26,31,1037,604800
26,31,1039,1814400
26,31,1041,1814400
26,31,1045,1814400
26,31,1047,1852200
26,31,1049,4536000
26,31,1051,1814400
26,31,1053,453600
26,31,1055,1814400
26,31,1057,12700800
26,31,1059,2268000
26,31,1061,2268000
26,31,1063,2872800
26,31,1065,5443200
26,31,1067,2797200
26,31,1069,11340000
26,31,1071,8618400
26,31,1073,12700800
26,31,1075,9172800
26,31,1077,19202400
26,31,1079,10130400
26,31,1081,21772800
26,31,1083,21810600
26,31,1085,11793600
26,31,1087,9387000
26,31,1089,21621600
26,31,1091,11793600
26,31,1093,15976800
26,31,1095,15687000
26,31,1097,19051200
26,31,1099,17463600
26,31,1101,35456400
26,31,1103,10546200
26,31,1105,18925200
26,31,1107,13154400
26,31,1109,26006400
26,31,1111,9828000
26,31,1113,74050200
26,31,1115,23058000
26,31,1117,10357200
26,31,1119,6426000
26,31,1121,38556000
26,31,1123,18937800
26,31,1125,68493600
26,31,1127,28879200
26,31,1129,63806400
26,31,1131,46494000
26,31,1133,40899600
26,31,1135,70308000
26,31,1137,183934800
26,31,1139,40294800
26,31,1141,66528000
26,31,1143,112795200
26,31,1145,98091000
26,31,1147,22302000
26,31,1149,110527200
26,31,1151,20336400
26,31,1153,71971200
26,31,1155,64260000
26,31,1157,86259600
26,31,1159,53751600
26,31,1161,99867600
26,31,1163,73483200
26,31,1165,58665600
26,31,1167,176752800
26,31,1169,78170400
26,31,1171,71290800
26,31,1173,75781440
26,31,1175,54205200
26,31,1177,59950800
26,31,1179,78170400
26,31,1181,24494400
26,31,1183,116877600
26,31,1185,43545600
26,31,1187,19504800
26,31,1189,21168000
26,31,1191,62924400
26,31,1193,16329600
26,31,1195,12700800
26,31,1197,15422400
26,31,1199,8164800
26,31,1201,9072000
26,31,1203,2177280
26,31,1205,1814400
26,31,1207,4082400
26,31,1209,5329800
26,31,1211,1436400
26,31,1213,1814400
26,31,1217,907200
26,31,1219,453600
26,31,1231,8164800
26,31,1239,9525600
26,31,1245,226800
26,32,1098,25200
26,32,1120,1814400
26,32,1122,1058400
26,32,1124,1814400
26,32,1130,3628800
26,32,1132,3024000
26,32,1138,2268000
26,32,1140,5140800
26,32,1142,5443200
26,32,1144,8164800
26,32,1146,1814400
26,32,1148,907200
26,32,1150,3628800
26,32,1152,415800
26,32,1154,17236800
26,32,1156,7711200
26,32,1158,7711200
26,32,1160,11793600
26,32,1162,4762800
26,32,1164,7257600
26,32,1166,9072000
26,32,1168,14968800
26,32,1170,7257600
26,32,1172,18144000
26,32,1174,19958400
26,32,1176,9828000
26,32,1178,9072000
26,32,1180,7862400
26,32,1182,6350400
26,32,1184,15044400
26,32,1186,14137200
26,32,1188,12348000
26,32,1190,14968800
26,32,1192,15422400
26,32,1194,9525600
26,32,1196,13834800
26,32,1198,9072000
26,32,1200,4536000
26,32,1202,7257600
26,32,1204,8618400
26,32,1206,35078400
26,32,1208,10977120
26,32,1210,9646560
26,32,1212,35229600
26,32,1214,49896000
26,32,1216,4082400
26,32,1218,27972000
26,32,1220,60782400
26,32,1222,9147600
26,32,1224,907200
26,32,1226,61236000
26,32,1228,55505520
26,32,1230,26422200
26,32,1232,18144000
26,32,1234,63277200
26,32,1236,22528800
26,32,1238,52012800
26,32,1240,1632960
26,32,1242,41580000
26,32,1244,57909600
26,32,1246,24494400
26,32,1248,453600
26,32,1250,44906400
26,32,1254,30542400
26,32,1256,151200
26,32,1258,31752000
26,32,1260,16556400
26,32,1262,17539200
26,32,1266,5896800
26,32,1270,16783200
26,32,1274,3628800
26,32,1278,22377600
26,32,1282,10432800
26,32,1284,4536000
26,32,1286,6426000
26,32,1290,20412000
26,32,1292,7257600
26,32,1296,2835000
26,32,1298,4762800
26,32,1300,5443200
26,32,1302,907200
26,33,1203,226800
26,33,1209,1814400
26,33,1215,2268000
26,33,1219,1814400
26,33,1221,2041200
26,33,1223,907200
26,33,1227,3628800
26,33,1231,1209600
26,33,1233,2721600
26,33,1235,2268000
26,33,1239,13154400
26,33,1243,7257600
26,33,1245,6199200
26,33,1247,4536000
26,33,1249,2116800
26,33,1251,10886400
26,33,1253,1134000
26,33,1255,9374400
26,33,1257,9979200
26,33,1259,11793600
26,33,1261,4233600
26,33,1263,9979200
26,33,1265,604800
26,33,1267,15573600
26,33,1269,6501600
26,33,1271,14288400
26,33,1273,2116800
26,33,1275,14137200
26,33,1277,2116800
26,33,1279,4384800
26,33,1281,9979200
26,33,1283,10432800
26,33,1285,3024000
26,33,1287,11188800
26,33,1289,2797200
26,33,1291,1814400
26,33,1293,8353800
26,33,1295,4914000
26,33,1297,5443200
26,33,1299,4536000
26,33,1301,22831200
26,33,1303,7106400
26,33,1305,982800
26,33,1307,17539200
26,33,1309,16934400
26,33,1311,3893400
26,33,1313,1209600
26,33,1315,25099200
26,33,1317,1663200
26,33,1319,7295400
26,33,1321,24683400
26,33,1323,1058400
26,33,1325,19731600
26,33,1327,8694000
26,33,1329,1209600
26,33,1331,5518800
26,33,1333,11793600
26,33,1335,1814400
26,33,1337,1814400
26,33,1339,26875800
26,33,1341,1285200
26,33,1343,7257600
26,33,1345,15296400
26,33,1347,604800
26,33,1349,3477600
26,33,1351,6350400
26,33,1353,24343200
26,33,1355,907200
26,33,1357,302400
26,33,1359,453600
26,33,1361,1134000
26,33,1363,2494800
26,33,1365,453600
26,33,1369,11214000
26,34,1276,5040
26,34,1288,453600
26,34,1296,1814400
26,34,1300,466200
26,34,1308,907200
26,34,1310,907200
26,34,1312,907200
26,34,1314,1814400
26,34,1318,907200
26,34,1320,3855600
26,34,1322,226800
26,34,1324,7711200
26,34,1328,1360800
26,34,1330,1360800
26,34,1332,3628800
26,34,1336,6350400
26,34,1338,302400
26,34,1340,5443200
26,34,1342,2721600
26,34,1344,2721600
26,34,1348,5518800
26,34,1350,2721600
26,34,1352,9979200
26,34,1354,2419200
26,34,1356,3628800
26,34,1358,1360800
26,34,1360,10206000
26,34,1362,151200
26,34,1364,3628800
26,34,1366,22680000
26,34,1368,5934600
26,34,1372,7560000
26,34,1376,3780000
26,34,1378,680400
26,34,1380,1058400
26,34,1382,9979200
26,34,1384,5216400
26,34,1386,4142880
26,34,1388,1209600
26,34,1390,1814400
26,34,1392,453600
26,34,1394,5594400
26,34,1396,151200
26,34,1398,2217600
26,34,1400,151200
26,34,1402,604800
26,34,1404,9714600
26,34,1408,13608000
26,34,1410,4082400
26,34,1412,14515200
26,34,1416,16329600
26,34,1420,8769600
26,34,1422,100800
26,34,1424,8164800
26,34,1428,1512000
26,34,1432,8164800
26,34,1436,4082400
26,34,1476,1260
26,35,1371,151200
26,35,1379,226800
26,35,1389,151200
26,35,1399,907200
26,35,1407,302400
26,35,1409,453600
26,35,1411,1814400
26,35,1413,907200
26,35,1417,226800
26,35,1419,3175200
26,35,1421,4082400
26,35,1423,151200
26,35,1425,50400
26,35,1427,4536000
26,35,1429,1814400
26,35,1431,1814400
26,35,1433,453600
26,35,1435,907200
26,35,1437,2721600
26,35,1439,2721600
26,35,1443,2419200
26,35,1445,2721600
26,35,1449,2872800
26,35,1451,1814400
26,35,1453,1285200
26,35,1455,2721600
26,35,1459,302400
26,35,1461,2872800
26,35,1463,907200
26,35,1467,15422400
26,35,1469,1512000
26,35,1471,604800
26,35,1475,302400
26,35,1477,907200
26,35,1479,8467200
26,35,1483,453600
26,35,1485,453600
26,35,1491,302400
26,35,1509,151200
26,35,1575,90720
26,36,1498,604800
26,36,1506,302400
26,36,1514,907200
26,36,1516,907200
26,36,1522,2116800
26,36,1524,907200
26,36,1526,756000
26,36,1530,2268000
26,36,1534,2268000
26,36,1538,1360800
26,36,1540,604800
26,36,1542,1360800
26,36,1544,907200
26,36,1550,2116800
26,36,1556,831600
26,36,1558,907200
26,36,1564,13305600
26,36,1566,226800
26,36,1574,453600
26,36,1578,15120
26,36,1582,75600
26,36,1588,3326400
26,36,1608,30240
26,36,1638,1103760
26,37,1599,37800
26,37,1605,302400
26,37,1613,1209600
26,37,1615,607320
26,37,1621,1512000
26,37,1623,302400
26,37,1627,1020600
26,37,1629,1814400
26,37,1635,907200
26,37,1637,302400
26,37,1639,151200
26,37,1643,7560
26,37,1645,607320
26,37,1653,302400
26,37,1659,453600
26,37,1671,37800
26,37,1673,15120
26,37,1675,272160
26,37,1701,756000
26,37,1703,680400
26,37,1705,68040
26,38,1662,321300
26,38,1744,75600
26,38,1776,1108800
26,39,1783,1285200
26,39,1791,7560
26,39,1819,75600
26,39,1839,151200
26,39,1843,302400
26,39,1847,75600
26,40,1888,642600
26,40,1920,42840
26,41,2007,214200
26,44,2228,9450
26,45,2355,7560
27,10,120,3780
27,10,150,12600
27,10,170,7560
27,12,132,3150
27,12,164,37800
27,12,180,151200
27,12,196,37800
27,12,228,37800
27,13,183,37800
27,13,187,302400
27,13,189,50400
27,13,213,302400
27,13,223,151200
27,13,227,302400
27,13,239,226800
27,13,279,4200
27,14,194,302400
27,14,202,604800
27,14,208,302400
27,14,212,75600
27,14,218,1209600
27,14,222,302400
27,14,226,604800
27,14,228,75600
27,14,230,453600
27,14,234,1134000
27,14,238,207900
27,14,242,302400
27,14,250,453600
27,14,262,151200
27,14,270,529200
27,14,278,302400
27,14,286,151200
27,14,302,75600
27,14,318,37800
27,15,217,75600
27,15,223,604800
27,15,225,907200
27,15,227,907200
27,15,231,907200
27,15,233,453600
27,15,235,4838400
27,15,237,453600
27,15,241,2041200
27,15,243,907200
27,15,247,302400
27,15,251,1360800
27,15,255,1020600
27,15,257,2268000
27,15,259,3931200
27,15,261,1965600
27,15,263,2419200
27,15,267,100800
27,15,271,302400
27,15,273,1738800
27,15,275,907200
27,15,283,907200
27,15,287,907200
27,15,289,151200
27,15,291,1411200
27,15,295,75600
27,15,297,907200
27,15,305,453600
27,15,307,907200
27,15,321,151200
27,15,325,302400
27,15,339,100800
27,15,345,25200
27,16,236,453600
27,16,238,907200
27,16,240,453600
27,16,244,2948400
27,16,248,4309200
27,16,250,1814400
27,16,252,5594400
27,16,254,4082400
27,16,256,9147600
27,16,258,2419200
27,16,260,5745600
27,16,262,8316000
27,16,264,5443200
27,16,266,3477600
27,16,268,9752400
27,16,270,3477600
27,16,272,1512000
27,16,274,5140800
27,16,276,15044400
27,16,278,5443200
27,16,280,10281600
27,16,282,1512000
27,16,284,9005850
27,16,286,5443200
27,16,288,4158000
27,16,290,302400
27,16,292,7484400
27,16,294,4989600
27,16,296,1512000
27,16,298,1814400
27,16,300,5443200
27,16,302,3628800
27,16,304,4611600
27,16,306,907200
27,16,308,1814400
27,16,310,907200
27,16,312,1663200
27,16,314,2116800
27,16,316,1890000
27,16,318,1915200
27,16,320,869400
27,16,322,907200
27,16,324,3175200
27,16,326,1814400
27,16,328,982800
27,16,332,1209600
27,16,336,604800
27,16,340,2721600
27,16,342,604800
27,16,344,756000
27,16,352,1360800
27,16,356,264600
27,16,358,604800
27,16,360,302400
27,16,364,226800
27,16,372,151200
27,16,384,25200
27,16,408,25200
27,17,267,453600
27,17,269,5443200
27,17,271,2721600
27,17,273,2721600
27,17,275,11793600
27,17,277,18144000
27,17,279,14061600
27,17,281,28576800
27,17,283,45360000
27,17,285,20563200
27,17,287,22755600
27,17,289,20260800
27,17,291,30391200
27,17,293,37951200
27,17,295,30164400
27,17,297,24192000
27,17,299,35229600
27,17,301,34624800
27,17,303,21168000
27,17,305,28728000
27,17,307,25477200
27,17,309,28576800
27,17,311,29937600
27,17,313,6652800
27,17,315,28879200
27,17,317,46645200
27,17,319,23133600
27,17,321,26006400
27,17,323,15120000
27,17,325,16178400
27,17,327,8240400
27,17,329,17236800
27,17,331,19656000
27,17,333,12700800
27,17,335,13834800
27,17,337,11642400
27,17,339,4737600
27,17,341,13910400
27,17,343,8467200
27,17,345,4536000
27,17,347,13608000
27,17,349,7862400
27,17,351,2116800
27,17,353,10886400
27,17,355,8542800
27,17,357,907200
27,17,359,5896800
27,17,361,3326400
27,17,363,1814400
27,17,365,3024000
27,17,367,453600
27,17,369,3628800
27,17,371,1965600
27,17,373,7560000
27,17,377,453600
27,17,379,2419200
27,17,381,1814400
27,17,385,907200
27,17,387,2268000
27,17,391,1209600
27,17,393,907200
27,17,395,453600
27,17,397,453600
27,17,399,453600
27,17,401,756000
27,17,403,1058400
27,17,405,529200
27,17,407,1209600
27,17,411,756000
27,17,415,75600
27,18,296,2721600
27,18,298,6350400
27,18,300,17388000
27,18,302,31298400
27,18,304,34473600
27,18,306,55256040
27,18,308,68040000
27,18,310,98091000
27,18,312,123379200
27,18,314,129729600
27,18,316,106293600
27,18,318,163976400
27,18,320,89812800
27,18,322,113778000
27,18,324,184867200
27,18,326,126705600
27,18,328,135021600
27,18,330,157474800
27,18,332,109922400
27,18,334,139935600
27,18,336,167832000
27,18,338,134568000
27,18,340,107352000
27,18,342,192439800
27,18,344,122812200
27,18,346,120733200
27,18,348,118540800
27,18,350,101152800
27,18,352,69249600
27,18,354,100623600
27,18,356,60480000
27,18,358,70497000
27,18,360,53020800
27,18,362,76431600
27,18,364,42940800
27,18,366,57607200
27,18,368,50803200
27,18,370,65394000
27,18,372,23587200
27,18,374,38404800
27,18,376,30958200
27,18,378,52768800
27,18,380,18370800
27,18,382,32281200
27,18,384,23133600
27,18,386,27367200
27,18,388,23284800
27,18,390,26157600
27,18,392,14817600
27,18,394,22831200
27,18,396,10281600
27,18,398,14666400
27,18,400,13759200
27,18,402,12045600
27,18,404,6350400
27,18,406,15044400
27,18,408,6652800
27,18,410,4989600
27,18,412,7862400
27,18,414,6226920
27,18,416,1814400
27,18,418,6652800
27,18,420,3628800
27,18,422,2721600
27,18,424,907200
27,18,426,13608000
27,18,428,907200
27,18,430,1814400
27,18,434,2419200
27,18,436,907200
27,18,438,1814400
27,18,440,1814400
27,18,442,1512000
27,18,448,453600
27,18,450,604800
27,18,454,1134000
27,18,458,151200
27,18,460,907200
27,18,462,302400
27,18,472,151200
27,18,474,88200
27,18,486,840
27,19,329,4536000
27,19,331,7257600
27,19,333,34776000
27,19,335,76204800
27,19,337,71215200
27,19,339,137138400
27,19,341,217274400
27,19,343,261273600
27,19,345,333900000
27,19,347,322963200
27,19,349,402796800
27,19,351,431978400
27,19,353,446115600
27,19,355,456019200
27,19,357,553618800
27,19,359,473331600
27,19,361,533887200
27,19,363,543883200
27,19,365,561443400
27,19,367,515667600
27,19,369,526138200
27,19,371,539217000
27,19,373,609487200
27,19,375,472122000
27,19,377,488829600
27,19,379,366811200
27,19,381,443167200
27,19,383,348818400
27,19,385,388962000
27,19,387,348969600
27,19,389,340351200
27,19,391,312984000
27,19,393,275259600
27,19,395,307087200
27,19,397,264448800
27,19,399,226346400
27,19,401,243885600
27,19,403,198072000
27,19,405,190058400
27,19,407,131846400
27,19,409,173728800
27,19,411,142203600
27,19,413,158457600
27,19,415,110829600
27,19,417,109468800
27,19,419,78019200
27,19,421,87998400
27,19,423,87166800
27,19,425,78472800
27,19,427,70308000
27,19,429,83916000
27,19,431,48988800
27,19,433,55036800
27,19,435,30744000
27,19,437,80136000
27,19,439,25704000
27,19,441,33112800
27,19,443,33264000
27,19,445,34322400
27,19,447,19756800
27,19,449,23889600
27,19,451,21168000
27,19,453,11642400
27,19,455,24645600
27,19,457,17236800
27,19,459,8618400
27,19,461,14817600
27,19,463,9223200
27,19,465,6501600
27,19,467,1058400
27,19,469,6955200
27,19,471,5745600
27,19,473,10432800
27,19,475,3326400
27,19,477,5594400
27,19,479,5292000
27,19,481,5896800
27,19,483,1512000
27,19,485,5443200
27,19,487,453600
27,19,489,1915200
27,19,491,1360800
27,19,493,907200
27,19,497,1814400
27,19,499,756000
27,19,501,50400
27,19,507,302400
27,19,513,151200
27,19,515,453600
27,19,531,100800
27,19,561,840
27,20,364,567000
27,20,366,17236800
27,20,368,49669200
27,20,370,63050400
27,20,372,182328300
27,20,374,242222400
27,20,376,255830400
27,20,378,485956800
27,20,380,504856800
27,20,382,654847200
27,20,384,674730000
27,20,386,995349600
27,20,388,947797200
27,20,390,1041163200
27,20,392,1164391200
27,20,394,1347796800
27,20,396,1439083800
27,20,398,1515628800
27,20,400,1523453400
27,20,402,1448605200
27,20,404,1688904000
27,20,406,1508220000
27,20,408,1498140000
27,20,410,1452880800
27,20,412,1536796800
27,20,414,1306821600
27,20,416,1289509200
27,20,418,1246644000
27,20,420,1356808320
27,20,422,1092268800
27,20,424,1048118400
27,20,426,1002682800
27,20,428,1094763600
27,20,430,897674400
27,20,432,950518800
27,20,434,784879200
27,20,436,802002600
27,20,438,703306800
27,20,440,668379600
27,20,442,579096000
27,20,444,681483600
27,20,446,554299200
27,20,448,524286000
27,20,450,428765400
27,20,452,426006000
27,20,454,383140800
27,20,456,425476800
27,20,458,304516800
27,20,460,300132000
27,20,462,264297600
27,20,464,289623600
27,20,466,252730800
27,20,468,230592600
27,20,470,201549600
27,20,472,183027600
27,20,474,157852800
27,20,476,141069600
27,20,478,96616800
27,20,480,185635800
27,20,482,84369600
27,20,484,94122000
27,20,486,80287200
27,20,488,94197600
27,20,490,72727200
27,20,492,64222200
27,20,494,41126400
27,20,496,88452000
27,20,498,32659200
27,20,500,50085000
27,20,502,26762400
27,20,504,23436000
27,20,506,7257600
27,20,508,28576800
27,20,510,18219600
27,20,512,24040800
27,20,514,19958400
27,20,516,14061600
27,20,518,11944800
27,20,520,17690400
27,20,522,19504800
27,20,524,13683600
27,20,526,7711200
27,20,528,4233600
27,20,530,4838400
27,20,532,6199200
27,20,534,2721600
27,20,536,3024000
27,20,538,2419200
27,20,540,1965600
27,20,542,604800
27,20,544,529200
27,20,546,1814400
27,20,548,1738800
27,20,552,1512000
27,20,556,378000
27,20,558,655200
27,20,568,453600
27,20,572,453600
27,21,399,302400
27,21,401,907200
27,21,403,907200
27,21,405,50803200
27,21,407,42638400
27,21,409,167983200
27,21,411,127688400
27,21,413,413683200
27,21,415,389869200
27,21,417,669664800
27,21,419,696729600
27,21,421,1115251200
27,21,423,984425400
27,21,425,1361253600
27,21,427,1585785600
27,21,429,1900546200
27,21,431,1815760800
27,21,433,2707689600
27,21,435,2253031200
27,21,437,2761365600
27,21,439,2767413600
27,21,441,3044638800
27,21,443,2566317600
27,21,445,3425889600
27,21,447,2777922000
27,21,449,3251253600
27,21,451,2864030400
27,21,453,3189715200
27,21,455,2570778000
27,21,457,3356640000
27,21,459,2783289600
27,21,461,3099448800
27,21,463,2652652800
27,21,465,2905156800
27,21,467,2371874400
27,21,469,2680020000
27,21,471,2174407200
27,21,473,2319483600
27,21,475,1941710400
27,21,477,2000980800
27,21,479,1826798400
27,21,481,1873368000
27,21,483,1683460800
27,21,485,1645056000
27,21,487,1388923200
27,21,489,1421935200
27,21,491,1252465200
27,21,493,1235984400
27,21,495,949989600
27,21,497,1188583200
27,21,499,847022400
27,21,501,966470400
27,21,503,786240000
27,21,505,726213600
27,21,507,680702400
27,21,509,717746400
27,21,511,534870000
27,21,513,563522400
27,21,515,501228000
27,21,517,452692800
27,21,519,409789800
27,21,521,349120800
27,21,523,310413600
27,21,525,282441600
27,21,527,281232000
27,21,529,204422400
27,21,531,263919600
27,21,533,159364800
27,21,535,161254800
27,21,537,134265600
27,21,539,120204000
27,21,541,127461600
27,21,543,94651200
27,21,545,83764800
27,21,547,105688800
27,21,549,67410000
27,21,551,96692400
27,21,553,94802400
27,21,555,37648800
27,21,557,48686400
27,21,559,66679200
27,21,561,24040800
27,21,563,19807200
27,21,565,13003200
27,21,567,30391200
27,21,569,41126400
27,21,571,21772800
27,21,573,13986000
27,21,575,18144000
27,21,577,18295200
27,21,579,5896800
27,21,581,8316000
27,21,583,10243800
27,21,585,3024000
27,21,587,2872800
27,21,589,378000
27,21,591,1209600
27,21,595,2116800
27,21,599,1058400
27,21,603,151200
27,21,605,1814400
27,21,607,302400
27,21,609,151200
27,21,615,151200
27,22,438,1814400
27,22,442,10432800
27,22,444,35985600
27,22,446,49215600
27,22,448,109771200
27,22,450,156605400
27,22,452,213645600
27,22,454,333547200
27,22,456,428954400
27,22,458,596030400
27,22,460,701265600
27,22,462,946738800
27,22,464,1019163600
27,22,466,1402531200
27,22,468,1730484000
27,22,470,1807142400
27,22,472,2346472800
27,22,474,2412244800
27,22,476,2754486000
27,22,478,3069738000
27,22,480,3657679200
27,22,482,3584460600
27,22,484,3755808000
27,22,486,3700733400
27,22,488,3958113600
27,22,490,4746243600
27,22,492,4354408800
27,22,494,4612885200
27,22,496,4944542400
27,22,498,4942047600
27,22,500,4834809000
27,22,502,5303869200
27,22,504,4852008000
27,22,506,5028609600
27,22,508,4656052800
27,22,510,4977352800
27,22,512,4469925600
27,22,514,4971607200
27,22,516,3985128000
27,22,518,4241916000
27,22,520,3933165600
27,22,522,4086507600
27,22,524,3641198400
27,22,526,3751272000
27,22,528,3180870000
27,22,530,3349987200
27,22,532,2954826000
27,22,534,2828725200
27,22,536,2481645600
27,22,538,2634206400
27,22,540,2357661600
27,22,542,2388733200
27,22,544,1989187200
27,22,546,2062179000
27,22,548,1689660000
27,22,550,1716951600
27,22,552,1377129600
27,22,554,1509127200
27,22,556,1306141200
27,22,558,1257190200
27,22,560,1120331520
27,22,562,1202266800
27,22,564,895028400
27,22,566,916272000
27,22,568,714117600
27,22,570,749085120
27,22,572,704743200
27,22,574,604081800
27,22,576,466250400
27,22,578,617311800
27,22,580,345492000
27,22,582,454960800
27,22,584,337024800
27,22,586,352522800
27,22,588,241920000
27,22,590,379587600
27,22,592,162388800
27,22,594,207295200
27,22,596,188697600
27,22,598,160650000
27,22,600,82252800
27,22,602,132753600
27,22,604,120808800
27,22,606,112291200
27,22,608,76809600
27,22,610,105084000
27,22,612,71820000
27,22,614,77414400
27,22,616,73332000
27,22,618,42714000
27,22,620,32508000
27,22,622,46078200
27,22,624,20563200
27,22,626,26762400
27,22,628,28652400
27,22,630,9122400
27,22,632,17841600
27,22,634,15573600
27,22,636,3628800
27,22,638,2192400
27,22,640,4536000
27,22,642,13381200
27,22,644,1814400
27,22,646,4838400
27,22,648,1965600
27,22,650,1829520
27,22,654,869400
27,22,656,907200
27,22,664,226800
27,22,670,1814400
27,22,672,302400
27,22,678,756000
27,22,684,54600
27,22,696,25200
27,23,479,1814400
27,23,481,453600
27,23,483,3729600
27,23,485,13608000
27,23,487,29030400
27,23,489,49896000
27,23,491,64562400
27,23,493,91627200
27,23,495,144396000
27,23,497,235720800
27,23,499,236325600
27,23,501,339746400
27,23,503,389869200
27,23,505,708976800
27,23,507,652596000
27,23,509,888602400
27,23,511,1058022000
27,23,513,1382648400
27,23,515,1441540800
27,23,517,1890151200
27,23,519,1767074400
27,23,521,2355998400
27,23,523,2506291200
27,23,525,2814361200
27,23,527,2835113400
27,23,529,3431937600
27,23,531,3374859600
27,23,533,4356223200
27,23,535,4264898400
27,23,537,4866372000
27,23,539,4535924400
27,23,541,5474574000
27,23,543,5199087600
27,23,545,6263535600
27,23,547,5409709200
27,23,549,6415491600
27,23,551,5908744800
27,23,553,6608952000
27,23,555,5619045600
27,23,557,7028758800
27,23,559,5857699680
27,23,561,6930100800
27,23,563,5722466400
27,23,565,6905606400
27,23,567,5565294000
27,23,569,6262741800
27,23,571,5400712800
27,23,573,5902167600
27,23,575,5276653200
27,23,577,5694948000
27,23,579,4657111200
27,23,581,5436320400
27,23,583,4487540400
27,23,585,4660248600
27,23,587,3881833200
27,23,589,4351044600
27,23,591,3361024800
27,23,593,3734451000
27,23,595,3104362800
27,23,597,3372138000
27,23,599,2810959200
27,23,601,2732184000
27,23,603,2272536000
27,23,605,2622186000
27,23,607,2049591600
27,23,609,2153995200
27,23,611,1692684000
27,23,613,1890000000
27,23,615,1581829200
27,23,617,1754524800
27,23,619,1293969600
27,23,621,1234245600
27,23,623,1095897600
27,23,625,1148212800
27,23,627,943299000
27,23,629,1093024800
27,23,631,654242400
27,23,633,743752800
27,23,635,621734400
27,23,637,655452000
27,23,639,530308800
27,23,641,530863200
27,23,643,388810800
27,23,645,379209600
27,23,647,422301600
27,23,649,339292800
27,23,651,220449600
27,23,653,271404000
27,23,655,203968800
27,23,657,235418400
27,23,659,143866800
27,23,661,176715000
27,23,663,112190400
27,23,665,117633600
27,23,667,80438400
27,23,669,72046800
27,23,671,57985200
27,23,673,59270400
27,23,675,20714400
27,23,677,92156400
27,23,679,22377600
27,23,681,38782800
27,23,683,16934400
27,23,685,32810400
27,23,687,6350400
27,23,689,26913600
27,23,691,22982400
27,23,693,11340000
27,23,695,2419200
27,23,697,4838400
27,23,701,2721600
27,23,703,1058400
27,23,705,756000
27,23,707,1814400
27,23,709,30240
27,23,711,2116800
27,23,713,945000
27,23,717,453600
27,23,721,1814400
27,23,723,50400
27,23,725,907200
27,23,733,453600
27,23,735,604800
27,24,520,907200
27,24,524,1360800
27,24,526,2721600
27,24,528,2154600
27,24,530,11793600
27,24,532,18597600
27,24,534,21772800
27,24,536,24040800
27,24,538,51256800
27,24,540,80362800
27,24,542,91476000
27,24,544,107805600
27,24,546,138650400
27,24,548,183556800
27,24,550,262936800
27,24,552,373993200
27,24,554,387072000
27,24,556,435531600
27,24,558,560800800
27,24,560,621432000
27,24,562,783820800
27,24,564,908334000
27,24,566,1046304000
27,24,568,1165714200
27,24,570,1494763200
27,24,572,1595538000
27,24,574,1905724800
27,24,576,1956376800
27,24,578,2493288000
27,24,580,2707992000
27,24,582,2825020800
27,24,584,3390811200
27,24,586,3550100400
27,24,588,3929385600
27,24,590,3902320800
27,24,592,4515285600
27,24,594,4740573600
27,24,596,5023015200
27,24,598,4833561600
27,24,600,5740156800
27,24,602,5318460000
27,24,604,6243350400
27,24,606,5783324400
27,24,608,6580980000
27,24,610,6129648000
27,24,612,6761815200
27,24,614,6538492800
27,24,616,7045768800
27,24,618,6552705600
27,24,620,6952176000
27,24,622,6499029600
27,24,624,7240590000
27,24,626,6342567840
27,24,628,6681225600
27,24,630,6172286400
27,24,632,6317287200
27,24,634,6153688800
27,24,636,6242216400
27,24,638,5759056800
27,24,640,5525604000
27,24,642,5123563200
27,24,644,4669812000
27,24,646,4954446000
27,24,648,4812519600
27,24,650,4103719200
27,24,652,4465465200
27,24,654,3662215200
27,24,656,3621977100
27,24,658,3328819200
27,24,660,3169681200
27,24,662,2914304400
27,24,664,2915740800
27,24,666,2353806000
27,24,668,2281154400
27,24,670,2017764000
27,24,672,2423282400
27,24,674,1735284600
27,24,676,2115136800
27,24,678,1611036000
27,24,680,1685199600
27,24,682,1370098800
27,24,684,1363748400
27,24,686,1077753600
27,24,688,1189112400
27,24,690,895028400
27,24,692,966205800
27,24,694,753580800
27,24,696,870156000
27,24,698,591343200
27,24,700,640180800
27,24,702,574106400
27,24,704,539784000
27,24,706,392212800
27,24,708,412171200
27,24,710,316612800
27,24,712,265734000
27,24,714,205934400
27,24,716,227404800
27,24,718,203779800
27,24,720,161784000
27,24,722,138499200
27,24,724,162918000
27,24,726,68947200
27,24,728,94122000
27,24,730,87696000
27,24,732,105159600
27,24,734,32659200
27,24,736,42033600
27,24,738,48081600
27,24,740,22755600
27,24,742,38707200
27,24,744,24368400
27,24,746,6048000
27,24,748,21092400
27,24,750,11793600
27,24,752,6804000
27,24,754,4536000
27,24,756,8013600
27,24,758,1814400
27,24,760,3628800
27,24,762,2721600
27,24,764,2721600
27,24,766,1965600
27,24,774,907200
27,24,776,582120
27,24,778,453600
27,24,780,56700
27,24,786,226800
27,24,788,302400
27,24,790,75600
27,25,567,75600
27,25,569,1814400
27,25,571,1814400
27,25,575,756000
27,25,577,4536000
27,25,579,3175200
27,25,581,5443200
27,25,583,4233600
27,25,585,16329600
27,25,587,17992800
27,25,589,30844800
27,25,591,41655600
27,25,593,55792800
27,25,595,55944000
27,25,597,88452000
27,25,599,110678400
27,25,601,128368800
27,25,603,151275600
27,25,605,207748800
27,25,607,193611600
27,25,609,243129600
27,25,611,324172800
27,25,613,353203200
27,25,615,433868400
27,25,617,507578400
27,25,619,573804000
27,25,621,779965200
27,25,623,762955200
27,25,625,952938000
27,25,627,1006538400
27,25,629,1305309600
27,25,631,1306141200
27,25,633,1610280000
27,25,635,1679832000
27,25,637,2043165600
27,25,639,2089735200
27,25,641,2475295200
27,25,643,2417461200
27,25,645,2971684800
27,25,647,2956413600
27,25,649,3639232800
27,25,651,3270909600
27,25,653,3822184800
27,25,655,3792685680
27,25,657,4462970400
27,25,659,4170852000
27,25,661,5323600800
27,25,663,4570549200
27,25,665,5370624000
27,25,667,5301525600
27,25,669,5673780000
27,25,671,5602186800
27,25,673,6144768000
27,25,675,5963176800
27,25,677,6567976800
27,25,679,6079827600
27,25,681,6029704800
27,25,683,5768658000
27,25,685,6534788400
27,25,687,6095628000
27,25,689,6212959200
27,25,691,5851062000
27,25,693,5976255600
27,25,695,5618629800
27,25,697,6072796800
27,25,699,5501336400
27,25,701,5492037600
27,25,703,5371606800
27,25,705,5080320000
27,25,707,4535848800
27,25,709,4807479600
27,25,711,4409370000
27,25,713,4416476400
27,25,715,3929310000
27,25,717,3981700800
27,25,719,3469510800
27,25,721,3426267600
27,25,723,3239913600
27,25,725,3278772000
27,25,727,2813605200
27,25,729,2815444800
27,25,731,2293477200
27,25,733,2400602400
27,25,735,2022148800
27,25,737,1990548000
27,25,739,1630389600
27,25,741,1760257800
27,25,743,1474956000
27,25,745,1441918800
27,25,747,1306216800
27,25,749,1193572800
27,25,751,952560000
27,25,753,1023321600
27,25,755,884671200
27,25,757,882630000
27,25,759,658854000
27,25,761,645170400
27,25,763,665280000
27,25,765,417513600
27,25,767,443923200
27,25,769,432583200
27,25,771,396219600
27,25,773,266263200
27,25,775,338083200
27,25,777,160448400
27,25,779,197920800
27,25,781,145000800
27,25,783,184312800
27,25,785,75297600
27,25,787,149688000
27,25,789,48988800
27,25,791,117633600
27,25,793,61916400
27,25,795,21772800
27,25,797,23889600
27,25,799,57909600
27,25,801,12096000
27,25,803,20412000
27,25,805,15422400
27,25,807,20916000
27,25,809,14515200
27,25,811,11793600
27,25,813,2620800
27,25,815,6350400
27,25,817,4536000
27,25,819,7711200
27,25,821,907200
27,25,823,1360800
27,25,825,1814400
27,25,827,2721600
27,25,829,907200
27,25,831,5972400
27,25,835,2721600
27,25,837,151200
27,25,839,2268000
27,25,849,2016000
27,25,855,302400
27,26,616,302400
27,26,618,50400
27,26,620,1814400
27,26,622,2268000
27,26,624,907200
27,26,628,1814400
27,26,630,3024000
27,26,632,907200
27,26,634,604800
27,26,636,9072000
27,26,638,7106400
27,26,640,8164800
27,26,642,7308000
27,26,644,6652800
27,26,646,15346800
27,26,648,21772800
27,26,650,30693600
27,26,652,50803200
27,26,654,30466800
27,26,656,32810400
27,26,658,70912800
27,26,660,61236000
27,26,662,89056800
27,26,664,101606400
27,26,666,127612800
27,26,668,137440800
27,26,670,236061000
27,26,672,237686400
27,26,674,267472800
27,26,676,277905600
27,26,678,323265600
27,26,680,404611200
27,26,682,543488400
27,26,684,524210400
27,26,686,591645600
27,26,688,633528000
27,26,690,868870800
27,26,692,859118400
27,26,694,1120883400
27,26,696,1113814800
27,26,698,1291739400
27,26,700,1370325600
27,26,702,1661536800
27,26,704,1753012800
27,26,706,1963086300
27,26,708,2097421200
27,26,710,2107047600
27,26,712,2275749000
27,26,714,2637910800
27,26,716,2773764000
27,26,718,3053862000
27,26,720,3150063000
27,26,722,3302359200
27,26,724,3580869600
27,26,726,3593324700
27,26,728,3956885100
27,26,730,4091963400
27,26,732,4438929600
27,26,734,4287654000
27,26,736,4551573600
27,26,738,4610579400
27,26,740,4984912800
27,26,742,4868224200
27,26,744,4977315000
27,26,746,5045014800
27,26,748,5189788800
27,26,750,5305028400
27,26,752,4876578000
27,26,754,5385290400
27,26,756,5391502200
27,26,758,5258584800
27,26,760,4919443200
27,26,762,5003056800
27,26,764,4647018600
27,26,766,4975311600
27,26,768,4568810400
27,26,770,4461458400
27,26,772,4130859600
27,26,774,4442634000
27,26,776,3808274400
27,26,778,4058586000
27,26,780,3658548600
27,26,782,3385292400
27,26,784,3070796400
27,26,786,3375615600
27,26,788,2775351600
27,26,790,2867508000
27,26,792,2411885700
27,26,794,2393118000
27,26,796,1913436000
27,26,798,2350101600
27,26,800,1686636000
27,26,802,1790245800
27,26,804,1454884200
27,26,806,1714381200
27,26,808,1234850400
27,26,810,1342504800
27,26,812,1050688800
27,26,814,1230012000
27,26,816,802720800
27,26,818,924588000
27,26,820,617652000
27,26,822,676998000
27,26,824,593422200
27,26,826,579171600
27,26,828,397807200
27,26,830,432205200
27,26,832,384274800
27,26,834,386958600
27,26,836,226951200
27,26,838,263088000
27,26,840,135021600
27,26,842,187941600
27,26,844,184312800
27,26,846,141674400
27,26,848,76356000
27,26,850,56548800
27,26,852,64965600
27,26,854,90493200
27,26,856,62294400
27,26,858,25956000
27,26,860,14666400
27,26,862,22566600
27,26,864,45586800
27,26,866,1814400
27,26,868,11831400
27,26,870,10168200
27,26,872,17690400
27,26,874,9374400
27,26,876,6904800
27,26,878,8920800
27,26,880,15422400
27,26,882,5493600
27,26,884,4536000
27,26,886,1512000
27,26,888,3326400
27,26,890,3402000
27,26,892,1814400
27,26,898,907200
27,26,904,1512000
27,26,906,226800
27,26,908,1512000
27,27,667,302400
27,27,669,75600
27,27,675,907200
27,27,681,4082400
27,27,683,1209600
27,27,685,1360800
27,27,687,50400
27,27,689,1814400
27,27,691,1209600
27,27,693,453600
27,27,695,3628800
27,27,697,2419200
27,27,699,5443200
27,27,701,7257600
27,27,703,6804000
27,27,705,4989600
27,27,707,5140800
27,27,709,16934400
27,27,711,18295200
27,27,713,21772800
27,27,715,11793600
27,27,717,37686600
27,27,719,32356800
27,27,721,44604000
27,27,723,32205600
27,27,725,52164000
27,27,727,40597200
27,27,729,78626800
27,27,731,84520800
27,27,733,74541600
27,27,735,67586400
27,27,737,154677600
27,27,739,182422800
27,27,741,240634800
27,27,743,180910800
27,27,745,280324800
27,27,747,233604000
27,27,749,384804000
27,27,751,303458400
27,27,753,472802400
27,27,755,480211200
27,27,757,593838000
27,27,759,568423800
27,27,761,798940800
27,27,763,632469600
27,27,765,947620800
27,27,767,875901600
27,27,769,1120316400
27,27,771,1006538400
27,27,773,1366318800
27,27,775,1191682800
27,27,777,1669777200
27,27,779,1577016000
27,27,781,1872763200
27,27,783,1595008800
27,27,785,2359400400
27,27,787,1915704000
27,27,789,2581362000
27,27,791,2107879200
27,27,793,2944015200
27,27,795,2544282720
27,27,797,3186842400
27,27,799,2742616800
27,27,801,3523413600
27,27,803,3277108800
27,27,805,3812054400
27,27,807,3207708000
27,27,809,3886218000
27,27,811,3373801200
27,27,813,4008236400
27,27,815,3703190400
27,27,817,3959172000
27,27,819,3414927600
27,27,821,4360003200
27,27,823,3430652400
27,27,825,4001719680
27,27,827,3633411600
27,27,829,3863764800
27,27,831,3597426000
27,27,833,3986236800
27,27,835,3186388800
27,27,837,3518008200
27,27,839,3059456400
27,27,841,3611563200
27,27,843,3132410400
27,27,845,3693362400
27,27,847,2550744000
27,27,849,3075105600
27,27,851,2751386400
27,27,853,2629141200
27,27,855,2103146640
27,27,857,2466979200
27,27,859,1868454000
27,27,861,1996142400
27,27,863,1627063200
27,27,865,1871553600
27,27,867,1519030800
27,27,869,1654884000
27,27,871,1130371200
27,27,873,1205593200
27,27,875,1034056800
27,27,877,1149120000
27,27,879,738234000
27,27,881,863805600
27,27,883,615988800
27,27,885,695520000
27,27,887,486939600
27,27,889,540993600
27,27,891,441806400
27,27,893,345378600
27,27,895,316008000
27,27,897,293857200
27,27,899,147117600
27,27,901,312454800
27,27,903,170251200
27,27,905,122169600
27,27,907,141523200
27,27,909,128217600
27,27,911,82555200
27,27,913,71442000
27,27,915,80136000
27,27,917,54885600
27,27,919,64940400
27,27,921,109620000
27,27,923,23284800
27,27,925,28274400
27,27,927,25855200
27,27,929,10735200
27,27,931,9298800
27,27,933,29937600
27,27,935,2268000
27,27,937,5594400
27,27,939,5443200
27,27,941,14061600
27,27,943,453600
27,27,945,13313160
27,27,947,907200
27,27,949,5745600
27,27,953,3628800
27,27,955,604800
27,27,957,1814400
27,27,961,302400
27,27,965,453600
27,27,967,907200
27,28,728,453600
27,28,736,1814400
27,28,742,1814400
27,28,744,623700
27,28,746,1360800
27,28,748,1814400
27,28,750,453600
27,28,752,151200
27,28,756,453600
27,28,758,453600
27,28,760,3024000
27,28,762,226800
27,28,764,2116800
27,28,766,1814400
27,28,768,2419200
27,28,770,4536000
27,28,772,7106400
27,28,774,2116800
27,28,776,7560000
27,28,778,13834800
27,28,780,7408800
27,28,782,7711200
27,28,784,22982400
27,28,786,14515200
27,28,788,19485900
27,28,790,19958400
27,28,792,36666000
27,28,794,12700800
27,28,796,47174400
27,28,798,12927600
27,28,800,44604000
27,28,802,48535200
27,28,804,42638400
27,28,806,60328800
27,28,808,127461600
27,28,810,56548800
27,28,812,168096600
27,28,814,179474400
27,28,816,200944800
27,28,818,135324000
27,28,820,221205600
27,28,822,195426000
27,28,824,282744000
27,28,826,457984800
27,28,828,371120400
27,28,830,350784000
27,28,832,540691200
27,28,834,447098400
27,28,836,500623200
27,28,838,637156800
27,28,840,824947200
27,28,842,825325200
27,28,844,901681200
27,28,846,791834400
27,28,848,1082724300
27,28,850,1021356000
27,28,852,1366394400
27,28,854,1190851200
27,28,856,1323264600
27,28,858,1522432800
27,28,860,1670646600
27,28,862,1558720800
27,28,864,1783895400
27,28,866,1905724800
27,28,868,1936116000
27,28,870,1857492000
27,28,872,2319861600
27,28,874,2166242400
27,28,876,2498088600
27,28,878,2236248000
27,28,880,2390585400
27,28,882,2356300800
27,28,884,2744189280
27,28,886,2370060000
27,28,888,2721751200
27,28,890,2471817600
27,28,892,2816289000
27,28,894,2447504640
27,28,896,2998553040
27,28,898,2556338400
27,28,900,2653824600
27,28,902,2405743200
27,28,904,2697861600
27,28,906,2299600800
27,28,908,2763028800
27,28,910,2044450800
27,28,912,2471288400
27,28,914,2359536480
27,28,916,2290037400
27,28,918,1841616000
27,28,920,2174482800
27,28,922,1522281600
27,28,924,2009599200
27,28,926,1551614400
27,28,928,1682704800
27,28,930,1250524800
27,28,932,1679113800
27,28,934,1048572000
27,28,936,1175353200
27,28,938,894650400
27,28,940,939632400
27,28,942,778377600
27,28,944,764127000
27,28,946,579322800
27,28,948,719182800
27,28,950,411717600
27,28,952,560347200
27,28,954,381628800
27,28,956,316461600
27,28,958,243734400
27,28,960,344395800
27,28,962,129880800
27,28,964,249102000
27,28,966,164556000
27,28,968,146815200
27,28,970,124210800
27,28,972,106747200
27,28,974,87620400
27,28,976,143488800
27,28,978,70660800
27,28,980,57682800
27,28,982,62748000
27,28,984,72298800
27,28,986,24494400
27,28,988,56397600
27,28,990,53751600
27,28,992,28954800
27,28,994,17539200
27,28,996,21772800
27,28,998,11793600
27,28,1000,20865600
27,28,1002,4800600
27,28,1004,2147040
27,28,1006,13910400
27,28,1008,13419000
27,28,1010,9525600
27,28,1012,907200
27,28,1014,302400
27,28,1016,7302960
27,28,1018,1814400
27,28,1020,1512000
27,28,1022,1360800
27,28,1024,1814400
27,28,1026,453600
27,28,1030,1512000
27,28,1038,554400
27,28,1044,352800
27,29,777,25200
27,29,799,302400
27,29,803,226800
27,29,807,453600
27,29,809,907200
27,29,813,907200
27,29,815,1814400
27,29,819,302400
27,29,825,1058400
27,29,827,1209600
27,29,831,201600
27,29,833,1512000
27,29,835,1814400
27,29,837,756000
27,29,839,1360800
27,29,843,2318400
27,29,845,5443200
27,29,847,7257600
27,29,849,5355000
27,29,851,8164800
27,29,853,10584000
27,29,855,2721600
27,29,857,10130400
27,29,859,11793600
27,29,861,7257600
27,29,863,14590800
27,29,865,25779600
27,29,867,12927600
27,29,869,20412000
27,29,871,16934400
27,29,873,24192000
27,29,875,37346400
27,29,877,57380400
27,29,879,17312400
27,29,881,67510800
27,29,883,74692800
27,29,885,73105200
27,29,887,125042400
27,29,889,106293600
27,29,891,97070400
27,29,893,125269200
27,29,895,173048400
27,29,897,130788000
27,29,899,256737600
27,29,901,237837600
27,29,903,199432800
27,29,905,266868000
27,29,907,336571200
27,29,909,404989200
27,29,911,474919200
27,29,913,471139200
27,29,915,459496800
27,29,917,560347200
27,29,919,547948800
27,29,921,532942200
27,29,923,661348800
27,29,925,710640000
27,29,927,687771000
27,29,929,785786400
27,29,931,915092640
27,29,933,924436800
27,29,935,972291600
27,29,937,1199091600
27,29,939,1074427200
27,29,941,1154790000
27,29,943,1249819200
27,29,945,1408276800
27,29,947,1394895600
27,29,949,1468605600
27,29,951,1298858400
27,29,953,1406916000
27,29,955,1699185600
27,29,957,1613505600
27,29,959,1623358800
27,29,961,1787032800
27,29,963,1475560800
27,29,965,1678471200
27,29,967,1725040800
27,29,969,1619730000
27,29,971,1586919600
27,29,973,1814173200
27,29,975,1509454800
27,29,977,1510261200
27,29,979,1580191200
27,29,981,1458097200
27,29,983,1299034800
27,29,985,1520013600
27,29,987,1294372800
27,29,989,1286107200
27,29,991,1304553600
27,29,993,1080777600
27,29,995,1116763200
27,29,997,1068832800
27,29,999,891399600
27,29,1001,946512000
27,29,1003,1002002400
27,29,1005,835304400
27,29,1007,646417800
27,29,1009,729162000
27,29,1011,580230000
27,29,1013,465620400
27,29,1015,516196800
27,29,1017,394430400
27,29,1019,430012800
27,29,1021,355244400
27,29,1023,328708800
27,29,1025,254923200
27,29,1027,216064800
27,29,1029,247590000
27,29,1031,200491200
27,29,1033,98582400
27,29,1035,163825200
27,29,1037,116424000
27,29,1039,93214800
27,29,1041,88678800
27,29,1043,75902400
27,29,1045,47628000
27,29,1047,60732000
27,29,1049,18900000
27,29,1051,35229600
27,29,1053,33906600
27,29,1055,48081600
27,29,1057,16783200
27,29,1059,22831200
27,29,1061,45208800
27,29,1063,16329600
27,29,1065,23133600
27,29,1067,8920800
27,29,1069,1587600
27,29,1071,13305600
27,29,1073,4536000
27,29,1075,907200
27,29,1077,14817600
27,29,1079,3628800
27,29,1081,226800
27,29,1089,8568000
27,29,1095,168000
27,29,1107,378000
27,30,874,302400
27,30,878,907200
27,30,880,907200
27,30,882,226800
27,30,886,907200
27,30,900,398160
27,30,902,1814400
27,30,910,907200
27,30,912,957600
27,30,914,2116800
27,30,916,1512000
27,30,920,3628800
27,30,922,5443200
27,30,924,100800
27,30,926,3024000
27,30,928,6048000
27,30,930,4233600
27,30,932,5443200
27,30,934,11037600
27,30,936,3124800
27,30,938,8618400
27,30,940,1965600
27,30,942,4687200
27,30,944,20109600
27,30,946,12398400
27,30,948,982800
27,30,950,17115840
27,30,952,25326000
27,30,954,13633200
27,30,956,44452800
27,30,958,16934400
27,30,960,13305600
27,30,962,59270400
27,30,964,33415200
27,30,966,59648400
27,30,968,105537600
27,30,970,120355200
27,30,972,66528000
27,30,974,82101600
27,30,976,102664800
27,30,978,93063600
27,30,980,168890400
27,30,982,147911400
27,30,984,226573200
27,30,986,247892400
27,30,988,209109600
27,30,990,200604600
27,30,992,332186400
27,30,994,396295200
27,30,996,308397600
27,30,998,342770400
27,30,1000,547797600
27,30,1002,454658400
27,30,1004,354488400
27,30,1006,582044400
27,30,1008,433112400
27,30,1010,620676000
27,30,1012,624909600
27,30,1014,693327600
27,30,1016,604800000
27,30,1018,835228800
27,30,1020,662709600
27,30,1022,733622400
27,30,1024,1048042800
27,30,1026,693705600
27,30,1028,664448400
27,30,1030,994896000
27,30,1032,831927600
27,30,1034,845056800
27,30,1036,980910000
27,30,1038,928670400
27,30,1040,824871600
27,30,1042,960913800
27,30,1044,1015308000
27,30,1046,866224800
27,30,1048,980532000
27,30,1050,918313200
27,30,1052,823510800
27,30,1054,811339200
27,30,1056,808768800
27,30,1058,732488400
27,30,1060,785484000
27,30,1062,865947600
27,30,1064,603514800
27,30,1066,556869600
27,30,1068,745340400
27,30,1070,678888000
27,30,1072,500169600
27,30,1074,691815600
27,30,1076,362426400
27,30,1078,503987400
27,30,1080,457984800
27,30,1082,402040800
27,30,1084,248724000
27,30,1086,492912000
27,30,1088,224683200
27,30,1090,325609200
27,30,1092,210886200
27,30,1094,206766000
27,30,1096,113400000
27,30,1098,203666400
27,30,1100,82404000
27,30,1102,154980000
27,30,1104,95558400
27,30,1106,109922400
27,30,1108,48837600
27,30,1110,179323200
27,30,1112,25401600
27,30,1114,51710400
27,30,1116,55792800
27,30,1118,46267200
27,30,1120,29181600
27,30,1122,23133600
27,30,1124,21924000
27,30,1126,29484000
27,30,1128,7106400
27,30,1130,24796800
27,30,1132,25099200
27,30,1134,16480800
27,30,1136,22226400
27,30,1138,12096000
27,30,1140,6350400
27,30,1142,11188800
27,30,1148,6350400
27,30,1152,7560000
27,30,1170,18900
27,30,1180,37800
27,31,939,151200
27,31,949,907200
27,31,957,226800
27,31,979,907200
27,31,981,907200
27,31,985,302400
27,31,987,2268000
27,31,989,5745600
27,31,991,907200
27,31,993,907200
27,31,997,3175200
27,31,999,1890000
27,31,1001,907200
27,31,1003,3250800
27,31,1005,2721600
27,31,1007,2268000
27,31,1009,6350400
27,31,1011,453600
27,31,1013,5896800
27,31,1015,2721600
27,31,1017,4082400
27,31,1019,982800
27,31,1021,8920800
27,31,1023,1663200
27,31,1025,4233600
27,31,1027,2419200
27,31,1029,18295200
27,31,1033,33831000
27,31,1035,9450000
27,31,1037,13608000
27,31,1039,26460000
27,31,1041,31071600
27,31,1043,7786800
27,31,1045,43545600
27,31,1047,30088800
27,31,1049,51710400
27,31,1051,27064800
27,31,1053,36741600
27,31,1055,33415200
27,31,1057,151426800
27,31,1059,40975200
27,31,1061,66830400
27,31,1063,51710400
27,31,1065,122270400
27,31,1067,54658800
27,31,1069,174333600
27,31,1071,124362000
27,31,1073,210319200
27,31,1075,162199800
27,31,1077,259156800
27,31,1079,184086000
27,31,1081,361368000
27,31,1083,247023000
27,31,1085,281383200
27,31,1087,275259600
27,31,1089,391683600
27,31,1091,280324800
27,31,1093,440445600
27,31,1095,298128600
27,31,1097,382573800
27,31,1099,405820800
27,31,1101,490114800
27,31,1103,367945200
27,31,1105,555130800
27,31,1107,320846400
27,31,1109,489585600
27,31,1111,431449200
27,31,1113,564732000
27,31,1115,430315200
27,31,1117,482365800
27,31,1119,339217200
27,31,1121,461122200
27,31,1123,402003000
27,31,1125,478699200
27,31,1127,405216000
27,31,1129,554752800
27,31,1131,310338000
27,31,1133,421772400
27,31,1135,429408000
27,31,1137,528141600
27,31,1139,285692400
27,31,1141,418219200
27,31,1143,337705200
27,31,1145,394065000
27,31,1147,221886000
27,31,1149,306028800
27,31,1151,146966400
27,31,1153,282290400
27,31,1155,186883200
27,31,1157,240786000
27,31,1159,179625600
27,31,1161,198538200
27,31,1163,169646400
27,31,1165,142430400
27,31,1167,202456800
27,31,1169,143791200
27,31,1171,138801600
27,31,1173,92232000
27,31,1175,81421200
27,31,1177,81118800
27,31,1179,100699200
27,31,1181,30391200
27,31,1183,106747200
27,31,1185,54432000
27,31,1187,21772800
27,31,1189,15422400
27,31,1191,60278400
27,31,1193,16934400
27,31,1195,11188800
27,31,1197,11201400
27,31,1199,2268000
27,31,1201,7711200
27,31,1203,453600
27,31,1205,3175200
27,31,1209,5405400
27,31,1211,1360800
27,31,1213,75600
27,31,1215,75600
27,31,1227,100800
27,31,1231,604800
27,31,1233,50400
27,31,1235,151200
27,31,1239,2116800
27,31,1245,277200
27,31,1251,16800
27,32,1008,50400
27,32,1026,151200
27,32,1028,37800
27,32,1036,151200
27,32,1050,907200
27,32,1060,604800
27,32,1062,3225600
27,32,1064,4082400
27,32,1066,453600
27,32,1068,1663200
27,32,1076,9185400
27,32,1078,9072000
27,32,1080,2469600
27,32,1082,907200
27,32,1084,1285200
27,32,1088,1890000
27,32,1090,3628800
27,32,1092,7257600
27,32,1094,3628800
27,32,1096,9072000
27,32,1098,1436400
27,32,1100,7257600
27,32,1102,2268000
27,32,1104,1058400
27,32,1106,2721600
27,32,1108,7030800
27,32,1110,5443200
27,32,1112,2570400
27,32,1116,5348700
27,32,1118,5745600
27,32,1120,20865600
27,32,1122,13154400
27,32,1124,17388000
27,32,1126,10432800
27,32,1128,6350400
27,32,1130,32659200
27,32,1132,50878800
27,32,1134,10180800
27,32,1136,8316000
27,32,1138,32205600
27,32,1140,58136400
27,32,1142,57607200
27,32,1144,94273200
27,32,1146,29030400
27,32,1148,26318250
27,32,1150,55641600
27,32,1152,36275400
27,32,1154,164052000
27,32,1156,116688600
27,32,1158,87733800
27,32,1160,141787800
27,32,1162,93668400
27,32,1164,113248800
27,32,1166,107730000
27,32,1168,216442800
27,32,1170,139557600
27,32,1172,228463200
27,32,1174,279720000
27,32,1176,172468800
27,32,1178,135172800
27,32,1180,229143600
27,32,1182,161103600
27,32,1184,237951000
27,32,1186,218408400
27,32,1188,274680000
27,32,1190,219844800
27,32,1192,337251600
27,32,1194,183405600
27,32,1196,267472800
27,32,1198,225288000
27,32,1200,208252800
27,32,1202,141447600
27,32,1204,252806400
27,32,1206,184212000
27,32,1208,196408800
27,32,1210,229370400
27,32,1212,230214600
27,32,1214,191872800
27,32,1216,203723100
27,32,1218,142291800
27,32,1220,201549600
27,32,1222,147798000
27,32,1224,113815800
27,32,1226,189604800
27,32,1228,200793600
27,32,1230,125291880
27,32,1232,92912400
27,32,1234,153846000
27,32,1236,79245600
27,32,1238,127008000
27,32,1240,58091040
27,32,1242,86486400
27,32,1244,106331400
27,32,1246,59875200
27,32,1248,14716800
27,32,1250,63050400
27,32,1252,16102800
27,32,1254,30542400
27,32,1256,2872800
27,32,1258,47779200
27,32,1260,10867500
27,32,1262,23738400
27,32,1264,3175200
27,32,1266,5140800
27,32,1268,1814400
27,32,1270,20865600
27,32,1272,151200
27,32,1274,604800
27,32,1276,718200
27,32,1278,15573600
27,32,1280,1171800
27,32,1282,9223200
27,32,1284,1663200
27,32,1286,3591000
27,32,1288,75600
27,32,1290,15372000
27,32,1292,3024000
27,32,1294,302400
27,32,1296,2286900
27,32,1298,3628800
27,32,1300,2721600
27,32,1302,529200
27,32,1308,4200
27,32,1312,75600
27,32,1316,75600
27,33,1093,37800
27,33,1101,50400
27,33,1113,12600
27,33,1131,453600
27,33,1139,226800
27,33,1141,907200
27,33,1143,1965600
27,33,1147,907200
27,33,1151,1814400
27,33,1153,3704400
27,33,1155,3654000
27,33,1157,907200
27,33,1159,907200
27,33,1161,504000
27,33,1163,2041200
27,33,1165,4611600
27,33,1167,5443200
27,33,1169,8164800
27,33,1171,1965600
27,33,1173,3175200
27,33,1175,1814400
27,33,1177,3628800
27,33,1179,2759400
27,33,1181,9979200
27,33,1183,10735200
27,33,1185,1512000
27,33,1187,3628800
27,33,1189,1209600
27,33,1191,2116800
27,33,1193,1852200
27,33,1195,9979200
27,33,1197,9979200
27,33,1199,4989600
27,33,1201,9979200
27,33,1203,2570400
27,33,1205,3666600
27,33,1207,3326400
27,33,1209,19404000
27,33,1211,7711200
27,33,1213,5292000
27,33,1215,23826600
27,33,1217,1587600
27,33,1219,19051200
27,33,1221,21747600
27,33,1223,9525600
27,33,1225,8467200
27,33,1227,39160800
27,33,1229,4989600
27,33,1231,16027200
27,33,1233,31676400
27,33,1235,32205600
27,33,1237,7560000
27,33,1239,126418320
27,33,1241,1821960
27,33,1243,73029600
27,33,1245,66528000
27,33,1247,50954400
27,33,1249,27669600
27,33,1251,112039200
27,33,1253,32508000
27,33,1255,100699200
27,33,1257,102816000
27,33,1259,148357440
27,33,1261,68871600
27,33,1263,103723200
27,33,1265,56624400
27,33,1267,118238400
27,33,1269,87242400
27,33,1271,163976400
27,33,1273,82857600
27,33,1275,172720800
27,33,1277,70005600
27,33,1279,94787280
27,33,1281,148478400
27,33,1283,168210000
27,33,1285,64108800
27,33,1287,129578400
27,33,1289,80589600
27,33,1291,77112000
27,33,1293,113853600
27,33,1295,94500000
27,33,1297,86637600
27,33,1299,92685600
27,33,1301,97524000
27,33,1303,61084800
27,33,1305,38556000
27,33,1307,65318400
27,33,1309,45087840
27,33,1311,56563920
27,33,1313,33264000
27,33,1315,46872000
27,33,1317,18295200
27,33,1319,34171200
27,33,1321,39009600
27,33,1323,11944800
27,33,1325,38480400
27,33,1327,22453200
27,33,1329,9979200
27,33,1331,12247200
27,33,1333,19807200
27,33,1335,4536000
27,33,1337,5292000
27,33,1339,35305200
27,33,1341,4536000
27,33,1343,11340000
27,33,1345,22528800
27,33,1347,907200
27,33,1349,6501600
27,33,1351,10584000
27,33,1353,16480800
27,33,1359,907200
27,33,1361,1814400
27,33,1363,2494800
27,33,1369,7786800
27,34,1222,453600
27,34,1224,1814400
27,34,1230,907200
27,34,1236,302400
27,34,1240,4536000
27,34,1244,1814400
27,34,1248,907200
27,34,1252,9072000
27,34,1254,3628800
27,34,1256,4536000
27,34,1258,1134000
27,34,1260,2721600
27,34,1262,2721600
27,34,1264,9072000
27,34,1266,5443200
27,34,1268,1814400
27,34,1270,7711200
27,34,1272,3628800
27,34,1274,1814400
27,34,1276,7499520
27,34,1278,13154400
27,34,1280,8164800
27,34,1282,4536000
27,34,1284,17539200
27,34,1286,1020600
27,34,1288,7711200
27,34,1290,907200
27,34,1292,3628800
27,34,1294,3175200
27,34,1296,22906800
27,34,1298,1814400
27,34,1300,8467200
27,34,1302,9072000
27,34,1304,4649400
27,34,1306,7560000
27,34,1308,15573600
27,34,1310,8164800
27,34,1312,13003200
27,34,1314,18144000
27,34,1316,3628800
27,34,1318,8164800
27,34,1320,40597200
27,34,1322,2268000
27,34,1324,72727200
27,34,1326,1663200
27,34,1328,12247200
27,34,1330,14968800
27,34,1332,34171200
27,34,1334,4006800
27,34,1336,61462800
27,34,1338,5594400
27,34,1340,49896000
27,34,1342,28728000
27,34,1344,28274400
27,34,1346,2646000
27,34,1348,61462800
27,34,1350,30391200
27,34,1352,92383200
27,34,1354,30391200
27,34,1356,46872000
27,34,1358,20865600
27,34,1360,94726800
27,34,1362,18824400
27,34,1364,43696800
27,34,1366,61916400
27,34,1368,67359600
27,34,1370,14288400
27,34,1372,80136000
27,34,1374,12927600
27,34,1376,48081600
27,34,1378,20412000
27,34,1380,18446400
27,34,1382,26006400
27,34,1384,51483600
27,34,1386,27023220
27,34,1388,15724800
27,34,1390,27064800
27,34,1392,11340000
27,34,1394,18446400
27,34,1396,8920800
27,34,1398,8681400
27,34,1400,8164800
27,34,1402,13683600
27,34,1404,24607800
27,34,1406,4309200
27,34,1408,22604400
27,34,1410,6955200
27,34,1412,25704000
27,34,1414,1360800
27,34,1416,20563200
27,34,1418,907200
27,34,1420,16329600
27,34,1422,907200
27,34,1424,9979200
27,34,1428,3024000
27,34,1430,113400
27,34,1432,10432800
27,34,1434,113400
27,34,1436,4989600
27,34,1476,11340
27,35,1311,226800
27,35,1317,302400
27,35,1325,2041200
27,35,1327,907200
27,35,1331,1814400
27,35,1333,1814400
27,35,1339,1890000
27,35,1343,2721600
27,35,1345,1814400
27,35,1347,5443200
27,35,1349,3628800
27,35,1351,907200
27,35,1353,3628800
27,35,1355,6350400
27,35,1357,5896800
27,35,1359,1814400
27,35,1361,2721600
27,35,1363,5670000
27,35,1365,5443200
27,35,1367,5443200
27,35,1369,6350400
27,35,1371,8769600
27,35,1373,5443200
27,35,1375,5065200
27,35,1377,7257600
27,35,1379,7786800
27,35,1381,8164800
27,35,1383,907200
27,35,1385,1814400
27,35,1387,4989600
27,35,1389,5443200
27,35,1391,1814400
27,35,1393,6955200
27,35,1395,4989600
27,35,1397,3628800
27,35,1399,12171600
27,35,1401,2948400
27,35,1403,3326400
27,35,1405,2721600
27,35,1407,5896800
27,35,1409,5556600
27,35,1411,17992800
27,35,1413,11793600
27,35,1415,3628800
27,35,1417,4536000
27,35,1419,29332800
27,35,1421,36741600
27,35,1423,2494800
27,35,1425,2696400
27,35,1427,42940800
27,35,1429,16934400
27,35,1431,17236800
27,35,1433,4687200
27,35,1435,9298800
27,35,1437,26157600
27,35,1439,27518400
27,35,1441,1134000
27,35,1443,24418800
27,35,1445,27216000
27,35,1447,3628800
27,35,1449,31147200
27,35,1451,20260800
27,35,1453,14742000
27,35,1455,27820800
27,35,1457,3024000
27,35,1459,7408800
27,35,1461,30391200
27,35,1463,14515200
27,35,1465,4838400
27,35,1467,47930400
27,35,1469,20109600
27,35,1471,14817600
27,35,1473,7257600
27,35,1475,12247200
27,35,1477,16480800
27,35,1479,30542400
27,35,1481,5292000
27,35,1483,8164800
27,35,1485,7711200
27,35,1487,5443200
27,35,1489,1814400
27,35,1491,3855600
27,35,1493,2721600
27,35,1495,1360800
27,35,1497,1360800
27,35,1499,1360800
27,35,1501,1814400
27,35,1505,453600
27,35,1507,226800
27,35,1509,1360800
27,36,1416,907200
27,36,1420,907200
27,36,1422,1814400
27,36,1428,302400
27,36,1432,4082400
27,36,1434,1814400
27,36,1436,2721600
27,36,1438,907200
27,36,1440,2721600
27,36,1444,907200
27,36,1446,4838400
27,36,1450,4762800
27,36,1452,6652800
27,36,1456,7257600
27,36,1460,2041200
27,36,1462,8618400
27,36,1464,3024000
27,36,1466,907200
27,36,1468,1814400
27,36,1470,8769600
27,36,1472,907200
27,36,1474,5443200
27,36,1476,7257600
27,36,1478,1814400
27,36,1480,6350400
27,36,1482,1814400
27,36,1486,3628800
27,36,1488,7560000
27,36,1490,151200
27,36,1492,1436400
27,36,1494,5140800
27,36,1496,2116800
27,36,1498,8618400
27,36,1502,2721600
27,36,1504,453600
27,36,1506,5443200
27,36,1510,226800
27,36,1512,2268000
27,36,1514,8164800
27,36,1516,8920800
27,36,1518,1209600
27,36,1522,19051200
27,36,1524,8316000
27,36,1526,7257600
27,36,1530,20412000
27,36,1532,453600
27,36,1534,20412000
27,36,1538,12700800
27,36,1540,5443200
27,36,1542,12549600
27,36,1544,8164800
27,36,1550,19051200
27,36,1556,1209600
27,36,1558,8164800
27,36,1564,19353600
27,36,1566,2041200
27,36,1574,4082400
27,36,1578,25200
27,36,1582,680400
27,36,1588,4914000
27,36,1638,642600
27,37,1515,1814400
27,37,1517,453600
27,37,1521,907200
27,37,1523,1814400
27,37,1525,907200
27,37,1531,907200
27,37,1533,37800
27,37,1535,453600
27,37,1539,9072000
27,37,1543,2721600
27,37,1545,907200
27,37,1549,907200
27,37,1551,226800
27,37,1555,7257600
27,37,1557,2570400
27,37,1559,2721600
27,37,1561,5443200
27,37,1563,3326400
27,37,1567,2419200
27,37,1569,957600
27,37,1571,2268000
27,37,1573,3326400
27,37,1575,4989600
27,37,1577,453600
27,37,1579,2910600
27,37,1581,1814400
27,37,1583,1814400
27,37,1585,2721600
27,37,1587,982800
27,37,1589,1814400
27,37,1591,1360800
27,37,1593,642600
27,37,1595,1209600
27,37,1597,1814400
27,37,1599,415800
27,37,1601,2268000
27,37,1603,1247400
27,37,1605,3780000
27,37,1611,75600
27,37,1613,10886400
27,37,1615,6063120
27,37,1617,226800
27,37,1619,37800
27,37,1621,13608000
27,37,1623,3225600
27,37,1625,151200
27,37,1627,9185400
27,37,1629,16329600
27,37,1635,8164800
27,37,1637,2721600
27,37,1639,1512000
27,37,1643,75600
27,37,1645,5443200
27,37,1653,2721600
27,37,1659,4082400
27,37,1671,75600
27,37,1675,332640
27,37,1701,1512000
27,37,1703,831600
27,37,1705,83160
27,38,1608,907200
27,38,1620,907200
27,38,1628,907200
27,38,1632,302400
27,38,1636,604800
27,38,1638,907200
27,38,1640,907200
27,38,1644,1890000
27,38,1648,1965600
27,38,1650,756000
27,38,1656,1965600
27,38,1660,3628800
27,38,1662,2532600
27,38,1664,1814400
27,38,1666,604800
27,38,1668,302400
27,38,1672,1814400
27,38,1674,1814400
27,38,1676,2419200
27,38,1680,2494800
27,38,1682,1814400
27,38,1684,332640
27,38,1688,907200
27,38,1692,1058400
27,38,1694,75600
27,38,1698,1008000
27,38,1706,604800
27,38,1714,45360
27,38,1716,317520
27,38,1738,302400
27,38,1740,151200
27,38,1742,151200
27,38,1744,710640
27,38,1752,12600
27,38,1764,75600
27,38,1766,453600
27,38,1768,378000
27,38,1770,126000
27,38,1772,75600
27,38,1776,1615320
27,39,1683,8400
27,39,1701,840
27,39,1707,151200
27,39,1717,453600
27,39,1725,151200
27,39,1727,453600
27,39,1729,907200
27,39,1737,340200
27,39,1745,907200
27,39,1747,75600
27,39,1749,2116800
27,39,1753,453600
27,39,1761,2721600
27,39,1765,907200
27,39,1769,453600
27,39,1773,1512000
27,39,1777,1814400
27,39,1781,75600
27,39,1783,6501600
27,39,1785,919800
27,39,1789,302400
27,39,1791,68040
27,39,1801,453600
27,39,1809,50400
27,39,1813,340200
27,39,1819,680400
27,39,1839,1512000
27,39,1843,2721600
27,39,1847,680400
27,40,1830,302400
27,40,1840,1058400
27,40,1842,151200
27,40,1848,907200
27,40,1850,907200
27,40,1858,453600
27,40,1888,3250800
27,40,1890,302400
27,40,1920,216720
27,41,1939,151200
27,41,1945,75600
27,41,1947,680400
27,41,1955,604800
27,41,1963,453600
27,41,1977,50400
27,41,1979,75600
27,41,1985,226800
27,41,1993,151200
27,41,1995,50400
27,41,2001,12600
27,41,2007,1083600
27,42,2058,100800
27,42,2070,75600
27,42,2076,302400
27,42,2082,151200
27,44,2228,160650
27,45,2355,128520
27,50,2850,1260
28,15,245,7560
28,15,255,37800
28,15,295,15120
28,15,305,75600
28,15,345,5040
28,16,256,56700
28,16,288,201600
28,16,312,100800
28,16,320,85050
28,16,384,6300
28,16,408,2520
28,17,287,151200
28,17,299,302400
28,17,307,302400
28,17,315,453600
28,17,327,604800
28,17,331,453600
28,17,339,12600
28,17,347,75600
28,17,355,453600
28,17,391,151200
28,17,411,37800
28,18,314,1436400
28,18,322,604800
28,18,326,453600
28,18,328,151200
28,18,330,472500
28,18,334,1209600
28,18,336,2116800
28,18,338,302400
28,18,342,226800
28,18,344,75600
28,18,346,2116800
28,18,348,151200
28,18,350,226800
28,18,352,907200
28,18,354,1360800
28,18,360,151200
28,18,362,680400
28,18,366,907200
28,18,370,604800
28,18,372,302400
28,18,376,113400
28,18,378,478800
28,18,386,1512000
28,18,390,907200
28,18,394,378000
28,18,402,100800
28,18,406,453600
28,18,412,604800
28,18,426,982800
28,18,450,75600
28,19,341,1360800
28,19,343,1814400
28,19,345,2721600
28,19,349,2721600
28,19,351,1360800
28,19,353,2721600
28,19,355,5443200
28,19,357,6652800
28,19,361,3175200
28,19,363,302400
28,19,365,378000
28,19,367,907200
28,19,369,3553200
28,19,371,2948400
28,19,373,4082400
28,19,375,3628800
28,19,377,3628800
28,19,379,907200
28,19,381,5947200
28,19,383,453600
28,19,385,4536000
28,19,387,3628800
28,19,389,1663200
28,19,391,907200
28,19,393,2268000
28,19,395,5594400
28,19,397,1663200
28,19,399,945000
28,19,401,2872800
28,19,403,2721600
28,19,405,1209600
28,19,407,1814400
28,19,409,2268000
28,19,411,2041200
28,19,413,604800
28,19,415,151200
28,19,417,680400
28,19,421,2419200
28,19,423,604800
28,19,427,907200
28,19,429,453600
28,19,433,907200
28,19,435,453600
28,19,437,302400
28,19,439,1209600
28,19,445,75600
28,19,449,453600
28,19,453,705600
28,19,461,1814400
28,19,473,453600
28,19,483,25200
28,19,485,302400
28,19,489,100800
28,19,491,226800
28,19,497,151200
28,19,499,151200
28,19,525,25200
28,20,364,453600
28,20,368,680400
28,20,370,907200
28,20,372,3175200
28,20,374,6350400
28,20,376,9752400
28,20,378,5443200
28,20,380,11264400
28,20,382,18446400
28,20,384,13381200
28,20,386,7257600
28,20,388,12927600
28,20,390,8769600
28,20,392,13305600
28,20,394,15422400
28,20,396,11793600
28,20,398,18900000
28,20,400,23766750
28,20,402,14212800
28,20,404,23662800
28,20,406,28123200
28,20,408,13510350
28,20,410,8164800
28,20,412,11642400
28,20,414,17841600
28,20,416,13230000
28,20,418,11793600
28,20,420,26218080
28,20,422,3628800
28,20,424,16480800
28,20,426,9979200
28,20,428,15649200
28,20,430,8013600
28,20,432,14666400
28,20,434,4384800
28,20,436,4687200
28,20,438,8316000
28,20,440,6085800
28,20,442,3326400
28,20,444,9979200
28,20,446,6350400
28,20,448,6426000
28,20,450,4158000
28,20,452,1512000
28,20,454,3628800
28,20,456,8316000
28,20,458,1814400
28,20,460,7408800
28,20,462,2721600
28,20,464,6048000
28,20,466,1512000
28,20,468,1839600
28,20,470,6804000
28,20,472,3175200
28,20,474,907200
28,20,476,2948400
28,20,480,3269700
28,20,482,4536000
28,20,484,1209600
28,20,488,3704400
28,20,490,302400
28,20,492,3628800
28,20,494,302400
28,20,496,302400
28,20,500,453600
28,20,510,604800
28,20,512,604800
28,20,514,1814400
28,20,518,756000
28,20,520,151200
28,20,524,453600
28,20,532,302400
28,20,534,302400
28,20,552,151200
28,20,556,75600
28,20,558,100800
28,21,399,43200
28,21,401,907200
28,21,405,3628800
28,21,407,10886400
28,21,409,21772800
28,21,411,28123200
28,21,413,27216000
28,21,415,56095200
28,21,417,61538400
28,21,419,38102400
28,21,421,68493600
28,21,423,61916400
28,21,425,68947200
28,21,427,71215200
28,21,429,78019200
28,21,431,54885600
28,21,433,100245600
28,21,435,87418800
28,21,437,95709600
28,21,439,96314400
28,21,441,109242000
28,21,443,102060000
28,21,445,77868000
28,21,447,78926400
28,21,449,73180800
28,21,451,40370400
28,21,453,63352800
28,21,455,68569200
28,21,457,70761600
28,21,459,64940400
28,21,461,79833600
28,21,463,44452800
28,21,465,52012800
28,21,467,58514400
28,21,469,62748000
28,21,471,48686400
28,21,473,30996000
28,21,475,34322400
28,21,477,38404800
28,21,479,52617600
28,21,481,21243600
28,21,483,34927200
28,21,485,19958400
28,21,487,26233200
28,21,489,10483200
28,21,491,19807200
28,21,493,22377600
28,21,495,18144000
28,21,497,21168000
28,21,499,18144000
28,21,501,11718000
28,21,503,18597600
28,21,505,8164800
28,21,507,10180800
28,21,509,17236800
28,21,511,10508400
28,21,513,6955200
28,21,515,16480800
28,21,517,7711200
28,21,519,10810800
28,21,521,1814400
28,21,523,5594400
28,21,525,4536000
28,21,527,3931200
28,21,529,4536000
28,21,531,5367600
28,21,533,1512000
28,21,535,2872800
28,21,537,3326400
28,21,539,2268000
28,21,541,4384800
28,21,543,3628800
28,21,547,5594400
28,21,549,604800
28,21,551,378000
28,21,553,3326400
28,21,555,1209600
28,21,557,1965600
28,21,559,1814400
28,21,561,907200
28,21,567,907200
28,21,569,1814400
28,21,571,2419200
28,21,573,302400
28,21,575,907200
28,21,583,378000
28,21,585,151200
28,21,587,151200
28,21,589,151200
28,21,591,151200
28,21,603,75600
28,22,438,1146600
28,22,442,9072000
28,22,444,10886400
28,22,446,24040800
28,22,448,47174400
28,22,450,84369600
28,22,452,83008800
28,22,454,96843600
28,22,456,127915200
28,22,458,166017600
28,22,460,187563600
28,22,462,198525600
28,22,464,204573600
28,22,466,212360400
28,22,468,290455200
28,22,470,371649600
28,22,472,291816000
28,22,474,323416800
28,22,476,329767200
28,22,478,385635600
28,22,480,313286400
28,22,482,358041600
28,22,484,280778400
28,22,486,337780800
28,22,488,276242400
28,22,490,281232000
28,22,492,255679200
28,22,494,294537600
28,22,496,264600000
28,22,498,255225600
28,22,500,266036400
28,22,502,264600000
28,22,504,199432800
28,22,506,264373200
28,22,508,189151200
28,22,510,179739000
28,22,512,143715600
28,22,514,150822000
28,22,516,159717600
28,22,518,138801600
28,22,520,133660800
28,22,522,136332000
28,22,524,112039200
28,22,526,111056400
28,22,528,94197600
28,22,530,105840000
28,22,532,86259600
28,22,534,98280000
28,22,536,85730400
28,22,538,76507200
28,22,540,56700000
28,22,542,55717200
28,22,544,67586400
28,22,546,50803200
28,22,548,28879200
28,22,550,41126400
28,22,552,45662400
28,22,554,45511200
28,22,556,39312000
28,22,558,39387600
28,22,560,24192000
28,22,562,35532000
28,22,564,15120000
28,22,566,14515200
28,22,568,20865600
28,22,570,11050200
28,22,572,16783200
28,22,574,18597600
28,22,576,5292000
28,22,578,23587200
28,22,580,4082400
28,22,582,24494400
28,22,584,5896800
28,22,586,4158000
28,22,588,2066400
28,22,590,18597600
28,22,592,907200
28,22,594,5216400
28,22,596,8316000
28,22,598,1360800
28,22,600,2721600
28,22,602,3175200
28,22,604,907200
28,22,606,1814400
28,22,608,907200
28,22,610,2721600
28,22,612,5896800
28,22,614,1814400
28,22,616,3931200
28,22,618,1512000
28,22,620,1814400
28,22,622,1663200
28,22,624,957600
28,22,626,1512000
28,22,628,1360800
28,22,630,226800
28,22,632,453600
28,22,634,151200
28,22,638,226800
28,22,642,919800
28,22,646,604800
28,22,654,189000
28,22,670,226800
28,22,678,75600
28,23,483,5896800
28,23,485,5443200
28,23,487,48081600
28,23,489,44906400
28,23,491,109771200
28,23,493,158306400
28,23,495,166017600
28,23,497,247665600
28,23,499,283046400
28,23,501,275385600
28,23,503,280778400
28,23,505,606009600
28,23,507,447300000
28,23,509,677678400
28,23,511,644338800
28,23,513,908107200
28,23,515,692647200
28,23,517,1032847200
28,23,519,689472000
28,23,521,790624800
28,23,523,834926400
28,23,525,922471200
28,23,527,783027000
28,23,529,1091059200
28,23,531,800452800
28,23,533,927838800
28,23,535,804232800
28,23,537,972329400
28,23,539,724399200
28,23,541,1039575600
28,23,543,758646000
28,23,545,815950800
28,23,547,643885200
28,23,549,679228200
28,23,551,511963200
28,23,553,689169600
28,23,555,434548800
28,23,557,588054600
28,23,559,501152400
28,23,561,567151200
28,23,563,404762400
28,23,565,540993600
28,23,567,390625200
28,23,569,474768000
28,23,571,310867200
28,23,573,344282400
28,23,575,277527600
28,23,577,310716000
28,23,579,209714400
28,23,581,348364800
28,23,583,183859200
28,23,585,264222000
28,23,587,201322800
28,23,589,187790400
28,23,591,136987200
28,23,593,190058400
28,23,595,105537600
28,23,597,160246800
28,23,599,95860800
28,23,601,92836800
28,23,603,84949200
28,23,605,139708800
28,23,607,76582800
28,23,609,97826400
28,23,611,66830400
28,23,613,71668800
28,23,615,42336000
28,23,617,89208000
28,23,619,31752000
28,23,621,45813600
28,23,623,34927200
28,23,625,44755200
28,23,627,43810200
28,23,629,35078400
28,23,631,21772800
28,23,633,22680000
28,23,635,18295200
28,23,637,11340000
28,23,639,21772800
28,23,641,14288400
28,23,643,10206000
28,23,645,18144000
28,23,647,21470400
28,23,649,12852000
28,23,651,12700800
28,23,653,5896800
28,23,655,6652800
28,23,657,9072000
28,23,659,5140800
28,23,661,8164800
28,23,663,2721600
28,23,665,2419200
28,23,667,1360800
28,23,669,3931200
28,23,671,1965600
28,23,673,907200
28,23,675,907200
28,23,677,9865800
28,23,679,453600
28,23,681,2948400
28,23,683,604800
28,23,685,2041200
28,23,687,151200
28,23,689,907200
28,23,693,604800
28,23,703,151200
28,23,705,151200
28,23,711,302400
28,23,713,189000
28,23,723,12600
28,23,735,75600
28,24,524,5556600
28,24,526,7257600
28,24,528,36288000
28,24,530,57607200
28,24,532,62596800
28,24,534,61689600
28,24,536,162540000
28,24,538,224305200
28,24,540,281232000
28,24,542,234057600
28,24,544,398034000
28,24,546,492609600
28,24,548,668379600
28,24,550,845056800
28,24,552,881118000
28,24,554,1029823200
28,24,556,1226534400
28,24,558,1134604800
28,24,560,1158267600
28,24,562,1477224000
28,24,564,1271667600
28,24,566,1601661600
28,24,568,1510034400
28,24,570,1767074400
28,24,572,1611867600
28,24,574,1934263800
28,24,576,1725532200
28,24,578,2017612800
28,24,580,1755696600
28,24,582,1875182400
28,24,584,1737439200
28,24,586,2020636800
28,24,588,1560081600
28,24,590,1808352000
28,24,592,1719559800
28,24,594,1700395200
28,24,596,1625929200
28,24,598,1632355200
28,24,600,1555394400
28,24,602,1512831600
28,24,604,1371308400
28,24,606,1313776800
28,24,608,1230749100
28,24,610,1266526800
28,24,612,1115478000
28,24,614,1112076000
28,24,616,997542000
28,24,618,919900800
28,24,620,908031600
28,24,622,846266400
28,24,624,856144800
28,24,626,715780800
28,24,628,722962800
28,24,630,588016800
28,24,632,622036800
28,24,634,545227200
28,24,636,526554000
28,24,638,477792000
28,24,640,521866800
28,24,642,436060800
28,24,644,335210400
28,24,646,384199200
28,24,648,428500800
28,24,650,312832800
28,24,652,362728800
28,24,654,233074800
28,24,656,233982000
28,24,658,222415200
28,24,660,209071800
28,24,662,209714400
28,24,664,195350400
28,24,666,172670400
28,24,668,132451200
28,24,670,102211200
28,24,672,122623830
28,24,674,56170800
28,24,676,111434400
28,24,678,73180800
28,24,680,80665200
28,24,682,78019200
28,24,684,72046800
28,24,686,45360000
28,24,688,61500600
28,24,690,28274400
28,24,692,40521600
28,24,694,31903200
28,24,696,48837600
28,24,698,18748800
28,24,700,34171200
28,24,702,31903200
28,24,704,26762400
28,24,706,12247200
28,24,708,24948000
28,24,710,9374400
28,24,712,20260800
28,24,714,10584000
28,24,716,14590800
28,24,718,12096000
28,24,720,13078800
28,24,722,5896800
28,24,724,6350400
28,24,726,2872800
28,24,728,8996400
28,24,730,3628800
28,24,732,4838400
28,24,736,2268000
28,24,738,2721600
28,24,740,453600
28,24,742,1965600
28,24,744,390600
28,24,746,151200
28,24,748,2116800
28,24,756,378000
28,25,569,3628800
28,25,571,18144000
28,25,573,13608000
28,25,575,27216000
28,25,577,48988800
28,25,579,52617600
28,25,581,113853600
28,25,583,116575200
28,25,585,188395200
28,25,587,219996000
28,25,589,384652800
28,25,591,334303200
28,25,593,547948800
28,25,595,551880000
28,25,597,705348000
28,25,599,863654400
28,25,601,990435600
28,25,603,892458000
28,25,605,1173463200
28,25,607,1088866800
28,25,609,1540728000
28,25,611,1581854400
28,25,613,1974067200
28,25,615,1825286400
28,25,617,2152558800
28,25,619,2308370400
28,25,621,2283876000
28,25,623,2276164800
28,25,625,2710486800
28,25,627,2766279600
28,25,629,2582798400
28,25,631,2632543200
28,25,633,3043504800
28,25,635,2605176000
28,25,637,3014776800
28,25,639,2710146600
28,25,641,3073064400
28,25,643,2831598000
28,25,645,3241803600
28,25,647,2527837200
28,25,649,2991114000
28,25,651,2795438520
28,25,653,2432203200
28,25,655,2575465200
28,25,657,2917706400
28,25,659,2172744000
28,25,661,2531541600
28,25,663,2202253200
28,25,665,2226949200
28,25,667,2033715600
28,25,669,2020788000
28,25,671,1783857600
28,25,673,2001585600
28,25,675,1753995600
28,25,677,1494234000
28,25,679,1587146400
28,25,681,1510488000
28,25,683,1273179600
28,25,685,1334718000
28,25,687,1253977200
28,25,689,1178604000
28,25,691,1082365200
28,25,693,842335200
28,25,695,845699400
28,25,697,893289600
28,25,699,789642000
28,25,701,666640800
28,25,703,781250400
28,25,705,602456400
28,25,707,464864400
28,25,709,531770400
28,25,711,488980800
28,25,713,406576800
28,25,715,388281600
28,25,717,391759200
28,25,719,355924800
28,25,721,334756800
28,25,723,331203600
28,25,725,269892000
28,25,727,253713600
28,25,729,234964800
28,25,731,196106400
28,25,733,185068800
28,25,735,147495600
28,25,737,161028000
28,25,739,105840000
28,25,741,150910200
28,25,743,115819200
28,25,745,113551200
28,25,747,76885200
28,25,749,106898400
28,25,751,60328800
28,25,753,54129600
28,25,755,55112400
28,25,757,60480000
28,25,759,43016400
28,25,761,39009600
28,25,763,47930400
28,25,765,22377600
28,25,767,21470400
28,25,769,12549600
28,25,771,28350000
28,25,773,22377600
28,25,775,24645600
28,25,777,6350400
28,25,779,22528800
28,25,781,9374400
28,25,783,9374400
28,25,785,1814400
28,25,787,16934400
28,25,789,3024000
28,25,791,11415600
28,25,793,2797200
28,25,795,907200
28,25,799,3931200
28,25,801,907200
28,25,803,453600
28,25,807,1713600
28,25,813,352800
28,25,817,907200
28,25,823,378000
28,25,831,304920
28,25,839,453600
28,25,849,403200
28,25,855,50400
28,26,614,5896800
28,26,616,2721600
28,26,618,1247400
28,26,620,907200
28,26,622,24040800
28,26,624,6350400
28,26,626,30996000
28,26,628,36439200
28,26,630,74314800
28,26,632,63050400
28,26,634,126100800
28,26,636,116928000
28,26,638,222717600
28,26,640,244036800
28,26,642,264902400
28,26,644,279417600
28,26,646,426157200
28,26,648,464032800
28,26,650,550443600
28,26,652,648648000
28,26,654,779209200
28,26,656,899488800
28,26,658,1065733200
28,26,660,1074276000
28,26,662,1267131600
28,26,664,1385748000
28,26,666,1557435600
28,26,668,1628272800
28,26,670,1964881800
28,26,672,2064560400
28,26,674,2203588800
28,26,676,2537892000
28,26,678,2291814000
28,26,680,2830161600
28,26,682,2919823200
28,26,684,2993760000
28,26,686,2959513200
28,26,688,3243391200
28,26,690,3375010800
28,26,692,3288146400
28,26,694,3465730800
28,26,696,3612924000
28,26,698,3771472320
28,26,700,3959172000
28,26,702,3777883200
28,26,704,3607934400
28,26,706,3914265600
28,26,708,3496348800
28,26,710,3638476800
28,26,712,3679149600
28,26,714,3717756000
28,26,716,3381134400
28,26,718,3622978800
28,26,720,3130520400
28,26,722,3384990000
28,26,724,3343334400
28,26,726,3058020000
28,26,728,2738043000
28,26,730,2889318600
28,26,732,2707084800
28,26,734,2549458800
28,26,736,2545754400
28,26,738,2377166400
28,26,740,2283876000
28,26,742,2098051200
28,26,744,1856433600
28,26,746,1769796000
28,26,748,1813190400
28,26,750,1708371000
28,26,752,1382497200
28,26,754,1331391600
28,26,756,1297270800
28,26,758,1206651600
28,26,760,1177923600
28,26,762,1092268800
28,26,764,963635400
28,26,766,926100000
28,26,768,826005600
28,26,770,809146800
28,26,772,769456800
28,26,774,758116800
28,26,776,599130000
28,26,778,617954400
28,26,780,516083400
28,26,782,475297200
28,26,784,469627200
28,26,786,464108400
28,26,788,402645600
28,26,790,363106800
28,26,792,290946600
28,26,794,300888000
28,26,796,257796000
28,26,798,273256200
28,26,800,271857600
28,26,802,197164800
28,26,804,122169600
28,26,806,159213600
28,26,808,144093600
28,26,810,136231200
28,26,812,124740000
28,26,814,84823200
28,26,816,65167200
28,26,818,99640800
28,26,820,36439200
28,26,822,49366800
28,26,824,72500400
28,26,826,52844400
28,26,828,37346400
28,26,830,26157600
28,26,832,31449600
28,26,834,47023200
28,26,836,12398400
28,26,838,22680000
28,26,840,12247200
28,26,842,23133600
28,26,844,6804000
28,26,846,7257600
28,26,848,4838400
28,26,850,3628800
28,26,852,7056000
28,26,854,14515200
28,26,856,6350400
28,26,858,252000
28,26,860,1814400
28,26,862,907200
28,26,864,5292000
28,26,870,302400
28,26,876,453600
28,26,878,453600
28,26,880,907200
28,26,882,453600
28,26,888,403200
28,26,904,302400
28,26,908,302400
28,27,665,907200
28,27,667,2268000
28,27,669,3024000
28,27,671,1814400
28,27,673,4989600
28,27,675,6350400
28,27,677,9525600
28,27,679,22680000
28,27,681,22075200
28,27,683,30844800
28,27,685,47174400
28,27,687,64486800
28,27,689,62748000
28,27,691,73634400
28,27,693,108864000
28,27,695,128520000
28,27,697,186429600
28,27,699,160574400
28,27,701,249480000
28,27,703,309355200
28,27,705,346096800
28,27,707,222112800
28,27,709,511660800
28,27,711,429105600
28,27,713,609184800
28,27,715,634813200
28,27,717,855792000
28,27,719,795312000
28,27,721,1084255200
28,27,723,878169600
28,27,725,1339254000
28,27,727,1345453200
28,27,729,1703142000
28,27,731,1391947200
28,27,733,2049364800
28,27,735,1774407600
28,27,737,2284480800
28,27,739,2121184800
28,27,741,2715400800
28,27,743,2386389600
28,27,745,3032694000
28,27,747,2733355800
28,27,749,3072686400
28,27,751,3043580400
28,27,753,3426418800
28,27,755,3213907200
28,27,757,3780982800
28,27,759,3400740000
28,27,761,4267695600
28,27,763,3596972400
28,27,765,4174858800
28,27,767,3506743800
28,27,769,4258245600
28,27,771,3796707600
28,27,773,4382985600
28,27,775,3613302000
28,27,777,4249929600
28,27,779,3669397200
28,27,781,4298162400
28,27,783,3377959200
28,27,785,4131010800
28,27,787,3236436000
28,27,789,3859228800
28,27,791,3186313200
28,27,793,3678393600
28,27,795,2871439200
28,27,797,3424377600
28,27,799,2471288400
28,27,801,3063160800
28,27,803,2659986000
28,27,805,2888184600
28,27,807,2154448800
28,27,809,2517933600
28,27,811,2064636000
28,27,813,2319559200
28,27,815,1668945600
28,27,817,1985482800
28,27,819,1547078400
28,27,821,1782496800
28,27,823,1391418000
28,27,825,1485615600
28,27,827,1206198000
28,27,829,1331391600
28,27,831,1083310200
28,27,833,1135587600
28,27,835,932450400
28,27,837,1075788000
28,27,839,714571200
28,27,841,892155600
28,27,843,730069200
28,27,845,728254800
28,27,847,587563200
28,27,849,621810000
28,27,851,524815200
28,27,853,531316800
28,27,855,397580400
28,27,857,451067400
28,27,859,369835200
28,27,861,351010800
28,27,863,256888800
28,27,865,315403200
28,27,867,257266800
28,27,869,275562000
28,27,871,175543200
28,27,873,152258400
28,27,875,174938400
28,27,877,128066400
28,27,879,97599600
28,27,881,113626800
28,27,883,95256000
28,27,885,66376800
28,27,887,59875200
28,27,889,42109200
28,27,891,55112400
28,27,893,48913200
28,27,895,35834400
28,27,897,28677600
28,27,899,17085600
28,27,901,28047600
28,27,903,4384800
28,27,905,20714400
28,27,907,16934400
28,27,909,12776400
28,27,911,8013600
28,27,913,9828000
28,27,915,2721600
28,27,917,6199200
28,27,919,4687200
28,27,921,12096000
28,27,923,1814400
28,27,925,1965600
28,27,927,3024000
28,27,929,680400
28,27,931,1512000
28,27,933,4536000
28,27,939,907200
28,27,941,907200
28,27,945,680400
28,27,949,453600
28,28,714,302400
28,28,716,453600
28,28,718,453600
28,28,720,2097900
28,28,724,907200
28,28,726,3628800
28,28,728,5896800
28,28,732,756000
28,28,734,9979200
28,28,736,9072000
28,28,738,6350400
28,28,740,8278200
28,28,742,14968800
28,28,744,19051200
28,28,746,37195200
28,28,748,40294800
28,28,750,33566400
28,28,752,44452800
28,28,754,75751200
28,28,756,95974200
28,28,758,83084400
28,28,760,117860400
28,28,762,122623200
28,28,764,202683600
28,28,766,175543200
28,28,768,242298000
28,28,770,262180800
28,28,772,368474400
28,28,774,339066000
28,28,776,486712800
28,28,778,392364000
28,28,780,510829200
28,28,782,581515200
28,28,784,704894400
28,28,786,749536200
28,28,788,885843000
28,28,790,895028400
28,28,792,1043714700
28,28,794,1095217200
28,28,796,1327006800
28,28,798,1316876400
28,28,800,1663351200
28,28,802,1545415200
28,28,804,1693213200
28,28,806,1803324600
28,28,808,2085274800
28,28,810,2032884000
28,28,812,2479302000
28,28,814,2361177000
28,28,816,2398183200
28,28,818,2524737600
28,28,820,2808162000
28,28,822,2845584000
28,28,824,3179736000
28,28,826,3081304800
28,28,828,3448947600
28,28,830,3137400000
28,28,832,3522506400
28,28,834,3325190400
28,28,836,3539970000
28,28,838,3336908400
28,28,840,3944971800
28,28,842,3872080800
28,28,844,3513888000
28,28,846,3443580000
28,28,848,3647284200
28,28,850,3455222400
28,28,852,3840026400
28,28,854,3701602800
28,28,856,3226003200
28,28,858,3511393200
28,28,860,3419236800
28,28,862,2967073200
28,28,864,3138987600
28,28,866,3257452800
28,28,868,2686672800
28,28,870,2634811200
28,28,872,2980152000
28,28,874,2617272000
28,28,876,2479377600
28,28,878,2583781200
28,28,880,2126930400
28,28,882,2165637600
28,28,884,2180341800
28,28,886,1910487600
28,28,888,1847512800
28,28,890,1897560000
28,28,892,1554865200
28,28,894,1472486400
28,28,896,1547456400
28,28,898,1257984000
28,28,900,1150783200
28,28,902,1234396800
28,28,904,1005026400
28,28,906,929779200
28,28,908,950745600
28,28,910,758419200
28,28,912,743148000
28,28,914,802267200
28,28,916,656812800
28,28,918,600868800
28,28,920,532375200
28,28,922,445586400
28,28,924,424267200
28,28,926,402645600
28,28,928,398412000
28,28,930,368625600
28,28,932,354148200
28,28,934,235872000
28,28,936,254016000
28,28,938,225590400
28,28,940,167605200
28,28,942,160675200
28,28,944,108788400
28,28,946,123984000
28,28,948,117028800
28,28,950,75902400
28,28,952,77716800
28,28,954,83160000
28,28,956,33112800
28,28,958,34776000
28,28,960,57078000
28,28,962,21772800
28,28,964,25779600
28,28,966,22226400
28,28,968,9979200
28,28,970,19202400
28,28,972,12247200
28,28,974,4309200
28,28,976,13305600
28,28,978,12146400
28,28,980,6350400
28,28,982,6350400
28,28,984,14515200
28,28,986,302400
28,28,988,10130400
28,28,990,5518800
28,28,992,3175200
28,28,994,1209600
28,28,996,3931200
28,28,998,1814400
28,28,1000,4536000
28,28,1002,453600
28,28,1006,1814400
28,28,1008,1663200
28,28,1010,907200
28,28,1020,453600
28,28,1030,756000
28,28,1038,252000
28,28,1044,113400
28,29,775,302400
28,29,779,1814400
28,29,783,151200
28,29,787,3628800
28,29,789,2721600
28,29,791,1814400
28,29,793,453600
28,29,795,7711200
28,29,797,3024000
28,29,799,4082400
28,29,801,3780000
28,29,803,6350400
28,29,805,8013600
28,29,807,12247200
28,29,809,15876000
28,29,811,10886400
28,29,813,23436000
28,29,815,29484000
28,29,817,36892800
28,29,819,30693600
28,29,821,58060800
28,29,823,45662400
28,29,825,53424000
28,29,827,54734400
28,29,829,81043200
28,29,831,96314400
28,29,833,158533200
28,29,835,139557600
28,29,837,172821600
28,29,839,169759800
28,29,841,252050400
28,29,843,252957600
28,29,845,295747200
28,29,847,295671600
28,29,849,380532600
28,29,851,356983200
28,29,853,573048000
28,29,855,586958400
28,29,857,541296000
28,29,859,658627200
28,29,861,752522400
28,29,863,781023600
28,29,865,857984400
28,29,867,909694800
28,29,869,1029672000
28,29,871,1136116800
28,29,873,1199923200
28,29,875,1331467200
28,29,877,1413568800
28,29,879,1474048800
28,29,881,1617840000
28,29,883,1846189800
28,29,885,1737514800
28,29,887,1960005600
28,29,889,2062972800
28,29,891,2151424800
28,29,893,2141294400
28,29,895,2380492800
28,29,897,2262632400
28,29,899,2635945200
28,29,901,2843467200
28,29,903,2494497600
28,29,905,2769530400
28,29,907,2764389600
28,29,909,2994969600
28,29,911,3000488400
28,29,913,3340386000
28,29,915,2871993600
28,29,917,3200329440
28,29,919,2902510800
28,29,921,3022790400
28,29,923,3039573600
28,29,925,3165220800
28,29,927,2728101600
28,29,929,3123036000
28,29,931,2892229200
28,29,933,2795688000
28,29,935,2784045600
28,29,937,2901981600
28,29,939,2467684800
28,29,941,2695140000
28,29,943,2438856000
28,29,945,2597086800
28,29,947,2257038000
28,29,949,2360080800
28,29,951,2027541600
28,29,953,2052993600
28,29,955,2061536400
28,29,957,1771761600
28,29,959,1707993000
28,29,961,1708408800
28,29,963,1380456000
28,29,965,1484935200
28,29,967,1347796800
28,29,969,1134453600
28,29,971,1172178000
28,29,973,1027555200
28,29,975,949006800
28,29,977,915077520
28,29,979,819579600
28,29,981,720316800
28,29,983,697561200
28,29,985,601776000
28,29,987,472500000
28,29,989,526176000
28,29,991,488678400
28,29,993,401536800
28,29,995,383707800
28,29,997,324021600
28,29,999,291664800
28,29,1001,290304000
28,29,1003,270799200
28,29,1005,173426400
28,29,1007,182574000
28,29,1009,156718800
28,29,1011,110325600
28,29,1013,112492800
28,29,1015,129578400
28,29,1017,59623200
28,29,1019,69438600
28,29,1021,87544800
28,29,1023,57456000
28,29,1025,58816800
28,29,1027,50198400
28,29,1029,57304800
28,29,1031,44604000
28,29,1033,20638800
28,29,1035,27367200
28,29,1037,22982400
28,29,1039,24192000
28,29,1041,20336400
28,29,1043,10357200
28,29,1045,6955200
28,29,1047,10180800
28,29,1049,302400
28,29,1051,4536000
28,29,1053,3339000
28,29,1055,3628800
28,29,1057,907200
28,29,1059,2066400
28,29,1061,5443200
28,29,1063,2268000
28,29,1065,2494800
28,29,1067,922320
28,29,1069,226800
28,29,1071,3175200
28,29,1077,604800
28,29,1079,907200
28,29,1089,806400
28,29,1095,50400
28,29,1107,189000
28,30,834,100800
28,30,842,1814400
28,30,844,907200
28,30,846,453600
28,30,850,1814400
28,30,854,151200
28,30,856,3326400
28,30,858,2419200
28,30,860,2721600
28,30,862,4536000
28,30,864,1360800
28,30,866,1814400
28,30,870,3855600
28,30,872,5443200
28,30,874,4536000
28,30,876,1814400
28,30,878,4233600
28,30,880,6804000
28,30,882,9072000
28,30,884,14515200
28,30,886,15649200
28,30,888,20412000
28,30,890,31752000
28,30,892,28123200
28,30,894,22075200
28,30,896,36136800
28,30,898,42638400
28,30,900,69204240
28,30,902,57456000
28,30,904,48686400
28,30,906,80967600
28,30,908,67132800
28,30,910,118994400
28,30,912,94348800
28,30,914,144849600
28,30,916,115516800
28,30,918,183556800
28,30,920,173426400
28,30,922,323341200
28,30,924,267775200
28,30,926,351842400
28,30,928,267472800
28,30,930,417387600
28,30,932,350784000
28,30,934,537667200
28,30,936,483915600
28,30,938,649630800
28,30,940,554941800
28,30,942,670118400
28,30,944,752522400
28,30,946,897825600
28,30,948,849441600
28,30,950,1027146960
28,30,952,917784000
28,30,954,1172858400
28,30,956,1163332800
28,30,958,1158040800
28,30,960,1233640800
28,30,962,1554940800
28,30,964,1404648000
28,30,966,1587864600
28,30,968,1660024800
28,30,970,1717291800
28,30,972,1810015200
28,30,974,1955583000
28,30,976,1907236800
28,30,978,1994176800
28,30,980,2061007200
28,30,982,2060251200
28,30,984,2257264800
28,30,986,2343902400
28,30,988,2251292400
28,30,990,2135662200
28,30,992,2468226600
28,30,994,2448986400
28,30,996,2356361280
28,30,998,2229444000
28,30,1000,2355091200
28,30,1002,2358568800
28,30,1004,2254996800
28,30,1006,2206461600
28,30,1008,2160723600
28,30,1010,2257869600
28,30,1012,2213492400
28,30,1014,2227780800
28,30,1016,2093666400
28,30,1018,1944583200
28,30,1020,1936418400
28,30,1022,1762084800
28,30,1024,1921222800
28,30,1026,1508144400
28,30,1028,1570590000
28,30,1030,1511622000
28,30,1032,1478962800
28,30,1034,1342580400
28,30,1036,1187902800
28,30,1038,1131656400
28,30,1040,1067698800
28,30,1042,956264400
28,30,1044,911282400
28,30,1046,762199200
28,30,1048,881798400
28,30,1050,714646800
28,30,1052,628387200
28,30,1054,462294000
28,30,1056,522698400
28,30,1058,484898400
28,30,1060,456624000
28,30,1062,423334800
28,30,1064,342543600
28,30,1066,218106000
28,30,1068,321526800
28,30,1070,288640800
28,30,1072,263088000
28,30,1074,185220000
28,30,1076,140011200
28,30,1078,149688000
28,30,1080,159213600
28,30,1082,146210400
28,30,1084,62596800
28,30,1086,120884400
28,30,1088,65318400
28,30,1090,93895200
28,30,1092,37497600
28,30,1094,52995600
28,30,1096,23284800
28,30,1098,58136400
28,30,1100,10281600
28,30,1102,40824000
28,30,1104,21470400
28,30,1106,28954800
28,30,1108,11188800
28,30,1110,48535200
28,30,1112,7106400
28,30,1114,14553000
28,30,1116,10886400
28,30,1118,4536000
28,30,1120,5745600
28,30,1122,1398600
28,30,1124,2721600
28,30,1126,4536000
28,30,1128,1058400
28,30,1130,2419200
28,30,1132,8164800
28,30,1134,1814400
28,30,1136,3628800
28,30,1138,3326400
28,30,1140,907200
28,30,1142,1814400
28,30,1146,15120
28,30,1148,1814400
28,30,1152,1814400
28,31,897,302400
28,31,915,453600
28,31,917,907200
28,31,919,453600
28,31,921,604800
28,31,925,907200
28,31,929,907200
28,31,931,151200
28,31,933,3628800
28,31,935,4989600
28,31,937,907200
28,31,939,756000
28,31,941,1814400
28,31,943,1134000
28,31,945,453600
28,31,947,453600
28,31,949,5443200
28,31,951,1209600
28,31,953,5896800
28,31,955,453600
28,31,957,8467200
28,31,959,1814400
28,31,961,12700800
28,31,963,11491200
28,31,965,18597600
28,31,967,8164800
28,31,969,24192000
28,31,971,15724800
28,31,973,26762400
28,31,975,11491200
28,31,977,46720800
28,31,979,19958400
28,31,981,39916800
28,31,983,32508000
28,31,985,64184400
28,31,987,58968000
28,31,989,124740000
28,31,991,67737600
28,31,993,106898400
28,31,995,81648000
28,31,997,142884000
28,31,999,106898400
28,31,1001,184539600
28,31,1003,136760400
28,31,1005,216518400
28,31,1007,259761600
28,31,1009,298015200
28,31,1011,199281600
28,31,1013,453297600
28,31,1015,302022000
28,31,1017,412776000
28,31,1019,437346000
28,31,1021,506520000
28,31,1023,469627200
28,31,1025,594972000
28,31,1027,441352800
28,31,1029,685540800
28,31,1031,778982400
28,31,1033,839613600
28,31,1035,690530400
28,31,1037,1030730400
28,31,1039,868039200
28,31,1041,1035720000
28,31,1043,979246800
28,31,1045,1120996800
28,31,1047,1082440800
28,31,1049,1283688000
28,31,1051,1134718200
28,31,1053,1395349200
28,31,1055,1266602400
28,31,1057,1583820000
28,31,1059,1315591200
28,31,1061,1645812000
28,31,1063,1321336800
28,31,1065,1623812400
28,31,1067,1414929600
28,31,1069,1803816000
28,31,1071,1466791200
28,31,1073,1713020400
28,31,1075,1430389800
28,31,1077,1816138800
28,31,1079,1519257600
28,31,1081,1828839600
28,31,1083,1368586800
28,31,1085,1764655200
28,31,1087,1397995200
28,31,1089,1658966400
28,31,1091,1271743200
28,31,1093,1591002000
28,31,1095,1189868400
28,31,1097,1344546000
28,31,1099,1239386400
28,31,1101,1326326400
28,31,1103,950745600
28,31,1105,1161442800
28,31,1107,827215200
28,31,1109,1178755200
28,31,1111,877489200
28,31,1113,944294400
28,31,1115,710413200
28,31,1117,890946000
28,31,1119,571536000
28,31,1121,524172600
28,31,1123,560498400
28,31,1125,589906800
28,31,1127,396900000
28,31,1129,538574400
28,31,1131,265960800
28,31,1133,319032000
28,31,1135,313966800
28,31,1137,348062400
28,31,1139,181666800
28,31,1141,255074400
28,31,1143,202154400
28,31,1145,169306200
28,31,1147,133358400
28,31,1149,136987200
28,31,1151,52466400
28,31,1153,128898000
28,31,1155,72198000
28,31,1157,89661600
28,31,1159,62445600
28,31,1161,92723400
28,31,1163,46267200
28,31,1165,34776000
28,31,1167,63252000
28,31,1169,34020000
28,31,1171,60669000
28,31,1173,32205600
28,31,1175,16858800
28,31,1177,29484000
28,31,1179,30391200
28,31,1181,2419200
28,31,1183,35683200
28,31,1185,22680000
28,31,1187,2721600
28,31,1189,3931200
28,31,1191,24192000
28,31,1193,907200
28,31,1195,3628800
28,31,1197,6350400
28,31,1201,2268000
28,31,1209,3780000
28,31,1239,75600
28,31,1245,252000
28,32,936,1575
28,32,988,151200
28,32,992,453600
28,32,998,226800
28,32,1000,907200
28,32,1002,1814400
28,32,1004,1360800
28,32,1006,907200
28,32,1008,50400
28,32,1010,226800
28,32,1012,3628800
28,32,1014,453600
28,32,1020,1814400
28,32,1022,1285200
28,32,1026,2116800
28,32,1028,2268000
28,32,1030,604800
28,32,1032,3351600
28,32,1034,4536000
28,32,1036,1323000
28,32,1038,6879600
28,32,1040,5896800
28,32,1042,9374400
28,32,1044,1814400
28,32,1046,7862400
28,32,1048,12700800
28,32,1050,18446400
28,32,1052,14061600
28,32,1054,14515200
28,32,1056,18219600
28,32,1058,12927600
28,32,1060,16934400
28,32,1062,57153600
28,32,1064,66679200
28,32,1066,39916800
28,32,1068,41806800
28,32,1070,35834400
28,32,1072,48686400
28,32,1074,56548800
28,32,1076,134983800
28,32,1078,146210400
28,32,1080,98091000
28,32,1082,90115200
28,32,1084,103798800
28,32,1086,124437600
28,32,1088,138952800
28,32,1090,198752400
28,32,1092,205405200
28,32,1094,211528800
28,32,1096,275259600
28,32,1098,226749600
28,32,1100,272991600
28,32,1102,313588800
28,32,1104,288943200
28,32,1106,280098000
28,32,1108,415044000
28,32,1110,421545600
28,32,1112,416820600
28,32,1114,518502600
28,32,1116,534643200
28,32,1118,528670800
28,32,1120,622112400
28,32,1122,677905200
28,32,1124,616140000
28,32,1126,690984000
28,32,1128,764769600
28,32,1130,725306400
28,32,1132,883367100
28,32,1134,838555200
28,32,1136,843091200
28,32,1138,820864800
28,32,1140,974559600
28,32,1142,952560000
28,32,1144,948099600
28,32,1146,854431200
28,32,1148,1002456000
28,32,1150,1051407000
28,32,1152,915062400
28,32,1154,1046455200
28,32,1156,1096086600
28,32,1158,950405400
28,32,1160,1067396400
28,32,1162,908863200
28,32,1164,834246000
28,32,1166,860479200
28,32,1168,941068800
28,32,1170,786542400
28,32,1172,1008428400
28,32,1174,980380800
28,32,1176,799923600
28,32,1178,679644000
28,32,1180,703533600
28,32,1182,633981600
28,32,1184,761367600
28,32,1186,614325600
28,32,1188,581162400
28,32,1190,581817600
28,32,1192,680778000
28,32,1194,488224800
28,32,1196,516574800
28,32,1198,397051200
28,32,1200,382158000
28,32,1202,302853600
28,32,1204,345945600
28,32,1206,257796000
28,32,1208,254620800
28,32,1210,235872000
28,32,1212,244465200
28,32,1214,210319200
28,32,1216,187639200
28,32,1218,124790400
28,32,1220,162691200
28,32,1222,75902400
28,32,1224,100245600
28,32,1226,118843200
28,32,1228,102135600
28,32,1230,91173600
28,32,1232,53676000
28,32,1234,54129600
28,32,1236,40748400
28,32,1238,66830400
28,32,1240,8240400
28,32,1242,37144800
28,32,1244,38178000
28,32,1246,19051200
28,32,1248,5972400
28,32,1250,25855200
28,32,1254,9979200
28,32,1258,16783200
28,32,1260,1209600
28,32,1262,9072000
28,32,1266,2721600
28,32,1270,10886400
28,32,1272,151200
28,32,1278,3931200
28,32,1282,3175200
28,32,1286,302400
28,32,1290,2217600
28,32,1296,831600
28,32,1298,680400
28,32,1300,453600
28,32,1302,75600
28,33,1071,1209600
28,33,1077,907200
28,33,1083,907200
28,33,1087,453600
28,33,1089,352800
28,33,1091,302400
28,33,1095,302400
28,33,1101,25200
28,33,1103,151200
28,33,1107,302400
28,33,1109,907200
28,33,1111,2419200
28,33,1113,4586400
28,33,1115,907200
28,33,1117,2268000
28,33,1119,756000
28,33,1121,907200
28,33,1123,2268000
28,33,1125,9828000
28,33,1127,3780000
28,33,1131,11214000
28,33,1133,6501600
28,33,1135,3628800
28,33,1137,11642400
28,33,1139,6123600
28,33,1141,20865600
28,33,1143,31298400
28,33,1145,3326400
28,33,1147,11642400
28,33,1149,8694000
28,33,1151,25401600
28,33,1153,53978400
28,33,1155,49744800
28,33,1157,28425600
28,33,1159,25477200
28,33,1161,57355200
28,33,1163,35229600
28,33,1165,91249200
28,33,1167,92005200
28,33,1169,127612800
28,33,1171,74390400
28,33,1173,112492800
28,33,1175,72500400
28,33,1177,126705600
28,33,1179,110754000
28,33,1181,206388000
28,33,1183,200264400
28,33,1185,155206800
28,33,1187,174031200
28,33,1189,202003200
28,33,1191,219240000
28,33,1193,174787200
28,33,1195,286675200
28,33,1197,365677200
28,33,1199,279531000
28,33,1201,407030400
28,33,1203,320770800
28,33,1205,333055800
28,33,1207,370893600
28,33,1209,409852800
28,33,1211,402192000
28,33,1213,501984000
28,33,1215,407673000
28,33,1217,407559600
28,33,1219,501076800
28,33,1221,589150800
28,33,1223,443394000
28,33,1225,537213600
28,33,1227,669211200
28,33,1229,414288000
28,33,1231,578037600
28,33,1233,569948400
28,33,1235,499262400
28,33,1237,585900000
28,33,1239,693025200
28,33,1241,377433000
28,33,1243,611301600
28,33,1245,585144000
28,33,1247,419353200
28,33,1249,458136000
28,33,1251,605858400
28,33,1253,356680800
28,33,1255,533736000
28,33,1257,492987600
28,33,1259,446342400
28,33,1261,419202000
28,33,1263,465696000
28,33,1265,251445600
28,33,1267,413305200
28,33,1269,344811600
28,33,1271,362880000
28,33,1273,272008800
28,33,1275,400125600
28,33,1277,176072400
28,33,1279,267019200
28,33,1281,283575600
28,33,1283,228312000
28,33,1285,143791200
28,33,1287,232318800
28,33,1289,99867600
28,33,1291,128066400
28,33,1293,174787200
28,33,1295,100245600
28,33,1297,98809200
28,33,1299,112908600
28,33,1301,67737600
28,33,1303,67132800
28,33,1305,38329200
28,33,1307,35380800
28,33,1309,23284800
28,33,1311,56624400
28,33,1313,3931200
28,33,1315,24948000
28,33,1317,14061600
28,33,1319,13456800
28,33,1321,14061600
28,33,1323,8542800
28,33,1325,8694000
28,33,1327,9903600
28,33,1329,2570400
28,33,1331,907200
28,33,1333,5292000
28,33,1335,2721600
28,33,1337,302400
28,33,1339,13759200
28,33,1341,3326400
28,33,1343,4989600
28,33,1345,11793600
28,33,1347,453600
28,33,1349,2570400
28,33,1351,5140800
28,33,1353,1360800
28,33,1359,529200
28,33,1361,226800
28,33,1363,1587600
28,33,1369,1814400
28,34,1150,453600
28,34,1160,226800
28,34,1162,907200
28,34,1164,302400
28,34,1168,453600
28,34,1170,415800
28,34,1172,453600
28,34,1176,37800
28,34,1188,302400
28,34,1190,453600
28,34,1192,1209600
28,34,1194,907200
28,34,1196,907200
28,34,1198,1814400
28,34,1200,453600
28,34,1202,1814400
28,34,1204,2268000
28,34,1208,1512000
28,34,1210,2721600
28,34,1212,2268000
28,34,1214,1814400
28,34,1218,3175200
28,34,1220,2608200
28,34,1222,11453400
28,34,1224,19202400
28,34,1226,4687200
28,34,1228,3024000
28,34,1230,9374400
28,34,1232,1360800
28,34,1234,8164800
28,34,1236,5443200
28,34,1238,3628800
28,34,1240,46569600
28,34,1242,13456800
28,34,1244,22906800
28,34,1246,22453200
28,34,1248,11642400
28,34,1250,11340000
28,34,1252,99640800
28,34,1254,56813400
28,34,1256,57304800
28,34,1258,57040200
28,34,1260,39765600
28,34,1262,46418400
28,34,1264,125949600
28,34,1266,115970400
28,34,1268,41277600
28,34,1270,145038600
28,34,1272,81270000
28,34,1274,113853600
28,34,1276,132451200
28,34,1278,197467200
28,34,1280,143564400
28,34,1282,185900400
28,34,1284,247212000
28,34,1286,123228000
28,34,1288,157701600
28,34,1290,190360800
28,34,1292,133895160
28,34,1294,242335800
28,34,1296,261878400
28,34,1298,212738400
28,34,1300,221054400
28,34,1302,286977600
28,34,1304,193082400
28,34,1306,355905900
28,34,1308,317368800
28,34,1310,208958400
28,34,1312,285012000
28,34,1314,326894400
28,34,1316,252352800
28,34,1318,264751200
28,34,1320,325495800
28,34,1322,266338800
28,34,1324,362426400
28,34,1326,249933600
28,34,1328,193233600
28,34,1330,295274700
28,34,1332,285843600
28,34,1334,172216800
28,34,1336,328708800
28,34,1338,263806200
28,34,1340,251407800
28,34,1342,226951200
28,34,1344,246456000
28,34,1346,159742800
28,34,1348,241995600
28,34,1350,159516000
28,34,1352,221840640
28,34,1354,163144800
28,34,1356,184690800
28,34,1358,109317600
28,34,1360,186278400
28,34,1362,88905600
28,34,1364,101001600
28,34,1366,89359200
28,34,1368,143262000
28,34,1370,37724400
28,34,1372,111585600
28,34,1374,39841200
28,34,1376,64108800
28,34,1378,33037200
28,34,1380,40105800
28,34,1382,23209200
28,34,1384,60933600
28,34,1386,33264000
28,34,1388,14515200
28,34,1390,32281200
28,34,1392,13154400
28,34,1394,11188800
28,34,1396,4687200
28,34,1398,8946000
28,34,1400,9072000
28,34,1402,11944800
28,34,1404,15724800
28,34,1406,4762800
28,34,1408,6804000
28,34,1410,3175200
28,34,1412,14212800
28,34,1414,982800
28,34,1416,7459200
28,34,1418,1209600
28,34,1420,9374400
28,34,1422,1008000
28,34,1424,3628800
28,34,1426,302400
28,34,1428,2116800
28,34,1430,113400
28,34,1432,4536000
28,34,1434,163800
28,34,1436,2721600
28,34,1462,37800
28,34,1470,12600
28,34,1476,12600
28,35,1227,50400
28,35,1237,302400
28,35,1239,129600
28,35,1255,2222640
28,35,1257,151200
28,35,1259,151200
28,35,1273,1058400
28,35,1275,151200
28,35,1279,907200
28,35,1287,907200
28,35,1291,907200
28,35,1295,302400
28,35,1297,756000
28,35,1299,151200
28,35,1303,1209600
28,35,1305,967680
28,35,1307,1360800
28,35,1309,529200
28,35,1311,3417120
28,35,1315,1058400
28,35,1317,3477600
28,35,1321,604800
28,35,1323,37800
28,35,1325,18370800
28,35,1327,13759200
28,35,1329,4611600
28,35,1331,19051200
28,35,1333,18144000
28,35,1335,10432800
28,35,1337,3477600
28,35,1339,21621600
28,35,1341,8164800
28,35,1343,31071600
28,35,1345,23738400
28,35,1347,68796000
28,35,1349,42033600
28,35,1351,20563200
28,35,1353,51433200
28,35,1355,75297600
28,35,1357,62748000
28,35,1359,42033600
28,35,1361,41126400
28,35,1363,79153200
28,35,1365,77868000
28,35,1367,82252800
28,35,1369,93895200
28,35,1371,123832800
28,35,1373,96012000
28,35,1375,91022400
28,35,1377,124702200
28,35,1379,116424000
28,35,1381,134681400
28,35,1383,99489600
28,35,1385,82706400
28,35,1387,111888000
28,35,1389,124185600
28,35,1391,96768000
28,35,1393,121942800
28,35,1395,144207000
28,35,1397,139935600
28,35,1399,124135200
28,35,1401,154314720
28,35,1403,112039200
28,35,1405,128973600
28,35,1407,148780800
28,35,1409,114874200
28,35,1411,122169600
28,35,1413,153165600
28,35,1415,149234400
28,35,1417,109620000
28,35,1419,148024800
28,35,1421,146361600
28,35,1423,97524000
28,35,1425,96692400
28,35,1427,149158800
28,35,1429,74541600
28,35,1431,103677840
28,35,1433,69476400
28,35,1435,64108800
28,35,1437,104781600
28,35,1439,87847200
28,35,1441,29559600
28,35,1443,68203800
28,35,1445,63730800
28,35,1447,37573200
28,35,1449,54432000
28,35,1451,52012800
28,35,1453,29181600
28,35,1455,46443600
28,35,1457,13154400
28,35,1459,23284800
28,35,1461,45239040
28,35,1463,24267600
28,35,1465,5896800
28,35,1467,49518000
28,35,1469,21470400
28,35,1471,22982400
28,35,1473,7988400
28,35,1475,18597600
28,35,1477,14968800
28,35,1479,30013200
28,35,1481,1209600
28,35,1483,9979200
28,35,1485,6350400
28,35,1487,8164800
28,35,1491,4687200
28,35,1493,907200
28,35,1495,1814400
28,35,1497,302400
28,35,1499,1360800
28,35,1509,1512000
28,35,1515,50400
28,35,1527,25200
28,35,1551,7560
28,36,1296,25200
28,36,1320,50400
28,36,1332,919800
28,36,1334,907200
28,36,1344,226800
28,36,1346,1814400
28,36,1348,2721600
28,36,1350,907200
28,36,1356,926100
28,36,1362,3628800
28,36,1364,5443200
28,36,1366,907200
28,36,1368,355950
28,36,1374,1814400
28,36,1376,283500
28,36,1378,226800
28,36,1380,1965600
28,36,1390,1814400
28,36,1398,514080
28,36,1400,529200
28,36,1402,1814400
28,36,1404,1814400
28,36,1406,226800
28,36,1410,756000
28,36,1414,756000
28,36,1416,8769600
28,36,1418,226800
28,36,1420,8164800
28,36,1422,17841600
28,36,1424,1360800
28,36,1428,6274800
28,36,1430,3969000
28,36,1432,36741600
28,36,1434,17614800
28,36,1436,27367200
28,36,1438,9979200
28,36,1440,28595700
28,36,1442,2721600
28,36,1444,10886400
28,36,1446,51408000
28,36,1448,3628800
28,36,1450,49215600
28,36,1452,66471300
28,36,1454,7635600
28,36,1456,69816600
28,36,1458,11592000
28,36,1460,30769200
28,36,1462,84823200
28,36,1464,43999200
28,36,1466,29030400
28,36,1468,31600800
28,36,1470,102816000
28,36,1472,28576800
28,36,1474,80136000
28,36,1476,98431200
28,36,1478,41277600
28,36,1480,78850800
28,36,1482,62294400
28,36,1484,36968400
28,36,1486,61765200
28,36,1488,101493000
28,36,1490,51332400
28,36,1492,36363600
28,36,1494,79833600
28,36,1496,49971600
28,36,1498,69098400
28,36,1500,50198400
28,36,1502,67284000
28,36,1504,26913600
28,36,1506,57607200
28,36,1508,47476800
28,36,1510,26157600
28,36,1512,57456000
28,36,1514,47628000
28,36,1516,48081600
28,36,1518,33112800
28,36,1520,40521600
28,36,1522,37044000
28,36,1524,43507800
28,36,1526,42033600
28,36,1528,18559800
28,36,1530,45662400
28,36,1532,33415200
28,36,1534,27216000
28,36,1536,15573600
28,36,1538,30693600
28,36,1540,17085600
28,36,1542,24796800
28,36,1544,21394800
28,36,1546,3024000
28,36,1548,6804000
28,36,1550,27064800
28,36,1552,604800
28,36,1554,3175200
28,36,1556,4536000
28,36,1558,9072000
28,36,1560,1360800
28,36,1564,9979200
28,36,1566,3175200
28,36,1568,907200
28,36,1574,4536000
28,36,1580,453600
28,36,1582,756000
28,36,1584,453600
28,36,1588,3099600
28,37,1419,37800
28,37,1427,1814400
28,37,1439,1814400
28,37,1441,907200
28,37,1443,907200
28,37,1445,907200
28,37,1455,3628800
28,37,1457,1890000
28,37,1459,2721600
28,37,1461,1814400
28,37,1463,3628800
28,37,1471,3628800
28,37,1473,1890000
28,37,1477,1814400
28,37,1479,2419200
28,37,1483,907200
28,37,1487,5443200
28,37,1491,4158000
28,37,1493,907200
28,37,1495,1814400
28,37,1497,151200
28,37,1503,3931200
28,37,1505,453600
28,37,1507,302400
28,37,1511,1814400
28,37,1513,75600
28,37,1515,16329600
28,37,1517,4687200
28,37,1519,226800
28,37,1521,8164800
28,37,1523,17463600
28,37,1525,8618400
28,37,1527,907200
28,37,1531,8769600
28,37,1533,1398600
28,37,1535,4687200
28,37,1539,82857600
28,37,1543,26611200
28,37,1545,9021600
28,37,1547,3628800
28,37,1549,11491200
28,37,1551,3477600
28,37,1553,680400
28,37,1555,67284000
28,37,1557,28274400
28,37,1559,26006400
28,37,1561,52466400
28,37,1563,37497600
28,37,1565,6652800
28,37,1567,26006400
28,37,1569,15876000
28,37,1571,32508000
28,37,1573,33944400
28,37,1575,53524800
28,37,1577,11793600
28,37,1579,44452800
28,37,1581,29937600
28,37,1583,22377600
28,37,1585,41277600
28,37,1587,22642200
28,37,1589,29484000
28,37,1591,21168000
28,37,1593,21621600
28,37,1595,23889600
28,37,1597,36212400
28,37,1599,8164800
28,37,1601,34700400
28,37,1603,19882800
28,37,1605,32961600
28,37,1607,2721600
28,37,1609,19202400
28,37,1611,3024000
28,37,1613,25401600
28,37,1615,12398400
28,37,1617,15195600
28,37,1619,1890000
28,37,1621,26006400
28,37,1623,7560000
28,37,1625,5216400
28,37,1627,10659600
28,37,1629,21772800
28,37,1633,4384800
28,37,1635,9072000
28,37,1637,4838400
28,37,1639,2872800
28,37,1641,1890000
28,37,1643,151200
28,37,1645,7862400
28,37,1649,907200
28,37,1653,3024000
28,37,1657,226800
28,37,1659,4536000
28,37,1701,982800
28,37,1703,302400
28,37,1705,37800
28,38,1512,151200
28,38,1530,453600
28,38,1534,907200
28,38,1538,907200
28,38,1542,1814400
28,38,1546,2268000
28,38,1556,5443200
28,38,1558,4536000
28,38,1562,907200
28,38,1564,4082400
28,38,1566,604800
28,38,1568,453600
28,38,1570,4082400
28,38,1572,4536000
28,38,1574,1814400
28,38,1576,3628800
28,38,1578,1814400
28,38,1582,1814400
28,38,1584,453600
28,38,1586,907200
28,38,1588,2721600
28,38,1590,2721600
28,38,1594,1360800
28,38,1596,5896800
28,38,1598,1058400
28,38,1602,907200
28,38,1604,907200
28,38,1608,9979200
28,38,1612,604800
28,38,1614,907200
28,38,1620,8164800
28,38,1622,907200
28,38,1624,302400
28,38,1626,75600
28,38,1628,8164800
28,38,1630,1814400
28,38,1632,3628800
28,38,1636,6350400
28,38,1638,9374400
28,38,1640,8467200
28,38,1642,623700
28,38,1644,17028900
28,38,1646,18900
28,38,1648,18597600
28,38,1650,7560000
28,38,1654,1814400
28,38,1656,20412000
28,38,1658,907200
28,38,1660,33566400
28,38,1662,12058200
28,38,1664,21772800
28,38,1666,6048000
28,38,1668,4309200
28,38,1670,10054800
28,38,1672,20260800
28,38,1674,19051200
28,38,1676,26913600
28,38,1678,8467200
28,38,1680,28236600
28,38,1682,19504800
28,38,1684,6501600
28,38,1686,14364000
28,38,1688,13154400
28,38,1690,1965600
28,38,1692,16858800
28,38,1694,9752400
28,38,1696,3931200
28,38,1698,11547900
28,38,1700,4762800
28,38,1702,5499900
28,38,1704,1512000
28,38,1706,6350400
28,38,1708,1890000
28,38,1710,4082400
28,38,1712,604800
28,38,1716,4536000
28,38,1718,1814400
28,38,1720,453600
28,38,1722,151200
28,38,1724,907200
28,38,1726,907200
28,38,1730,226800
28,38,1732,907200
28,38,1734,226800
28,38,1738,604800
28,38,1740,151200
28,38,1744,756000
28,38,1752,113400
28,38,1764,226800
28,38,1766,907200
28,38,1768,453600
28,38,1776,806400
28,39,1629,453600
28,39,1633,907200
28,39,1639,907200
28,39,1645,907200
28,39,1653,3628800
28,39,1655,3628800
28,39,1659,907200
28,39,1663,3628800
28,39,1665,1814400
28,39,1667,1814400
28,39,1669,4989600
28,39,1673,1360800
28,39,1675,756000
28,39,1677,907200
28,39,1679,3628800
28,39,1683,2343600
28,39,1685,4762800
28,39,1689,604800
28,39,1691,1020600
28,39,1693,2268000
28,39,1695,1814400
28,39,1697,5443200
28,39,1701,1398600
28,39,1707,2268000
28,39,1709,1814400
28,39,1713,1814400
28,39,1715,907200
28,39,1717,4536000
28,39,1721,907200
28,39,1723,604800
28,39,1725,1814400
28,39,1727,4097520
28,39,1729,8164800
28,39,1733,453600
28,39,1737,4271400
28,39,1745,8164800
28,39,1747,680400
28,39,1749,19202400
28,39,1753,4082400
28,39,1755,75600
28,39,1761,24494400
28,39,1763,302400
28,39,1765,8164800
28,39,1769,4082400
28,39,1773,13608000
28,39,1777,16329600
28,39,1781,680400
28,39,1783,8467200
28,39,1785,8341200
28,39,1787,166320
28,39,1789,2721600
28,39,1791,75600
28,39,1801,4082400
28,39,1807,453600
28,39,1809,705600
28,39,1811,75600
28,39,1813,3024000
28,39,1815,151200
28,39,1819,756000
28,39,1839,2872800
28,39,1843,3024000
28,39,1847,756000
28,40,1744,3628800
28,40,1746,453600
28,40,1748,453600
28,40,1754,226800
28,40,1756,907200
28,40,1758,2116800
28,40,1760,907200
28,40,1762,1814400
28,40,1766,226800
28,40,1768,3628800
28,40,1772,907200
28,40,1774,2721600
28,40,1776,468720
28,40,1780,2721600
28,40,1784,907200
28,40,1786,1814400
28,40,1790,3628800
28,40,1792,2116800
28,40,1794,226800
28,40,1796,1134000
28,40,1798,2268000
28,40,1800,1209600
28,40,1804,75600
28,40,1806,7560
28,40,1808,1814400
28,40,1810,2268000
28,40,1812,907200
28,40,1814,1512000
28,40,1822,226800
28,40,1824,907200
28,40,1830,2948400
28,40,1832,680400
28,40,1836,30240
28,40,1840,9525600
28,40,1842,1512000
28,40,1848,8265600
28,40,1850,8164800
28,40,1854,75600
28,40,1858,4082400
28,40,1860,151200
28,40,1864,75600
28,40,1866,45360
28,40,1876,302400
28,40,1880,302400
28,40,1882,453600
28,40,1884,302400
28,40,1886,604800
28,40,1888,4611600
28,40,1890,2797200
28,40,1892,151200
28,40,1902,75600
28,40,1904,302400
28,40,1906,982800
28,40,1908,907200
28,40,1910,1360800
28,40,1912,756000
28,40,1914,453600
28,40,1916,604800
28,40,1920,357840
28,40,1922,37800
28,41,1839,302400
28,41,1843,453600
28,41,1851,907200
28,41,1857,1209600
28,41,1859,907200
28,41,1875,3931200
28,41,1879,226800
28,41,1881,2268000
28,41,1883,907200
28,41,1891,1058400
28,41,1893,1814400
28,41,1899,3477600
28,41,1901,302400
28,41,1905,604800
28,41,1907,907200
28,41,1911,1890000
28,41,1917,453600
28,41,1919,75600
28,41,1923,1512000
28,41,1927,151200
28,41,1939,1512000
28,41,1943,7560
28,41,1945,680400
28,41,1947,6123600
28,41,1955,5443200
28,41,1959,12600
28,41,1963,4082400
28,41,1977,504000
28,41,1979,680400
28,41,1985,2041200
28,41,1993,1360800
28,41,1995,453600
28,41,2001,113400
28,41,2007,1386000
28,42,1938,75600
28,42,1952,226800
28,42,1954,907200
28,42,1964,907200
28,42,1966,453600
28,42,1968,302400
28,42,1978,302400
28,42,1984,3628800
28,42,1988,453600
28,42,1994,302400
28,42,2000,907200
28,42,2002,1512000
28,42,2004,907200
28,42,2008,907200
28,42,2010,302400
28,42,2018,604800
28,42,2020,302400
28,42,2022,12600
28,42,2026,604800
28,42,2036,18900
28,42,2038,226800
28,42,2040,37800
28,42,2042,75600
28,42,2046,50400
28,42,2050,151200
28,42,2058,907200
28,42,2068,37800
28,42,2070,756000
28,42,2076,2721600
28,42,2082,1360800
28,43,2077,604800
28,43,2093,1209600
28,43,2103,151200
28,43,2109,907200
28,43,2125,453600
28,43,2131,302400
28,43,2157,50400
28,44,2172,12600
28,44,2196,151200
28,44,2208,25200
28,44,2220,302400
28,44,2228,793800
28,44,2232,453600
28,44,2244,100800
28,45,2287,75600
28,45,2297,302400
28,45,2307,113400
28,45,2355,635040
28,46,2416,75600
28,46,2418,15120
28,46,2426,151200
28,46,2434,151200
28,50,2850,21420
28,56,3528,45
29,20,388,85050
29,20,400,28350
29,20,420,241920
29,20,430,15120
29,20,436,151200
29,20,450,113400
29,20,452,94500
29,20,470,151200
29,20,480,18900
29,20,484,25200
29,20,500,113400
29,20,520,50400
29,20,580,1260
29,21,425,302400
29,21,431,226800
29,21,433,302400
29,21,439,12600
29,21,457,604800
29,21,465,302400
29,21,467,302400
29,21,471,907200
29,21,479,37800
29,21,483,302400
29,21,489,100800
29,21,493,2520
29,21,511,75600
29,21,523,302400
29,21,551,75600
29,21,583,37800
29,21,589,25200
29,21,603,15120
29,22,450,302400
29,22,454,680400
29,22,458,907200
29,22,462,907200
29,22,466,453600
29,22,470,907200
29,22,474,2419200
29,22,478,907200
29,22,480,604800
29,22,482,2570400
29,22,484,302400
29,22,486,907200
29,22,494,1852200
29,22,498,1285200
29,22,500,453600
29,22,502,2268000
29,22,504,1814400
29,22,506,3024000
29,22,510,453600
29,22,514,604800
29,22,522,151200
29,22,526,604800
29,22,530,453600
29,22,534,604800
29,22,538,604800
29,22,542,1814400
29,22,546,453600
29,22,550,1360800
29,22,558,510300
29,22,564,75600
29,22,570,226800
29,22,574,529200
29,22,578,302400
29,22,590,453600
29,22,614,302400
29,22,622,37800
29,22,654,18900
29,23,487,1814400
29,23,489,1814400
29,23,491,1814400
29,23,493,1814400
29,23,495,2721600
29,23,499,3628800
29,23,501,6350400
29,23,503,2721600
29,23,505,4082400
29,23,507,2721600
29,23,509,4687200
29,23,511,6350400
29,23,513,4762800
29,23,515,2721600
29,23,517,3326400
29,23,519,8467200
29,23,521,7257600
29,23,523,4838400
29,23,525,8769600
29,23,527,5556600
29,23,529,1814400
29,23,531,1209600
29,23,533,1814400
29,23,535,10054800
29,23,537,5896800
29,23,539,2721600
29,23,541,6955200
29,23,543,453600
29,23,545,907200
29,23,547,907200
29,23,549,4838400
29,23,551,7711200
29,23,553,1512000
29,23,555,4233600
29,23,557,907200
29,23,559,2721600
29,23,561,2721600
29,23,563,302400
29,23,565,5443200
29,23,567,4687200
29,23,569,1814400
29,23,571,4536000
29,23,573,2419200
29,23,575,453600
29,23,577,1360800
29,23,579,680400
29,23,583,680400
29,23,585,75600
29,23,587,3628800
29,23,589,907200
29,23,591,1814400
29,23,593,907200
29,23,595,604800
29,23,597,1663200
29,23,599,1814400
29,23,601,907200
29,23,603,907200
29,23,605,3024000
29,23,607,453600
29,23,617,1814400
29,23,621,302400
29,23,623,453600
29,23,631,604800
29,23,639,151200
29,23,643,604800
29,23,645,1209600
29,23,647,453600
29,23,655,378000
29,23,659,453600
29,23,671,302400
29,23,673,151200
29,23,685,100800
29,24,524,2721600
29,24,528,8618400
29,24,530,3628800
29,24,532,7711200
29,24,534,10886400
29,24,536,10432800
29,24,538,8164800
29,24,540,16112250
29,24,542,21772800
29,24,544,16153200
29,24,546,22680000
29,24,548,31525200
29,24,550,26308800
29,24,552,35910000
29,24,554,32659200
29,24,556,18900000
29,24,558,19504800
29,24,560,37195200
29,24,562,31752000
29,24,564,20034000
29,24,566,32961600
29,24,568,28879200
29,24,570,28980000
29,24,572,35947800
29,24,574,22906800
29,24,576,30051000
29,24,578,25401600
29,24,580,34095600
29,24,582,24494400
29,24,584,23133600
29,24,586,28425600
29,24,588,20865600
29,24,590,18144000
29,24,592,17236800
29,24,594,9223200
29,24,596,22831200
29,24,598,19882800
29,24,600,8971200
29,24,602,27669600
29,24,604,19769400
29,24,606,5191200
29,24,608,11113200
29,24,610,12247200
29,24,612,11151000
29,24,614,1814400
29,24,616,16027200
29,24,618,9122400
29,24,620,6804000
29,24,622,6048000
29,24,624,8278200
29,24,626,4233600
29,24,628,14137200
29,24,630,5443200
29,24,632,6350400
29,24,634,3729600
29,24,636,2608200
29,24,640,4989600
29,24,644,4082400
29,24,646,907200
29,24,648,10206000
29,24,650,4989600
29,24,652,2721600
29,24,654,831600
29,24,656,5367600
29,24,658,2116800
29,24,660,680400
29,24,662,907200
29,24,664,2268000
29,24,666,1814400
29,24,668,302400
29,24,670,604800
29,24,672,1360800
29,24,674,113400
29,24,676,2268000
29,24,680,1965600
29,24,682,2721600
29,24,684,2721600
29,24,688,604800
29,24,690,75600
29,24,696,302400
29,24,704,907200
29,24,708,151200
29,24,712,1209600
29,24,722,302400
29,24,724,567000
29,24,728,604800
29,24,736,151200
29,24,740,75600
29,24,744,25200
29,24,748,151200
29,24,756,75600
29,25,569,1814400
29,25,571,6350400
29,25,573,7257600
29,25,575,7257600
29,25,577,38102400
29,25,579,25552800
29,25,581,15422400
29,25,583,27216000
29,25,585,42487200
29,25,587,56700000
29,25,589,112946400
29,25,591,73029600
29,25,593,88452000
29,25,595,105386400
29,25,597,87544800
29,25,599,106142400
29,25,601,175543200
29,25,603,93441600
29,25,605,116348400
29,25,607,163371600
29,25,609,169192800
29,25,611,99565200
29,25,613,194140800
29,25,615,105688800
29,25,617,124513200
29,25,619,128973600
29,25,621,137592000
29,25,623,98128800
29,25,625,118238400
29,25,627,101908800
29,25,629,97826400
29,25,631,128368800
29,25,633,134114400
29,25,635,61236000
29,25,637,87318000
29,25,639,62899200
29,25,641,88603200
29,25,643,81799200
29,25,645,71366400
29,25,647,73029600
29,25,649,74844000
29,25,651,58212000
29,25,653,45208800
29,25,655,48716640
29,25,657,56095200
29,25,659,51256800
29,25,661,50652000
29,25,663,42260400
29,25,665,26611200
29,25,667,27367200
29,25,669,31827600
29,25,671,29786400
29,25,673,44452800
29,25,675,32810400
29,25,677,24192000
29,25,679,23587200
29,25,681,17690400
29,25,683,9676800
29,25,685,30996000
29,25,687,19580400
29,25,689,15120000
29,25,691,14061600
29,25,693,9676800
29,25,695,13267800
29,25,697,13154400
29,25,699,9387000
29,25,701,10281600
29,25,703,9072000
29,25,705,8996400
29,25,707,13154400
29,25,709,12096000
29,25,711,7938000
29,25,713,6350400
29,25,715,604800
29,25,717,5367600
29,25,719,4536000
29,25,721,5443200
29,25,723,4536000
29,25,725,4384800
29,25,727,6652800
29,25,729,907200
29,25,731,4536000
29,25,737,2721600
29,25,741,9828000
29,25,747,1965600
29,25,749,2570400
29,25,751,604800
29,25,753,907200
29,25,755,1209600
29,25,757,1663200
29,25,759,453600
29,25,761,907200
29,25,763,907200
29,25,771,957600
29,25,773,453600
29,25,775,453600
29,25,781,907200
29,25,787,1209600
29,25,789,604800
29,25,799,75600
29,25,823,75600
29,25,849,50400
29,26,614,1814400
29,26,616,5443200
29,26,618,27669600
29,26,620,6350400
29,26,622,16556400
29,26,624,38178000
29,26,626,8618400
29,26,628,34473600
29,26,630,79833600
29,26,632,156038400
29,26,634,131997600
29,26,636,127159200
29,26,638,193914000
29,26,640,246758400
29,26,642,258778800
29,26,644,307087200
29,26,646,303685200
29,26,648,210772800
29,26,650,381477600
29,26,652,355622400
29,26,654,281232000
29,26,656,351993600
29,26,658,458287200
29,26,660,299224800
29,26,662,410961600
29,26,664,358344000
29,26,666,445397400
29,26,668,427291200
29,26,670,448308000
29,26,672,385560000
29,26,674,379663200
29,26,676,318427200
29,26,678,347835600
29,26,680,344282400
29,26,682,380230200
29,26,684,354412800
29,26,686,393346800
29,26,688,256208400
29,26,690,324399600
29,26,692,229068000
29,26,694,270874800
29,26,696,232923600
29,26,698,260018640
29,26,700,153014400
29,26,702,221961600
29,26,704,172216800
29,26,706,238946400
29,26,708,129578400
29,26,710,162842400
29,26,712,154677600
29,26,714,193573800
29,26,716,117028800
29,26,718,137289600
29,26,720,123530400
29,26,722,123757200
29,26,724,85579200
29,26,726,111812400
29,26,728,71479800
29,26,730,121564800
29,26,732,92685600
29,26,734,85314600
29,26,736,70156800
29,26,738,54129600
29,26,740,53524800
29,26,742,66452400
29,26,744,34322400
29,26,746,42487200
29,26,748,43848000
29,26,750,60631200
29,26,752,22075200
29,26,754,43318800
29,26,756,47174400
29,26,758,30844800
29,26,760,27669600
29,26,762,21016800
29,26,764,15422400
29,26,766,17665200
29,26,768,19958400
29,26,770,25401600
29,26,772,15422400
29,26,774,23814000
29,26,776,3326400
29,26,778,7030800
29,26,780,9147600
29,26,782,10659600
29,26,784,1814400
29,26,786,10886400
29,26,788,1814400
29,26,790,17690400
29,26,792,1436400
29,26,794,8164800
29,26,796,7257600
29,26,798,3553200
29,26,800,7711200
29,26,802,6048000
29,26,804,1814400
29,26,806,5405400
29,26,808,907200
29,26,810,4536000
29,26,812,907200
29,26,814,3326400
29,26,818,1663200
29,26,820,3628800
29,26,822,3326400
29,26,824,3628800
29,26,826,1360800
29,26,830,1814400
29,26,834,1058400
29,26,838,957600
29,26,842,680400
29,26,846,907200
29,26,854,453600
29,26,864,302400
29,27,663,3628800
29,27,665,23587200
29,27,669,34473600
29,27,673,23133600
29,27,675,29937600
29,27,677,165564000
29,27,679,138826800
29,27,681,141976800
29,27,683,147117600
29,27,685,226346400
29,27,687,245019600
29,27,689,410961600
29,27,691,337932000
29,27,693,356983200
29,27,695,431373600
29,27,697,545227200
29,27,699,518918400
29,27,701,579020400
29,27,703,625665600
29,27,705,637761600
29,27,707,692496000
29,27,709,911736000
29,27,711,653184000
29,27,713,843393600
29,27,715,875750400
29,27,717,967528800
29,27,719,692193600
29,27,721,918086400
29,27,723,813909600
29,27,725,847324800
29,27,727,880588800
29,27,729,977986800
29,27,731,726364800
29,27,733,940464000
29,27,735,778226400
29,27,737,776563200
29,27,739,794404800
29,27,741,823132800
29,27,743,576450000
29,27,745,849441600
29,27,747,672462000
29,27,749,701076600
29,27,751,680551200
29,27,753,678132000
29,27,755,475524000
29,27,757,656510400
29,27,759,455716800
29,27,761,515894400
29,27,763,430617600
29,27,765,485503200
29,27,767,392439600
29,27,769,443016000
29,27,771,401965200
29,27,773,387072000
29,27,775,342165600
29,27,777,337478400
29,27,779,266263200
29,27,781,323265600
29,27,783,246304800
29,27,785,249026400
29,27,787,229294800
29,27,789,254545200
29,27,791,184842000
29,27,793,221054400
29,27,795,197316000
29,27,797,159742800
29,27,799,94348800
29,27,801,114609600
29,27,803,118843200
29,27,805,129729600
29,27,807,108738000
29,27,809,105008400
29,27,811,108864000
29,27,813,92232000
29,27,815,47023200
29,27,817,57456000
29,27,819,70005600
29,27,821,82101600
29,27,823,33415200
29,27,825,60253200
29,27,827,39614400
29,27,829,43092000
29,27,831,43167600
29,27,833,34473600
29,27,835,36288000
29,27,837,42336000
29,27,839,15346800
29,27,841,29181600
29,27,843,23587200
29,27,845,13608000
29,27,847,21470400
29,27,849,25704000
29,27,851,15573600
29,27,853,9072000
29,27,855,6804000
29,27,857,7560000
29,27,859,10886400
29,27,861,8089200
29,27,863,6350400
29,27,865,11793600
29,27,867,3175200
29,27,869,4536000
29,27,871,8542800
29,27,873,3855600
29,27,875,3628800
29,27,877,3175200
29,27,879,5367600
29,27,881,9828000
29,27,883,5443200
29,27,887,3326400
29,27,889,1814400
29,27,891,1663200
29,27,893,2003400
29,27,895,2872800
29,27,897,1713600
29,27,901,982800
29,27,905,1360800
29,27,913,680400
29,27,925,50400
29,27,931,302400
29,27,945,37800
29,28,712,11642400
29,28,716,226800
29,28,720,12984300
29,28,722,10886400
29,28,724,41731200
29,28,726,54432000
29,28,728,46040400
29,28,730,122018400
29,28,732,95256000
29,28,734,147420000
29,28,736,194367600
29,28,738,250387200
29,28,740,214326000
29,28,742,284860800
29,28,744,286675200
29,28,746,354715200
29,28,748,539557200
29,28,750,507124800
29,28,752,585144000
29,28,754,614174400
29,28,756,690001200
29,28,758,685843200
29,28,760,933508800
29,28,762,915364800
29,28,764,1065279600
29,28,766,1017878400
29,28,768,1099904400
29,28,770,1225854000
29,28,772,1208239200
29,28,774,1172707200
29,28,776,1330938000
29,28,778,1352332800
29,28,780,1284444000
29,28,782,1438743600
29,28,784,1491490800
29,28,786,1288866600
29,28,788,1481533200
29,28,790,1517972400
29,28,792,1366394400
29,28,794,1544961600
29,28,796,1495821600
29,28,798,1279908000
29,28,800,1485010800
29,28,802,1358985600
29,28,804,1446076800
29,28,806,1427252400
29,28,808,1311811200
29,28,810,1171044000
29,28,812,1318993200
29,28,814,1100131200
29,28,816,1215950400
29,28,818,1112907600
29,28,820,1110223800
29,28,822,997479000
29,28,824,1067925600
29,28,826,886788000
29,28,828,893894400
29,28,830,799772400
29,28,832,878245200
29,28,834,687506400
29,28,836,752068800
29,28,838,593611200
29,28,840,673444800
29,28,842,568814400
29,28,844,582573600
29,28,846,461311200
29,28,848,494348400
29,28,850,406576800
29,28,852,466527600
29,28,854,393724800
29,28,856,339292800
29,28,858,283651200
29,28,860,351918000
29,28,862,214401600
29,28,864,259761600
29,28,866,222566400
29,28,868,230891850
29,28,870,210621600
29,28,872,227707200
29,28,874,162237600
29,28,876,193284000
29,28,878,144244800
29,28,880,170591400
29,28,882,122925600
29,28,884,140616000
29,28,886,105537600
29,28,888,105386400
29,28,890,94802400
29,28,892,97599600
29,28,894,79783200
29,28,896,63806400
29,28,898,84180600
29,28,900,86788800
29,28,902,48988800
29,28,904,50047200
29,28,906,34876800
29,28,908,47174400
29,28,910,44226000
29,28,912,41580000
29,28,914,24796800
29,28,916,40824000
29,28,918,16329600
29,28,920,23511600
29,28,922,19656000
29,28,924,20790000
29,28,926,6577200
29,28,928,15195600
29,28,930,22982400
29,28,932,23322600
29,28,934,4536000
29,28,936,7560000
29,28,938,6350400
29,28,940,5594400
29,28,942,13759200
29,28,944,3553200
29,28,946,2872800
29,28,948,3024000
29,28,950,1058400
29,28,952,3931200
29,28,954,2116800
29,28,956,3628800
29,28,960,3477600
29,28,962,1814400
29,28,964,2494800
29,28,966,201600
29,28,972,907200
29,28,978,1562400
29,28,984,1360800
29,28,988,226800
29,28,990,302400
29,28,994,151200
29,28,996,75600
29,28,1030,151200
29,28,1038,50400
29,28,1044,25200
29,29,769,453600
29,29,771,7257600
29,29,773,11793600
29,29,775,5443200
29,29,777,7257600
29,29,779,23587200
29,29,781,45813600
29,29,783,48081600
29,29,785,41731200
29,29,787,57153600
29,29,789,71719200
29,29,791,53524800
29,29,793,125193600
29,29,795,178264800
29,29,797,139255200
29,29,799,187336800
29,29,801,302853600
29,29,803,234964800
29,29,805,296654400
29,29,807,362880000
29,29,809,427593600
29,29,811,473104800
29,29,813,649252800
29,29,815,482857200
29,29,817,777016800
29,29,819,638177400
29,29,821,980229600
29,29,823,838555200
29,29,825,991872000
29,29,827,922622400
29,29,829,1241352000
29,29,831,1018029600
29,29,833,1272801600
29,29,835,1374408000
29,29,837,1613455200
29,29,839,1476241200
29,29,841,1722319200
29,29,843,1667131200
29,29,845,1807142400
29,29,847,1662141600
29,29,849,1854468000
29,29,851,1739556000
29,29,853,2178640800
29,29,855,1682024400
29,29,857,2212660800
29,29,859,1863388800
29,29,861,2067206400
29,29,863,1889470800
29,29,865,2006726400
29,29,867,1856962800
29,29,869,2028196800
29,29,871,1887278400
29,29,873,1888639200
29,29,875,1767679200
29,29,877,1815307200
29,29,879,1587751200
29,29,881,1841162400
29,29,883,1845358200
29,29,885,1633716000
29,29,887,1496426400
29,29,889,1570060800
29,29,891,1384916400
29,29,893,1473897600
29,29,895,1279454400
29,29,897,1173765600
29,29,899,1079114400
29,29,901,1227441600
29,29,903,931845600
29,29,905,1185256800
29,29,907,911887200
29,29,909,848836800
29,29,911,827517600
29,29,913,814212000
29,29,915,636703200
29,29,917,706406400
29,29,919,664599600
29,29,921,578491200
29,29,923,619617600
29,29,925,558306000
29,29,927,470458800
29,29,929,494424000
29,29,931,412927200
29,29,933,398260800
29,29,935,360763200
29,29,937,362124000
29,29,939,280854000
29,29,941,306860400
29,29,943,266716800
29,29,945,278359200
29,29,947,273672000
29,29,949,249782400
29,29,951,181062000
29,29,953,211528800
29,29,955,191268000
29,29,957,148969800
29,29,959,117482400
29,29,961,174862800
29,29,963,121867200
29,29,965,121867200
29,29,967,99489600
29,29,969,104932800
29,29,971,105613200
29,29,973,69098400
29,29,975,80589600
29,29,977,78170400
29,29,979,66981600
29,29,981,66830400
29,29,983,46267200
29,29,985,23587200
29,29,987,40446000
29,29,989,30693600
29,29,991,30844800
29,29,993,19353600
29,29,995,25250400
29,29,997,19731600
29,29,999,18597600
29,29,1001,7711200
29,29,1003,11491200
29,29,1005,3326400
29,29,1007,17841600
29,29,1009,4989600
29,29,1011,6199200
29,29,1013,4838400
29,29,1015,4939200
29,29,1017,2192400
29,29,1019,2721600
29,29,1021,5896800
29,29,1023,2721600
29,29,1025,453600
29,29,1027,3780000
29,29,1029,4687200
29,29,1031,6652800
29,29,1033,1852200
29,29,1035,453600
29,29,1037,302400
29,29,1039,3250800
29,29,1041,982800
29,29,1043,907200
29,29,1045,907200
29,29,1047,151200
29,29,1053,302400
29,29,1057,226800
29,29,1107,37800
29,30,818,453600
29,30,822,340200
29,30,824,907200
29,30,826,4082400
29,30,830,2721600
29,30,832,4082400
29,30,836,5443200
29,30,838,907200
29,30,840,11793600
29,30,842,27216000
29,30,844,12700800
29,30,846,27216000
29,30,848,29332800
29,30,850,41958000
29,30,852,64411200
29,30,854,72349200
29,30,856,49291200
29,30,858,95709600
29,30,860,118389600
29,30,862,147987000
29,30,864,156189600
29,30,866,257644800
29,30,868,175089600
29,30,870,223549200
29,30,872,176677200
29,30,874,345340800
29,30,876,384955200
29,30,878,437724000
29,30,880,378302400
29,30,882,523908000
29,30,884,616933800
29,30,886,674352000
29,30,888,685238400
29,30,890,765223200
29,30,892,848836800
29,30,894,1012737600
29,30,896,1098392400
29,30,898,1087279200
29,30,900,1167067440
29,30,902,1273028400
29,30,904,1222905600
29,30,906,1509278400
29,30,908,1554562800
29,30,910,1621166400
29,30,912,1570401000
29,30,914,1672385400
29,30,916,1778414400
29,30,918,1743865200
29,30,920,1961971200
29,30,922,2051292600
29,30,924,2020788000
29,30,926,2194932600
29,30,928,1765260000
29,30,930,2354335200
29,30,932,2169342000
29,30,934,2373386400
29,30,936,2107274400
29,30,938,2264144400
29,30,940,2162084400
29,30,942,2139253200
29,30,944,2037722400
29,30,946,2022148800
29,30,948,1967112000
29,30,950,2240375760
29,30,952,1805025600
29,30,954,2037457800
29,30,956,1803967200
29,30,958,1852729200
29,30,960,1674540000
29,30,962,1789603200
29,30,964,1531756800
29,30,966,1713474000
29,30,968,1399053600
29,30,970,1485729000
29,30,972,1339027200
29,30,974,1411943400
29,30,976,1249819200
29,30,978,1283385600
29,30,980,1145869200
29,30,982,1172631600
29,30,984,969192000
29,30,986,887695200
29,30,988,894650400
29,30,990,891891000
29,30,992,823813200
29,30,994,776714400
29,30,996,786088800
29,30,998,686448000
29,30,1000,639198000
29,30,1002,633150000
29,30,1004,555508800
29,30,1006,556794000
29,30,1008,456321600
29,30,1010,443923200
29,30,1012,425174400
29,30,1014,445737600
29,30,1016,309808800
29,30,1018,357663600
29,30,1020,261727200
29,30,1022,332110800
29,30,1024,273369600
29,30,1026,248724000
29,30,1028,197542800
29,30,1030,245851200
29,30,1032,162086400
29,30,1034,156038400
29,30,1036,104050800
29,30,1038,174031200
29,30,1040,145832400
29,30,1042,96314400
29,30,1044,112946400
29,30,1046,85730400
29,30,1048,95860800
29,30,1050,80136000
29,30,1052,55566000
29,30,1054,42487200
29,30,1056,48535200
29,30,1058,46569600
29,30,1060,33919200
29,30,1062,54583200
29,30,1064,29332800
29,30,1066,11642400
29,30,1068,16783200
29,30,1070,16632000
29,30,1072,28425600
29,30,1074,6577200
29,30,1076,8769600
29,30,1078,4309200
29,30,1080,7862400
29,30,1082,14666400
29,30,1084,907200
29,30,1086,5594400
29,30,1088,2268000
29,30,1090,5367600
29,30,1092,1663200
29,30,1094,7182000
29,30,1096,1209600
29,30,1098,2872800
29,30,1100,604800
29,30,1102,1965600
29,30,1104,2721600
29,30,1106,3780000
29,30,1108,252000
29,30,1110,2494800
29,30,1114,1663200
29,30,1116,907200
29,30,1120,151200
29,30,1122,453600
29,30,1128,302400
29,30,1132,604800
29,30,1138,201600
29,31,885,151200
29,31,889,907200
29,31,893,2721600
29,31,895,1814400
29,31,897,8164800
29,31,901,2721600
29,31,903,1814400
29,31,905,5443200
29,31,907,9979200
29,31,909,5896800
29,31,911,10886400
29,31,913,22982400
29,31,915,23587200
29,31,917,28576800
29,31,919,21999600
29,31,921,28123200
29,31,923,29030400
29,31,925,67132800
29,31,927,61992000
29,31,929,61084800
29,31,931,64864800
29,31,933,92988000
29,31,935,148780800
29,31,937,183859200
29,31,939,170100000
29,31,941,189831600
29,31,943,248890320
29,31,945,224834400
29,31,947,269589600
29,31,949,279795600
29,31,951,422755200
29,31,953,381250800
29,31,955,462218400
29,31,957,427215600
29,31,959,487317600
29,31,961,575845200
29,31,963,620827200
29,31,965,581515200
29,31,967,772405200
29,31,969,904743000
29,31,971,842788800
29,31,973,1075485600
29,31,975,908031600
29,31,977,1035115200
29,31,979,1124323200
29,31,981,1357927200
29,31,983,1299715200
29,31,985,1537099200
29,31,987,1299715200
29,31,989,1673557200
29,31,991,1518577200
29,31,993,1729123200
29,31,995,1421431200
29,31,997,1931844600
29,31,999,1677261600
29,31,1001,2061309600
29,31,1003,1682689680
29,31,1005,2034547200
29,31,1007,1954713600
29,31,1009,2103645600
29,31,1011,1767679200
29,31,1013,2121865200
29,31,1015,1920844800
29,31,1017,2199657600
29,31,1019,2050120800
29,31,1021,2122318800
29,31,1023,1937325600
29,31,1025,2045736000
29,31,1027,1827630000
29,31,1029,2049667200
29,31,1031,1822564800
29,31,1033,1902171600
29,31,1035,1692154800
29,31,1037,1954260000
29,31,1039,1842674400
29,31,1041,1762614000
29,31,1043,1643317200
29,31,1045,1635228000
29,31,1047,1217991600
29,31,1049,1461990600
29,31,1051,1351425600
29,31,1053,1540879200
29,31,1055,1316649600
29,31,1057,1285502400
29,31,1059,1049580000
29,31,1061,1150329600
29,31,1063,961329600
29,31,1065,1002229200
29,31,1067,942807600
29,31,1069,961480800
29,31,1071,734000400
29,31,1073,897447600
29,31,1075,614665800
29,31,1077,709808400
29,31,1079,628689600
29,31,1081,596534400
29,31,1083,418824000
29,31,1085,626421600
29,31,1087,322509600
29,31,1089,452239200
29,31,1091,350330400
29,31,1093,409298400
29,31,1095,267926400
29,31,1097,312152400
29,31,1099,225741600
29,31,1101,240042600
29,31,1103,207597600
29,31,1105,201776400
29,31,1107,136382400
29,31,1109,218181600
29,31,1111,154148400
29,31,1113,137440800
29,31,1115,159364800
29,31,1117,151048800
29,31,1119,70383600
29,31,1121,94008600
29,31,1123,72273600
29,31,1125,62294400
29,31,1127,53978400
29,31,1129,71517600
29,31,1131,26208000
29,31,1133,39690000
29,31,1135,36136800
29,31,1137,30844800
29,31,1139,26308800
29,31,1141,20865600
29,31,1143,19051200
29,31,1145,15120000
29,31,1147,15498000
29,31,1149,13003200
29,31,1151,4989600
29,31,1153,11188800
29,31,1155,4384800
29,31,1157,14666400
29,31,1159,1814400
29,31,1161,10092600
29,31,1163,907200
29,31,1165,1814400
29,31,1167,7358400
29,31,1169,1360800
29,31,1171,5745600
29,31,1173,2721600
29,31,1177,907200
29,31,1179,2419200
29,31,1183,1814400
29,31,1185,1814400
29,31,1191,2167200
29,31,1195,907200
29,31,1197,1814400
29,31,1209,982800
29,31,1245,126000
29,32,954,151200
29,32,956,907200
29,32,958,3628800
29,32,960,352800
29,32,962,1814400
29,32,964,453600
29,32,966,1814400
29,32,968,1134000
29,32,970,2721600
29,32,972,4989600
29,32,974,1814400
29,32,976,1890000
29,32,978,5745600
29,32,980,11793600
29,32,982,7560000
29,32,984,16934400
29,32,986,2721600
29,32,988,7408800
29,32,990,19958400
29,32,992,17010000
29,32,994,23436000
29,32,996,21117600
29,32,998,39009600
29,32,1000,24040800
29,32,1002,58968000
29,32,1004,53071200
29,32,1006,71971200
29,32,1008,71820000
29,32,1010,71668800
29,32,1012,96087600
29,32,1014,117028800
29,32,1016,145756800
29,32,1018,119750400
29,32,1020,158967900
29,32,1022,172594800
29,32,1024,244717200
29,32,1026,278510400
29,32,1028,287128800
29,32,1030,278208000
29,32,1032,382460400
29,32,1034,382838400
29,32,1036,334945800
29,32,1038,434926800
29,32,1040,468871200
29,32,1042,469929600
29,32,1044,641466000
29,32,1046,540237600
29,32,1048,594972000
29,32,1050,650235600
29,32,1052,734076000
29,32,1054,692344800
29,32,1056,1018936800
29,32,1058,843696000
29,32,1060,911509200
29,32,1062,1035493200
29,32,1064,1203098400
29,32,1066,1039348800
29,32,1068,1297674000
29,32,1070,1229256000
29,32,1072,1235908800
29,32,1074,1241805600
29,32,1076,1531920600
29,32,1078,1406160000
29,32,1080,1656774000
29,32,1082,1511244000
29,32,1084,1510866000
29,32,1086,1669852800
29,32,1088,1786276800
29,32,1090,1647928800
29,32,1092,1910941200
29,32,1094,1714910400
29,32,1096,1790056800
29,32,1098,1774332000
29,32,1100,1815307200
29,32,1102,1672196400
29,32,1104,1869436800
29,32,1106,1648533600
29,32,1108,1779374520
29,32,1110,1845320400
29,32,1112,1742806800
29,32,1114,1621393200
29,32,1116,1639234800
29,32,1118,1507993200
29,32,1120,1520391600
29,32,1122,1604799000
29,32,1124,1432544400
29,32,1126,1364428800
29,32,1128,1481230800
29,32,1130,1113285600
29,32,1132,1331845200
29,32,1134,1231826400
29,32,1136,1223359200
29,32,1138,965034000
29,32,1140,1067850000
29,32,1142,939859200
29,32,1144,889282800
29,32,1146,772934400
29,32,1148,943034400
29,32,1150,650046600
29,32,1152,787959900
29,32,1154,512946000
29,32,1156,631827000
29,32,1158,465582600
29,32,1160,524134800
29,32,1162,427744800
29,32,1164,391608000
29,32,1166,301039200
29,32,1168,374371200
29,32,1170,255150000
29,32,1172,320695200
29,32,1174,281383200
29,32,1176,268304400
29,32,1178,185824800
29,32,1180,208504800
29,32,1182,164052000
29,32,1184,193158000
29,32,1186,123379200
29,32,1188,139633200
29,32,1190,118994400
29,32,1192,163296000
29,32,1194,98128800
29,32,1196,101001600
29,32,1198,39009600
29,32,1200,92232000
29,32,1202,39916800
29,32,1204,60102000
29,32,1206,50349600
29,32,1208,45511200
29,32,1210,25704000
29,32,1212,20034000
29,32,1214,17388000
29,32,1216,28148400
29,32,1218,14364000
29,32,1220,23965200
29,32,1222,11340000
29,32,1224,19561500
29,32,1226,14515200
29,32,1228,18597600
29,32,1230,17388000
29,32,1232,6879600
29,32,1234,5896800
29,32,1236,5191200
29,32,1238,9828000
29,32,1240,1902600
29,32,1242,2419200
29,32,1244,1209600
29,32,1246,1814400
29,32,1248,982800
29,32,1250,1360800
29,32,1254,302400
29,32,1258,2721600
29,32,1262,1814400
29,32,1266,453600
29,32,1270,1814400
29,32,1278,151200
29,32,1282,907200
29,32,1288,1260
29,32,1290,302400
29,32,1296,75600
29,33,1021,1209600
29,33,1029,453600
29,33,1035,1814400
29,33,1039,2116800
29,33,1041,226800
29,33,1043,1814400
29,33,1045,1814400
29,33,1049,907200
29,33,1051,1209600
29,33,1053,8164800
29,33,1055,907200
29,33,1057,4233600
29,33,1059,5443200
29,33,1061,7257600
29,33,1063,3855600
29,33,1065,7560000
29,33,1067,4536000
29,33,1069,11869200
29,33,1071,5670000
29,33,1073,8164800
29,33,1075,11944800
29,33,1077,26762400
29,33,1079,12927600
29,33,1081,39463200
29,33,1083,28123200
29,33,1085,39765600
29,33,1087,45360000
29,33,1089,66754800
29,33,1091,46267200
29,33,1093,73483200
29,33,1095,47325600
29,33,1097,104781600
29,33,1099,81648000
29,33,1101,162086400
29,33,1103,95256000
29,33,1105,158306400
29,33,1107,116121600
29,33,1109,206539200
29,33,1111,177622200
29,33,1113,285087600
29,33,1115,230806800
29,33,1117,380872800
29,33,1119,267548400
29,33,1121,413380800
29,33,1123,298015200
29,33,1125,414212400
29,33,1127,364845600
29,33,1129,587412000
29,33,1131,512341200
29,33,1133,615535200
29,33,1135,492760800
29,33,1137,704365200
29,33,1139,587638800
29,33,1141,704138400
29,33,1143,757209600
29,33,1145,847627200
29,33,1147,689169600
29,33,1149,919144800
29,33,1151,921715200
29,33,1153,1073671200
29,33,1155,915591600
29,33,1157,1070647200
29,33,1159,963748800
29,33,1161,1323756000
29,33,1163,1021960800
29,33,1165,1227794400
29,33,1167,1202342400
29,33,1169,1486900800
29,33,1171,1228953600
29,33,1173,1594404000
29,33,1175,1228046400
29,33,1177,1508270400
29,33,1179,1306141200
29,33,1181,1544886000
29,33,1183,1247853600
29,33,1185,1437156000
29,33,1187,1303646400
29,33,1189,1490328000
29,33,1191,1185710400
29,33,1193,1500584400
29,33,1195,1150329600
29,33,1197,1498770000
29,33,1199,1089320400
29,33,1201,1363370400
29,33,1203,1114797600
29,33,1205,1275334200
29,33,1207,1057341600
29,33,1209,1186920000
29,33,1211,965487600
29,33,1213,1013342400
29,33,1215,852049800
29,33,1217,1019617200
29,33,1219,798789600
29,33,1221,766735200
29,33,1223,716688000
29,33,1225,831033000
29,33,1227,602456400
29,33,1229,631033200
29,33,1231,569041200
29,33,1233,520884000
29,33,1235,421696800
29,33,1237,492458400
29,33,1239,412927200
29,33,1241,374976000
29,33,1243,376941600
29,33,1245,316159200
29,33,1247,268077600
29,33,1249,271101600
29,33,1251,202532400
29,33,1253,222717600
29,33,1255,200188800
29,33,1257,191116800
29,33,1259,131695200
29,33,1261,174787200
29,33,1263,127915200
29,33,1265,115516800
29,33,1267,127537200
29,33,1269,97902000
29,33,1271,93895200
29,33,1273,79783200
29,33,1275,85579200
29,33,1277,52768800
29,33,1279,52920000
29,33,1281,53071200
29,33,1283,57607200
29,33,1285,23965200
29,33,1287,41580000
29,33,1289,21319200
29,33,1291,29736000
29,33,1293,34020000
29,33,1295,13003200
29,33,1297,21949200
29,33,1299,19958400
29,33,1301,13456800
29,33,1303,9928800
29,33,1305,5670000
29,33,1307,6350400
29,33,1309,2116800
29,33,1311,14288400
29,33,1313,453600
29,33,1315,1814400
29,33,1317,1890000
29,33,1319,2494800
29,33,1321,453600
29,33,1323,1134000
29,33,1325,1360800
29,33,1327,1209600
29,33,1331,151200
29,33,1333,756000
29,33,1339,2759400
29,33,1345,1360800
29,33,1351,302400
29,33,1363,453600
29,33,1369,75600
29,34,1066,25200
29,34,1098,302400
29,34,1100,453600
29,34,1112,907200
29,34,1118,907200
29,34,1120,302400
29,34,1122,1814400
29,34,1124,1360800
29,34,1126,2041200
29,34,1128,302400
29,34,1130,1814400
29,34,1132,1814400
29,34,1134,6652800
29,34,1138,3024000
29,34,1140,1814400
29,34,1142,3175200
29,34,1144,1814400
29,34,1146,11037600
29,34,1148,4082400
29,34,1150,2268000
29,34,1152,2268000
29,34,1154,6350400
29,34,1156,3175200
29,34,1158,12700800
29,34,1160,12322800
29,34,1162,12096000
29,34,1164,16934400
29,34,1166,29710800
29,34,1168,18597600
29,34,1170,22528800
29,34,1172,12549600
29,34,1174,30164400
29,34,1176,43885800
29,34,1178,51408000
29,34,1180,49140000
29,34,1182,75146400
29,34,1184,55792800
29,34,1186,86637600
29,34,1188,66074400
29,34,1190,103042800
29,34,1192,112190400
29,34,1194,159969600
29,34,1196,124891200
29,34,1198,154828800
29,34,1200,160952400
29,34,1202,204573600
29,34,1204,196560000
29,34,1206,308523600
29,34,1208,195652800
29,34,1210,332507700
29,34,1212,311774400
29,34,1214,354715200
29,34,1216,275486400
29,34,1218,471139200
29,34,1220,377395200
29,34,1222,487771200
29,34,1224,400226400
29,34,1226,531468000
29,34,1228,440168400
29,34,1230,587865600
29,34,1232,558986400
29,34,1234,713512800
29,34,1236,650840400
29,34,1238,682970400
29,34,1240,679442400
29,34,1242,855640800
29,34,1244,724399200
29,34,1246,771220800
29,34,1248,809902800
29,34,1250,895255200
29,34,1252,905587200
29,34,1254,1002267000
29,34,1256,906670800
29,34,1258,904705200
29,34,1260,879681600
29,34,1262,953467200
29,34,1264,987789600
29,34,1266,1097258400
29,34,1268,871063200
29,34,1270,1000225800
29,34,1272,941068800
29,34,1274,974257200
29,34,1276,969683400
29,34,1278,1039500000
29,34,1280,937666800
29,34,1282,833414400
29,34,1284,1028008800
29,34,1286,751388400
29,34,1288,811490400
29,34,1290,892533600
29,34,1292,754412400
29,34,1294,735814800
29,34,1296,760006800
29,34,1298,565110000
29,34,1300,550519200
29,34,1302,681685200
29,34,1304,515894400
29,34,1306,542959200
29,34,1308,619012800
29,34,1310,422377200
29,34,1312,418370400
29,34,1314,452163600
29,34,1316,348364800
29,34,1318,366168600
29,34,1320,387727200
29,34,1322,295822800
29,34,1324,286675200
29,34,1326,262747800
29,34,1328,129880800
29,34,1330,215686800
29,34,1332,224380800
29,34,1334,127234800
29,34,1336,155131200
29,34,1338,183556800
29,34,1340,109771200
29,34,1342,109242000
29,34,1344,94046400
29,34,1346,62294400
29,34,1348,101530800
29,34,1350,72349200
29,34,1352,68644800
29,34,1354,54129600
29,34,1356,67435200
29,34,1358,46645200
29,34,1360,42033600
29,34,1362,20109600
29,34,1364,31147200
29,34,1366,11642400
29,34,1368,33415200
29,34,1370,4006800
29,34,1372,27820800
29,34,1374,9828000
29,34,1376,13608000
29,34,1378,3931200
29,34,1380,5745600
29,34,1382,1360800
29,34,1384,15120000
29,34,1386,8505000
29,34,1388,6350400
29,34,1390,5443200
29,34,1392,403200
29,34,1394,2116800
29,34,1396,756000
29,34,1398,2872800
29,34,1402,2721600
29,34,1404,3402000
29,34,1406,1587600
29,34,1408,1134000
29,34,1412,907200
29,34,1420,604800
29,34,1422,705600
29,34,1428,453600
29,34,1432,907200
29,34,1436,453600
29,34,1476,12600
29,35,1197,1209600
29,35,1203,302400
29,35,1207,2872800
29,35,1209,302400
29,35,1213,3628800
29,35,1215,3024000
29,35,1219,453600
29,35,1221,1058400
29,35,1225,907200
29,35,1227,2772000
29,35,1231,604800
29,35,1233,1814400
29,35,1235,1814400
29,35,1237,2268000
29,35,1239,5853600
29,35,1241,2419200
29,35,1243,7257600
29,35,1245,2872800
29,35,1247,12247200
29,35,1249,22226400
29,35,1251,3024000
29,35,1253,1814400
29,35,1255,36333360
29,35,1257,17539200
29,35,1259,17690400
29,35,1261,28576800
29,35,1263,25628400
29,35,1265,24343200
29,35,1267,40975200
29,35,1269,27518400
29,35,1271,36741600
29,35,1273,65167200
29,35,1275,37648800
29,35,1277,54734400
29,35,1279,80740800
29,35,1281,59875200
29,35,1283,69400800
29,35,1285,103572000
29,35,1287,118994400
29,35,1289,90946800
29,35,1291,139482000
29,35,1293,114685200
29,35,1295,161708400
29,35,1297,199281600
29,35,1299,169192800
29,35,1301,182347200
29,35,1303,263692800
29,35,1305,251536320
29,35,1307,239425200
29,35,1309,294462000
29,35,1311,278888400
29,35,1313,346399200
29,35,1315,370742400
29,35,1317,343224000
29,35,1319,391834800
29,35,1321,448459200
29,35,1323,380268000
29,35,1325,458740800
29,35,1327,565639200
29,35,1329,482630400
29,35,1331,528292800
29,35,1333,636703200
29,35,1335,450878400
29,35,1337,503420400
29,35,1339,576450000
29,35,1341,522093600
29,35,1343,499640400
29,35,1345,749498400
29,35,1347,535399200
29,35,1349,723794400
29,35,1351,613418400
29,35,1353,570578400
29,35,1355,583329600
29,35,1357,728179200
29,35,1359,444452400
29,35,1361,672991200
29,35,1363,654091200
29,35,1365,565790400
29,35,1367,522849600
29,35,1369,689018400
29,35,1371,484596000
29,35,1373,615535200
29,35,1375,491853600
29,35,1377,480816000
29,35,1379,509241600
29,35,1381,536684400
29,35,1383,328255200
29,35,1385,430277400
29,35,1387,343526400
29,35,1389,397656000
29,35,1391,342921600
29,35,1393,397656000
29,35,1395,299376000
29,35,1397,343828800
29,35,1399,273672000
29,35,1401,280476000
29,35,1403,240408000
29,35,1405,236174400
29,35,1407,189151200
29,35,1409,153808200
29,35,1411,144018000
29,35,1413,185824800
29,35,1415,141674400
29,35,1417,108486000
29,35,1419,105310800
29,35,1421,91627200
29,35,1423,55641600
29,35,1425,70686000
29,35,1427,74768400
29,35,1429,40370400
29,35,1431,58212000
29,35,1433,31298400
29,35,1435,24948000
29,35,1437,31752000
29,35,1439,26913600
29,35,1441,9601200
29,35,1443,18446400
29,35,1445,26308800
29,35,1447,3326400
29,35,1449,16178400
29,35,1451,16027200
29,35,1453,3477600
29,35,1455,10281600
29,35,1457,7257600
29,35,1459,4687200
29,35,1461,6350400
29,35,1463,6804000
29,35,1465,1814400
29,35,1467,16329600
29,35,1469,5292000
29,35,1471,5745600
29,35,1473,1512000
29,35,1475,7711200
29,35,1477,1814400
29,35,1479,10432800
29,35,1481,604800
29,35,1483,4082400
29,35,1485,2268000
29,35,1487,1814400
29,35,1491,1890000
29,35,1495,453600
29,35,1509,1058400
29,36,1282,907200
29,36,1290,302400
29,36,1294,529200
29,36,1296,907200
29,36,1300,1512000
29,36,1302,2268000
29,36,1304,453600
29,36,1306,907200
29,36,1310,2041200
29,36,1312,151200
29,36,1314,907200
29,36,1316,1360800
29,36,1322,453600
29,36,1324,907200
29,36,1328,3931200
29,36,1330,2268000
29,36,1332,10130400
29,36,1334,13154400
29,36,1336,5896800
29,36,1338,10281600
29,36,1340,4082400
29,36,1342,1814400
29,36,1344,5518800
29,36,1346,24948000
29,36,1348,29937600
29,36,1350,17917200
29,36,1352,8391600
29,36,1354,9072000
29,36,1356,25099200
29,36,1358,13154400
29,36,1360,15195600
29,36,1362,51786000
29,36,1364,67662000
29,36,1366,21168000
29,36,1368,29890350
29,36,1370,30844800
29,36,1372,37800000
29,36,1374,65620800
29,36,1376,50179500
29,36,1378,39841200
29,36,1380,87507000
29,36,1382,60328800
29,36,1384,86486400
29,36,1386,71668800
29,36,1388,100472400
29,36,1390,110073600
29,36,1392,134794800
29,36,1394,137138400
29,36,1396,131695200
29,36,1398,152575920
29,36,1400,193006800
29,36,1402,156114000
29,36,1404,205480800
29,36,1406,203061600
29,36,1408,233528400
29,36,1410,196484400
29,36,1412,310716000
29,36,1414,199206000
29,36,1416,319032000
29,36,1418,272991600
29,36,1420,309657600
29,36,1422,289585800
29,36,1424,336420000
29,36,1426,248119200
29,36,1428,345227400
29,36,1430,307011600
29,36,1432,383140800
29,36,1434,333320400
29,36,1436,404838000
29,36,1438,283500000
29,36,1440,453392100
29,36,1442,285012000
29,36,1444,324626400
29,36,1446,361216800
29,36,1448,360990000
29,36,1450,261500400
29,36,1452,442184400
29,36,1454,247665600
29,36,1456,392767200
29,36,1458,239047200
29,36,1460,334000800
29,36,1462,288640800
29,36,1464,371725200
29,36,1466,213040800
29,36,1468,274352400
29,36,1470,289850400
29,36,1472,233150400
29,36,1474,256435200
29,36,1476,336495600
29,36,1478,153770400
29,36,1480,230743800
29,36,1482,187034400
29,36,1484,155131200
29,36,1486,111888000
29,36,1488,233717400
29,36,1490,101152800
29,36,1492,118843200
29,36,1494,128709000
29,36,1496,92307600
29,36,1498,87847200
29,36,1500,84369600
29,36,1502,65167200
29,36,1504,42638400
29,36,1506,68493600
29,36,1508,49366800
29,36,1510,21420000
29,36,1512,70459200
29,36,1514,14515200
29,36,1516,35985600
29,36,1518,16632000
29,36,1520,26535600
29,36,1522,18144000
29,36,1524,26308800
29,36,1526,13910400
29,36,1528,15422400
29,36,1530,13910400
29,36,1532,21924000
29,36,1534,9991800
29,36,1536,5065200
29,36,1538,11944800
29,36,1540,7560000
29,36,1542,10130400
29,36,1544,3628800
29,36,1546,2419200
29,36,1548,453600
29,36,1550,7106400
29,36,1552,907200
29,36,1556,340200
29,36,1558,3628800
29,36,1564,907200
29,36,1566,907200
29,36,1572,37800
29,36,1574,2268000
29,36,1582,504000
29,36,1588,756000
29,37,1369,100800
29,37,1373,453600
29,37,1377,1209600
29,37,1385,453600
29,37,1389,907200
29,37,1393,304920
29,37,1395,1058400
29,37,1399,453600
29,37,1409,453600
29,37,1413,2721600
29,37,1419,3061800
29,37,1421,1814400
29,37,1423,453600
29,37,1425,5896800
29,37,1427,16329600
29,37,1429,3175200
29,37,1431,1209600
29,37,1433,2116800
29,37,1437,4989600
29,37,1439,16632000
29,37,1441,9223200
29,37,1443,12247200
29,37,1445,16329600
29,37,1447,1360800
29,37,1449,16329600
29,37,1451,907200
29,37,1453,12814200
29,37,1455,35380800
29,37,1457,20034000
29,37,1459,29446200
29,37,1461,37195200
29,37,1463,42638400
29,37,1465,8769600
29,37,1467,14817600
29,37,1469,39463200
29,37,1471,50047200
29,37,1473,78926400
29,37,1475,24040800
29,37,1477,50954400
29,37,1479,57229200
29,37,1481,59724000
29,37,1483,39538800
29,37,1485,83878200
29,37,1487,86788800
29,37,1489,115441200
29,37,1491,124059600
29,37,1493,95709600
29,37,1495,78976800
29,37,1497,134719200
29,37,1499,70912800
29,37,1501,129502800
29,37,1503,129124800
29,37,1505,174938400
29,37,1507,101077200
29,37,1509,164997000
29,37,1511,104328000
29,37,1513,190285200
29,37,1515,159364800
29,37,1517,179550000
29,37,1519,119296800
29,37,1521,239198400
29,37,1523,177660000
29,37,1525,188697600
29,37,1527,158835600
29,37,1529,204951600
29,37,1531,113400000
29,37,1533,231676200
29,37,1535,121413600
29,37,1537,194518800
29,37,1539,255225600
29,37,1541,164656800
29,37,1543,127612800
29,37,1545,229521600
29,37,1547,137592000
29,37,1549,182347200
29,37,1551,130107600
29,37,1553,156945600
29,37,1555,154224000
29,37,1557,173804400
29,37,1559,102664800
29,37,1561,165261600
29,37,1563,124619040
29,37,1565,117028800
29,37,1567,87544800
29,37,1569,115214400
29,37,1571,75902400
29,37,1573,86486400
29,37,1575,105688800
29,37,1577,69249600
29,37,1579,73710000
29,37,1581,70308000
29,37,1583,42638400
29,37,1585,82404000
29,37,1587,53033400
29,37,1589,43243200
29,37,1591,35380800
29,37,1593,40597200
29,37,1595,21470400
29,37,1597,35229600
29,37,1599,25477200
29,37,1601,34020000
29,37,1603,18446400
29,37,1605,34561800
29,37,1607,1058400
29,37,1609,15800400
29,37,1611,4536000
29,37,1613,9676800
29,37,1615,8013600
29,37,1617,7938000
29,37,1621,6652800
29,37,1623,7892640
29,37,1625,1814400
29,37,1627,3175200
29,37,1629,7711200
29,37,1633,1058400
29,37,1635,3628800
29,37,1637,1512000
29,37,1639,1663200
29,37,1641,390600
29,37,1645,1814400
29,37,1647,302400
29,37,1653,1209600
29,37,1659,2368800
29,37,1665,37800
29,37,1713,5040
29,38,1452,302400
29,38,1464,75600
29,38,1468,453600
29,38,1482,151200
29,38,1488,151200
29,38,1492,226800
29,38,1494,12600
29,38,1506,151200
29,38,1508,907200
29,38,1512,1814400
29,38,1514,113400
29,38,1518,453600
29,38,1520,453600
29,38,1524,2116800
29,38,1528,907200
29,38,1530,4233600
29,38,1532,907200
29,38,1534,9525600
29,38,1536,1512000
29,38,1538,8845200
29,38,1540,982800
29,38,1542,16329600
29,38,1544,2079000
29,38,1546,23133600
29,38,1548,5216400
29,38,1552,2268000
29,38,1554,5443200
29,38,1556,50387400
29,38,1558,44452800
29,38,1560,13608000
29,38,1562,14968800
29,38,1564,47930400
29,38,1566,15472800
29,38,1568,20865600
29,38,1570,46418400
29,38,1572,57153600
29,38,1574,36817200
29,38,1576,54658800
29,38,1578,42184800
29,38,1580,20563200
29,38,1582,35154000
29,38,1584,46720800
29,38,1586,46116000
29,38,1588,64638000
29,38,1590,69022800
29,38,1592,55263600
29,38,1594,46078200
29,38,1596,98884800
29,38,1598,73029600
29,38,1600,38631600
29,38,1602,79682400
29,38,1604,88754400
29,38,1606,62559000
29,38,1608,89056800
29,38,1610,83160000
29,38,1612,72424800
29,38,1614,87847200
29,38,1616,76809600
29,38,1618,66528000
29,38,1620,99338400
29,38,1622,106482600
29,38,1624,80060400
29,38,1626,91778400
29,38,1628,99338400
29,38,1630,85881600
29,38,1632,62294400
29,38,1634,101908800
29,38,1636,81874800
29,38,1638,90115200
29,38,1640,87544800
29,38,1642,63749700
29,38,1644,68600700
29,38,1646,93517200
29,38,1648,72576000
29,38,1650,76507200
29,38,1652,50652000
29,38,1654,43167600
29,38,1656,66074400
29,38,1658,56775600
29,38,1660,69778800
29,38,1662,38398500
29,38,1664,56246400
29,38,1666,35380800
29,38,1668,31298400
29,38,1670,30466800
29,38,1672,32961600
29,38,1674,36968400
29,38,1676,43167600
29,38,1678,15120000
29,38,1680,33037200
29,38,1682,27896400
29,38,1684,17236800
29,38,1686,14061600
29,38,1688,13986000
29,38,1690,7484400
29,38,1692,16027200
29,38,1694,9223200
29,38,1696,5745600
29,38,1698,12681900
29,38,1700,1814400
29,38,1702,2419200
29,38,1704,1285200
29,38,1706,6955200
29,38,1708,2948400
29,38,1710,3628800
29,38,1714,907200
29,38,1716,4536000
29,38,1724,907200
29,38,1728,151200
29,38,1730,226800
29,38,1738,226800
29,38,1746,75600
29,38,1752,113400
29,38,1764,226800
29,38,1766,453600
29,38,1768,75600
29,39,1567,151200
29,39,1587,75600
29,39,1607,604800
29,39,1611,151200
29,39,1617,176400
29,39,1623,604800
29,39,1629,4082400
29,39,1633,8164800
29,39,1635,302400
29,39,1639,8769600
29,39,1641,1209600
29,39,1645,8164800
29,39,1647,1058400
29,39,1651,907200
29,39,1653,34473600
29,39,1655,33566400
29,39,1657,1814400
29,39,1659,12549600
29,39,1661,5443200
29,39,1663,35380800
29,39,1665,17085600
29,39,1667,22075200
29,39,1669,49442400
29,39,1671,4233600
29,39,1673,19202400
29,39,1675,13759200
29,39,1677,10584000
29,39,1679,40068000
29,39,1681,9676800
29,39,1683,27669600
29,39,1685,48610800
29,39,1687,24494400
29,39,1689,10584000
29,39,1691,31071600
29,39,1693,29332800
29,39,1695,33566400
29,39,1697,59270400
29,39,1699,17992800
29,39,1701,28123200
29,39,1703,44150400
29,39,1705,19656000
29,39,1707,33112800
29,39,1709,51256800
29,39,1711,37422000
29,39,1713,27216000
29,39,1715,47250000
29,39,1717,32054400
29,39,1719,37573200
29,39,1721,23889600
29,39,1723,58060800
29,39,1725,23284800
29,39,1727,46116000
29,39,1729,40672800
29,39,1731,41050800
29,39,1733,37875600
29,39,1735,44830800
29,39,1737,36325800
29,39,1739,41277600
29,39,1741,30240000
29,39,1743,21168000
29,39,1745,26535600
29,39,1747,39916800
29,39,1749,36136800
29,39,1751,15422400
29,39,1753,31600800
29,39,1755,18748800
29,39,1757,11793600
29,39,1759,7938000
29,39,1761,27216000
29,39,1763,17085600
29,39,1765,14364000
29,39,1767,1209600
29,39,1769,9223200
29,39,1771,11239200
29,39,1773,16329600
29,39,1775,302400
29,39,1777,21168000
29,39,1779,1360800
29,39,1781,2494800
29,39,1783,4309200
29,39,1785,8316000
29,39,1787,1587600
29,39,1789,3628800
29,39,1795,1373400
29,39,1801,4082400
29,39,1803,453600
29,39,1805,151200
29,39,1807,907200
29,39,1809,604800
29,39,1813,2822400
29,39,1819,25200
29,39,1831,75600
29,39,1839,1663200
29,39,1843,907200
29,39,1847,302400
29,40,1600,1575
29,40,1620,45360
29,40,1636,907200
29,40,1638,113400
29,40,1648,25200
29,40,1652,1134000
29,40,1654,907200
29,40,1688,453600
29,40,1696,25200
29,40,1702,302400
29,40,1712,18900
29,40,1714,151200
29,40,1716,50400
29,40,1726,50400
29,40,1734,151200
29,40,1738,453600
29,40,1744,33112800
29,40,1746,4082400
29,40,1748,4082400
29,40,1750,907200
29,40,1752,302400
29,40,1754,3099600
29,40,1756,8164800
29,40,1758,19807200
29,40,1760,9223200
29,40,1762,17262000
29,40,1766,2494800
29,40,1768,34700400
29,40,1770,1663200
29,40,1772,9450000
29,40,1774,25930800
29,40,1776,6274800
29,40,1778,2116800
29,40,1780,26838000
29,40,1782,8164800
29,40,1784,9979200
29,40,1786,22982400
29,40,1788,1209600
29,40,1790,40824000
29,40,1792,22453200
29,40,1794,8694000
29,40,1796,17444700
29,40,1798,29635200
29,40,1800,17690400
29,40,1802,9072000
29,40,1804,6652800
29,40,1806,11604600
29,40,1808,24040800
29,40,1810,35078400
29,40,1812,17992800
29,40,1814,31903200
29,40,1816,8032500
29,40,1818,19958400
29,40,1820,10584000
29,40,1822,11844000
29,40,1824,21470400
29,40,1826,18975600
29,40,1828,11944800
29,40,1830,22302000
29,40,1832,16783200
29,40,1834,17841600
29,40,1836,8164800
29,40,1838,12700800
29,40,1840,18748800
29,40,1842,14061600
29,40,1844,9072000
29,40,1846,10281600
29,40,1848,14364000
29,40,1850,17388000
29,40,1852,4838400
29,40,1854,2948400
29,40,1856,4762800
29,40,1858,7711200
29,40,1860,5065200
29,40,1862,2192400
29,40,1864,1512000
29,40,1866,907200
29,40,1868,907200
29,40,1870,1512000
29,40,1872,453600
29,40,1874,2721600
29,40,1876,2419200
29,40,1878,302400
29,40,1880,756000
29,40,1882,1814400
29,40,1886,604800
29,40,1888,2608200
29,40,1890,2797200
29,40,1892,907200
29,40,1902,226800
29,40,1904,604800
29,40,1906,1965600
29,40,1908,907200
29,40,1910,1814400
29,40,1914,302400
29,40,1920,158760
29,41,1731,302400
29,41,1735,226800
29,41,1749,1814400
29,41,1755,151200
29,41,1765,907200
29,41,1767,907200
29,41,1771,2041200
29,41,1773,181440
29,41,1775,226800
29,41,1781,907200
29,41,1785,907200
29,41,1789,907200
29,41,1801,302400
29,41,1805,907200
29,41,1807,113400
29,41,1821,945000
29,41,1831,302400
29,41,1839,2721600
29,41,1843,4082400
29,41,1851,8164800
29,41,1853,75600
29,41,1855,302400
29,41,1857,10886400
29,41,1859,8164800
29,41,1863,302400
29,41,1865,453600
29,41,1871,151200
29,41,1873,604800
29,41,1875,35985600
29,41,1877,302400
29,41,1879,2192400
29,41,1881,21546000
29,41,1883,8618400
29,41,1885,907200
29,41,1887,604800
29,41,1889,1814400
29,41,1891,10432800
29,41,1893,17236800
29,41,1895,907200
29,41,1897,4838400
29,41,1899,32810400
29,41,1901,4762800
29,41,1905,10357200
29,41,1907,15422400
29,41,1909,2872800
29,41,1911,17539200
29,41,1913,907200
29,41,1915,7257600
29,41,1917,8618400
29,41,1919,1512000
29,41,1921,453600
29,41,1923,14515200
29,41,1925,2721600
29,41,1927,1814400
29,41,1929,302400
29,41,1933,302400
29,41,1935,1360800
29,41,1937,378000
29,41,1939,3024000
29,41,1943,30240
29,41,1945,982800
29,41,1947,6123600
29,41,1949,907200
29,41,1953,1209600
29,41,1955,6350400
29,41,1957,2268000
29,41,1959,604800
29,41,1961,1814400
29,41,1963,4384800
29,41,1965,680400
29,41,1977,907200
29,41,1979,680400
29,41,1985,2041200
29,41,1993,1360800
29,41,1995,453600
29,41,2001,113400
29,41,2007,567000
29,42,1854,907200
29,42,1862,907200
29,42,1868,1814400
29,42,1870,907200
29,42,1884,3628800
29,42,1886,1814400
29,42,1888,907200
29,42,1890,129600
29,42,1894,1814400
29,42,1896,226800
29,42,1900,226800
29,42,1902,2381400
29,42,1908,15120
29,42,1920,75600
29,42,1924,907200
29,42,1928,907200
29,42,1930,302400
29,42,1932,37800
29,42,1938,680400
29,42,1952,2041200
29,42,1954,8164800
29,42,1960,226800
29,42,1964,8240400
29,42,1966,4233600
29,42,1968,2729160
29,42,1970,302400
29,42,1974,756000
29,42,1978,2721600
29,42,1982,151200
29,42,1984,32659200
29,42,1988,4082400
29,42,1990,1285200
29,42,1992,302400
29,42,1994,2797200
29,42,1996,151200
29,42,1998,1209600
29,42,2000,8920800
29,42,2002,13608000
29,42,2004,8316000
29,42,2006,3099600
29,42,2008,10432800
29,42,2010,3061800
29,42,2012,302400
29,42,2014,4536000
29,42,2016,2457000
29,42,2018,5443200
29,42,2020,3175200
29,42,2022,3326400
29,42,2024,3099600
29,42,2026,5745600
29,42,2028,907200
29,42,2030,1814400
29,42,2032,2268000
29,42,2036,472500
29,42,2038,2671200
29,42,2040,1814400
29,42,2042,945000
29,42,2044,302400
29,42,2048,1058400
29,42,2050,1360800
29,42,2052,1814400
29,42,2054,453600
29,42,2056,2570400
29,42,2058,907200
29,42,2060,1814400
29,42,2064,1134000
29,42,2068,945000
29,42,2070,1436400
29,42,2072,453600
29,42,2074,25200
29,42,2076,2721600
29,42,2080,37800
29,42,2082,1360800
29,43,1969,907200
29,43,1973,453600
29,43,1981,1814400
29,43,1983,907200
29,43,1989,1360800
29,43,1991,907200
29,43,1999,1814400
29,43,2001,756000
29,43,2003,907200
29,43,2005,907200
29,43,2011,302400
29,43,2013,907200
29,43,2017,1814400
29,43,2021,907200
29,43,2025,302400
29,43,2031,1814400
29,43,2033,1020600
29,43,2055,453600
29,43,2057,453600
29,43,2059,75600
29,43,2061,75600
29,43,2077,5544000
29,43,2093,10886400
29,43,2097,12600
29,43,2101,100800
29,43,2103,1360800
29,43,2107,151200
29,43,2109,8190000
29,43,2111,151200
29,43,2113,352800
29,43,2119,302400
29,43,2121,302400
29,43,2125,4384800
29,43,2127,907200
29,43,2129,302400
29,43,2131,2721600
29,43,2133,302400
29,43,2135,378000
29,43,2137,37800
29,43,2139,302400
29,43,2141,604800
29,43,2145,1360800
29,43,2147,756000
29,43,2149,151200
29,43,2151,907200
29,43,2153,907200
29,43,2157,529200
29,43,2159,302400
29,43,2161,75600
29,44,2076,604800
29,44,2082,75600
29,44,2090,1814400
29,44,2100,453600
29,44,2104,907200
29,44,2106,1058400
29,44,2108,907200
29,44,2112,1814400
29,44,2114,453600
29,44,2122,1814400
29,44,2130,907200
29,44,2136,302400
29,44,2142,907200
29,44,2146,1512000
29,44,2154,756000
29,44,2172,113400
29,44,2196,1360800
29,44,2208,252000
29,44,2220,2721600
29,44,2228,869400
29,44,2232,4082400
29,44,2244,907200
29,45,2199,151200
29,45,2203,907200
29,45,2207,907200
29,45,2209,907200
29,45,2215,151200
29,45,2227,604800
29,45,2231,302400
29,45,2233,1965600
29,45,2235,453600
29,45,2239,1058400
29,45,2251,907200
29,45,2257,302400
29,45,2259,37800
29,45,2263,453600
29,45,2267,151200
29,45,2269,37800
29,45,2281,302400
29,45,2287,680400
29,45,2297,2721600
29,45,2307,1020600
29,45,2355,695520
29,46,2304,151200
29,46,2320,907200
29,46,2344,1058400
29,46,2350,75600
29,46,2358,453600
29,46,2360,37800
29,46,2368,604800
29,46,2370,151200
29,46,2376,151200
29,46,2378,7560
29,46,2388,15120
29,46,2392,75600
29,46,2396,37800
29,46,2416,680400
29,46,2418,151200
29,46,2424,25200
29,46,2426,1360800
29,46,2434,1360800
29,47,2437,302400
29,47,2439,100800
29,47,2457,504000
29,47,2475,226800
29,47,2477,75600
29,47,2491,151200
29,47,2493,151200
29,47,2511,12600
29,48,2568,151200
29,48,2572,75600
29,48,2588,302400
29,48,2604,151200
29,50,2850,103320
29,51,2923,30240
29,51,2933,37800
29,56,3528,765
30,24,528,12600
30,24,560,151200
30,24,592,113400
30,24,600,50400
30,24,624,50400
30,25,591,302400
30,25,599,302400
30,25,605,113400
30,25,615,151200
30,25,619,75600
30,25,623,453600
30,25,625,3024
30,25,627,453600
30,25,645,151200
30,25,651,37800
30,25,655,1058400
30,25,659,151200
30,25,663,50400
30,25,675,15120
30,25,691,151200
30,25,695,189000
30,25,699,25200
30,25,705,529200
30,25,731,75600
30,25,755,151200
30,25,795,12600
30,26,610,453600
30,26,614,340200
30,26,628,453600
30,26,630,2100
30,26,632,453600
30,26,636,907200
30,26,640,453600
30,26,642,1209600
30,26,644,2721600
30,26,646,907200
30,26,648,604800
30,26,650,1134000
30,26,654,907200
30,26,658,604800
30,26,662,907200
30,26,664,453600
30,26,666,510300
30,26,668,1814400
30,26,672,604800
30,26,674,1209600
30,26,676,907200
30,26,678,907200
30,26,680,1209600
30,26,682,302400
30,26,688,302400
30,26,694,2268000
30,26,696,604800
30,26,698,1300320
30,26,700,302400
30,26,704,302400
30,26,712,604800
30,26,714,1234800
30,26,718,907200
30,26,730,585900
30,26,738,453600
30,26,748,15120
30,26,754,604800
30,26,762,302400
30,26,780,37800
30,26,792,18900
30,26,794,302400
30,26,802,75600
30,26,808,15120
30,26,824,151200
30,26,830,75600
30,26,842,75600
30,26,858,7560
30,27,657,604800
30,27,661,907200
30,27,671,1814400
30,27,673,453600
30,27,675,3276000
30,27,677,2268000
30,27,679,6350400
30,27,681,3175200
30,27,683,1814400
30,27,685,9072000
30,27,687,5896800
30,27,689,2721600
30,27,691,6350400
30,27,693,4611600
30,27,695,3628800
30,27,697,3780000
30,27,699,2721600
30,27,701,2343600
30,27,703,7560000
30,27,705,6350400
30,27,707,5443200
30,27,709,8845200
30,27,711,3679200
30,27,713,6804000
30,27,715,2419200
30,27,717,2268000
30,27,719,907200
30,27,721,5443200
30,27,723,6426000
30,27,725,8467200
30,27,727,8089200
30,27,729,5199600
30,27,731,2721600
30,27,733,1209600
30,27,737,5443200
30,27,739,6199200
30,27,741,6501600
30,27,743,3628800
30,27,745,453600
30,27,747,302400
30,27,749,3628800
30,27,751,604800
30,27,753,2822400
30,27,755,1512000
30,27,757,151200
30,27,759,1814400
30,27,761,2570400
30,27,763,2494800
30,27,765,2444400
30,27,769,453600
30,27,771,907200
30,27,773,302400
30,27,777,4536000
30,27,779,604800
30,27,781,453600
30,27,787,1360800
30,27,789,1814400
30,27,791,2721600
30,27,793,907200
30,27,795,1965600
30,27,799,604800
30,27,803,907200
30,27,805,1058400
30,27,813,1512000
30,27,817,1814400
30,27,819,302400
30,27,827,1512000
30,27,831,907200
30,27,835,453600
30,27,847,302400
30,27,867,226800
30,27,885,151200
30,27,897,100800
30,27,945,7560
30,28,708,3477600
30,28,712,226800
30,28,722,6350400
30,28,724,1814400
30,28,726,6804000
30,28,728,9979200
30,28,730,19958400
30,28,732,37220400
30,28,734,28123200
30,28,736,12247200
30,28,738,9979200
30,28,740,35380800
30,28,742,23587200
30,28,744,27008100
30,28,746,23587200
30,28,748,23133600
30,28,750,32054400
30,28,752,42033600
30,28,754,46267200
30,28,756,17463600
30,28,758,24948000
30,28,760,47023200
30,28,762,30844800
30,28,764,39387600
30,28,766,27669600
30,28,768,47779200
30,28,770,9072000
30,28,772,34171200
30,28,774,27669600
30,28,776,34738200
30,28,778,18597600
30,28,780,27216000
30,28,782,24948000
30,28,784,26460000
30,28,786,28022400
30,28,788,8920800
30,28,790,19656000
30,28,792,30353400
30,28,794,5443200
30,28,796,10735200
30,28,798,6955200
30,28,800,15951600
30,28,802,12096000
30,28,804,9525600
30,28,806,4838400
30,28,808,8949150
30,28,810,8618400
30,28,812,9979200
30,28,814,16329600
30,28,816,12360600
30,28,818,12247200
30,28,820,5594400
30,28,822,7257600
30,28,824,16632000
30,28,826,7862400
30,28,828,7257600
30,28,830,6350400
30,28,832,6123600
30,28,834,3477600
30,28,838,1360800
30,28,840,9072000
30,28,842,6350400
30,28,844,4536000
30,28,848,4233600
30,28,850,5443200
30,28,852,529200
30,28,854,3628800
30,28,856,1360800
30,28,858,907200
30,28,864,4989600
30,28,866,907200
30,28,868,1814400
30,28,870,302400
30,28,872,926100
30,28,878,378000
30,28,880,2494800
30,28,884,1814400
30,28,888,1965600
30,28,890,1814400
30,28,904,2721600
30,28,908,453600
30,28,912,415800
30,28,920,604800
30,28,922,604800
30,28,924,453600
30,28,928,1814400
30,28,944,491400
30,28,978,100800
30,28,1044,3150
30,29,759,3326400
30,29,773,7257600
30,29,775,7257600
30,29,777,28425600
30,29,779,57380400
30,29,781,24721200
30,29,783,42184800
30,29,785,47325600
30,29,787,45813600
30,29,789,53071200
30,29,791,50803200
30,29,793,81572400
30,29,795,70610400
30,29,797,93895200
30,29,799,62143200
30,29,801,121867200
30,29,803,126554400
30,29,805,158306400
30,29,807,94348800
30,29,809,101152800
30,29,811,133207200
30,29,813,124740000
30,29,815,97524000
30,29,817,127159200
30,29,819,154828800
30,29,821,97070400
30,29,823,86940000
30,29,825,133812000
30,29,827,98280000
30,29,829,124740000
30,29,831,95256000
30,29,833,91627200
30,29,835,111245400
30,29,837,117784800
30,29,839,112001400
30,29,841,84520800
30,29,843,93038400
30,29,845,60933600
30,29,847,53751600
30,29,849,63352800
30,29,851,54432000
30,29,853,63050400
30,29,855,53902800
30,29,857,32810400
30,29,859,54432000
30,29,861,57153600
30,29,863,44452800
30,29,865,58665600
30,29,867,50803200
30,29,869,44755200
30,29,871,48232800
30,29,873,38404800
30,29,875,43394400
30,29,877,38934000
30,29,879,30996000
30,29,881,26006400
30,29,883,17161200
30,29,885,24494400
30,29,887,14061600
30,29,889,16178400
30,29,891,19580400
30,29,893,25401600
30,29,895,19731600
30,29,897,15724800
30,29,899,12398400
30,29,901,11793600
30,29,903,13910400
30,29,905,18748800
30,29,907,9374400
30,29,909,3175200
30,29,911,7522200
30,29,913,14666400
30,29,915,9374400
30,29,917,9979200
30,29,919,9979200
30,29,923,7938000
30,29,925,6350400
30,29,927,5644800
30,29,929,3175200
30,29,931,7257600
30,29,933,6350400
30,29,935,3175200
30,29,937,7257600
30,29,939,604800
30,29,941,2721600
30,29,943,2494800
30,29,945,5594400
30,29,947,4082400
30,29,949,1814400
30,29,951,1814400
30,29,953,2419200
30,29,955,756000
30,29,957,75600
30,29,961,604800
30,29,963,1814400
30,29,967,453600
30,29,969,3628800
30,29,971,302400
30,29,973,907200
30,29,983,756000
30,29,985,2419200
30,29,987,907200
30,29,989,907200
30,29,991,604800
30,29,993,453600
30,29,995,302400
30,29,997,907200
30,29,999,151200
30,29,1001,302400
30,29,1007,302400
30,29,1009,302400
30,29,1011,453600
30,29,1015,529200
30,29,1017,151200
30,29,1031,151200
30,29,1039,302400
30,30,810,1829520
30,30,824,907200
30,30,826,13608000
30,30,828,27216000
30,30,830,53524800
30,30,832,76356000
30,30,834,29257200
30,30,836,14515200
30,30,838,72576000
30,30,840,81194400
30,30,842,81648000
30,30,844,178718400
30,30,846,81307800
30,30,848,99792000
30,30,850,212284800
30,30,852,203212800
30,30,854,163749600
30,30,856,309506400
30,30,858,260668800
30,30,860,204573600
30,30,862,246078000
30,30,864,318200400
30,30,866,216972000
30,30,868,251445600
30,30,870,308901600
30,30,872,353959200
30,30,874,262634400
30,30,876,297259200
30,30,878,329313600
30,30,880,304441200
30,30,882,304063200
30,30,884,292572000
30,30,886,247514400
30,30,888,257191200
30,30,890,381931200
30,30,892,250840800
30,30,894,279493200
30,30,896,292572000
30,30,898,270572400
30,30,900,242524800
30,30,902,229975200
30,30,904,253260000
30,30,906,231373800
30,30,908,225212400
30,30,910,266036400
30,30,912,222793200
30,30,914,258703200
30,30,916,177660000
30,30,918,188244000
30,30,920,212341500
30,30,922,184917600
30,30,924,155282400
30,30,926,133358400
30,30,928,97070400
30,30,930,154375200
30,30,932,144320400
30,30,934,94197600
30,30,936,100207800
30,30,938,139255200
30,30,940,116877600
30,30,942,104328000
30,30,944,101757600
30,30,946,89964000
30,30,948,56851200
30,30,950,89994240
30,30,952,74844000
30,30,954,68342400
30,30,956,55944000
30,30,958,41277600
30,30,960,44906400
30,30,962,52844400
30,30,964,42638400
30,30,966,41504400
30,30,968,27820800
30,30,970,38692080
30,30,972,38253600
30,30,974,37800000
30,30,976,22680000
30,30,978,31386600
30,30,980,13608000
30,30,982,22906800
30,30,984,4636800
30,30,986,12247200
30,30,988,12700800
30,30,990,6048000
30,30,992,14817600
30,30,994,29937600
30,30,996,12247200
30,30,998,10735200
30,30,1000,12474000
30,30,1002,11566800
30,30,1004,13608000
30,30,1006,2721600
30,30,1008,1512000
30,30,1010,10130400
30,30,1012,8769600
30,30,1014,5443200
30,30,1016,3628800
30,30,1018,5972400
30,30,1020,4536000
30,30,1022,5896800
30,30,1024,6577200
30,30,1026,2570400
30,30,1028,7560000
30,30,1030,3477600
30,30,1032,2268000
30,30,1034,1890000
30,30,1036,2116800
30,30,1038,5896800
30,30,1040,2721600
30,30,1042,151200
30,30,1048,604800
30,30,1050,5191200
30,30,1052,907200
30,30,1056,504000
30,30,1058,907200
30,30,1060,302400
30,30,1062,453600
30,30,1068,50400
30,30,1070,226800
30,30,1072,1814400
30,30,1074,50400
30,30,1076,302400
30,30,1078,151200
30,30,1082,453600
30,30,1084,151200
30,30,1092,151200
30,30,1098,151200
30,31,879,12247200
30,31,881,23587200
30,31,883,17690400
30,31,885,9072000
30,31,887,17236800
30,31,889,23587200
30,31,891,24494400
30,31,893,89359200
30,31,895,55339200
30,31,897,48988800
30,31,899,103572000
30,31,901,132451200
30,31,903,112492800
30,31,905,209563200
30,31,907,205027200
30,31,909,130636800
30,31,911,340653600
30,31,913,327499200
30,31,915,209865600
30,31,917,318427200
30,31,919,283953600
30,31,921,295747200
30,31,923,257644800
30,31,925,446342400
30,31,927,453373200
30,31,929,606916800
30,31,931,395539200
30,31,933,499111200
30,31,935,445208400
30,31,937,561103200
30,31,939,497145600
30,31,941,622792800
30,31,943,604603440
30,31,945,561556800
30,31,947,463125600
30,31,949,626875200
30,31,951,633225600
30,31,953,667018800
30,31,955,566697600
30,31,957,603514800
30,31,959,520732800
30,31,961,592401600
30,31,963,570477600
30,31,965,599886000
30,31,967,499035600
30,31,969,669362400
30,31,971,467056800
30,31,973,565185600
30,31,975,554223600
30,31,977,447627600
30,31,979,411642000
30,31,981,489006000
30,31,983,402040800
30,31,985,481950000
30,31,987,324777600
30,31,989,412776000
30,31,991,327045600
30,31,993,419277600
30,31,995,313815600
30,31,997,363409200
30,31,999,256410000
30,31,1001,277036200
30,31,1003,194503680
30,31,1005,249631200
30,31,1007,246304800
30,31,1009,235267200
30,31,1011,178113600
30,31,1013,204876000
30,31,1015,183859200
30,31,1017,194594400
30,31,1019,118843200
30,31,1021,162540000
30,31,1023,128973600
30,31,1025,147873600
30,31,1027,98884800
30,31,1029,87091200
30,31,1031,75600000
30,31,1033,98431200
30,31,1035,100774800
30,31,1037,63957600
30,31,1039,59270400
30,31,1041,64184400
30,31,1043,87318000
30,31,1045,66528000
30,31,1047,85276800
30,31,1049,69589800
30,31,1051,30693600
30,31,1053,40244400
30,31,1055,28954800
30,31,1057,67359600
30,31,1059,37699200
30,31,1061,35683200
30,31,1063,30618000
30,31,1065,23788800
30,31,1067,22377600
30,31,1069,36590400
30,31,1071,24557400
30,31,1073,21319200
30,31,1075,27442800
30,31,1077,14515200
30,31,1079,15876000
30,31,1081,6652800
30,31,1083,14817600
30,31,1085,13381200
30,31,1087,8618400
30,31,1089,11138400
30,31,1091,12700800
30,31,1093,8769600
30,31,1095,6350400
30,31,1097,6728400
30,31,1099,8769600
30,31,1101,6073200
30,31,1103,14061600
30,31,1105,3024000
30,31,1107,4233600
30,31,1109,4309200
30,31,1111,2116800
30,31,1113,3628800
30,31,1115,1360800
30,31,1117,6804000
30,31,1119,302400
30,31,1121,1814400
30,31,1123,302400
30,31,1125,3477600
30,31,1129,453600
30,31,1131,252000
30,31,1133,1663200
30,31,1135,151200
30,31,1137,1360800
30,31,1141,907200
30,31,1143,16800
30,31,1149,453600
30,31,1151,151200
30,31,1153,604800
30,31,1157,1436400
30,31,1161,63000
30,31,1167,50400
30,31,1173,151200
30,31,1179,151200
30,31,1191,100800
30,31,1245,25200
30,32,932,2268000
30,32,940,12474000
30,32,942,3628800
30,32,944,2041200
30,32,946,302400
30,32,948,8164800
30,32,950,32659200
30,32,952,56700000
30,32,954,26460000
30,32,956,35380800
30,32,958,45511200
30,32,960,45662400
30,32,962,82555200
30,32,964,112266000
30,32,966,109321800
30,32,968,87091200
30,32,970,120657600
30,32,972,124569900
30,32,974,202305600
30,32,976,196862400
30,32,978,217576800
30,32,980,239954400
30,32,982,312984000
30,32,984,232041600
30,32,986,342468000
30,32,988,518464800
30,32,990,429634800
30,32,992,485805600
30,32,994,513475200
30,32,996,427140000
30,32,998,520279200
30,32,1000,721450800
30,32,1002,546134400
30,32,1004,719938800
30,32,1006,764316000
30,32,1008,649555200
30,32,1010,739368000
30,32,1012,821469600
30,32,1014,869853600
30,32,1016,776336400
30,32,1018,874540800
30,32,1020,843771600
30,32,1022,929804400
30,32,1024,958305600
30,32,1026,892836000
30,32,1028,802720800
30,32,1030,886485600
30,32,1032,1023624000
30,32,1034,838252800
30,32,1036,951237000
30,32,1038,903344400
30,32,1040,860479200
30,32,1042,852616800
30,32,1044,842184000
30,32,1046,848685600
30,32,1048,827366400
30,32,1050,716990400
30,32,1052,695935800
30,32,1054,825552000
30,32,1056,692798400
30,32,1058,737704800
30,32,1060,606115440
30,32,1062,615232800
30,32,1064,652617000
30,32,1066,557625600
30,32,1068,536306400
30,32,1070,576828000
30,32,1072,486741150
30,32,1074,453297600
30,32,1076,411037200
30,32,1078,390398400
30,32,1080,369986400
30,32,1082,335815200
30,32,1084,314609400
30,32,1086,412624800
30,32,1088,349876800
30,32,1090,249328800
30,32,1092,256662000
30,32,1094,280173600
30,32,1096,278586000
30,32,1098,200793600
30,32,1100,171007200
30,32,1102,174636000
30,32,1104,188584200
30,32,1106,202381200
30,32,1108,170780400
30,32,1110,171234000
30,32,1112,168436800
30,32,1114,129427200
30,32,1116,153014400
30,32,1118,140918400
30,32,1120,71215200
30,32,1122,105159600
30,32,1124,69174000
30,32,1126,93744000
30,32,1128,92080800
30,32,1130,60328800
30,32,1132,69627600
30,32,1134,76406400
30,32,1136,84029400
30,32,1138,74088000
30,32,1140,59875200
30,32,1142,53524800
30,32,1144,51105600
30,32,1146,37195200
30,32,1148,45511200
30,32,1150,32659200
30,32,1152,33415200
30,32,1154,24343200
30,32,1156,18446400
30,32,1158,14931000
30,32,1160,19656000
30,32,1162,16934400
30,32,1164,21319200
30,32,1166,5896800
30,32,1168,16632000
30,32,1170,8164800
30,32,1172,5670000
30,32,1174,16329600
30,32,1176,10886400
30,32,1178,11642400
30,32,1180,12096000
30,32,1182,6501600
30,32,1184,4384800
30,32,1186,3326400
30,32,1188,453600
30,32,1190,2721600
30,32,1192,3326400
30,32,1194,2721600
30,32,1196,1512000
30,32,1198,1814400
30,32,1200,2268000
30,32,1202,302400
30,32,1204,1814400
30,32,1206,907200
30,32,1208,1814400
30,32,1210,2419200
30,32,1212,730800
30,32,1216,453600
30,32,1218,201600
30,32,1220,302400
30,32,1222,1209600
30,32,1226,907200
30,32,1228,2419200
30,32,1230,907200
30,32,1234,151200
30,32,1236,16800
30,32,1238,302400
30,32,1242,302400
30,32,1248,100800
30,33,999,907200
30,33,1003,2721600
30,33,1005,1814400
30,33,1007,1360800
30,33,1009,1058400
30,33,1011,3704400
30,33,1013,11793600
30,33,1015,907200
30,33,1017,9072000
30,33,1019,1814400
30,33,1021,25401600
30,33,1023,21772800
30,33,1025,49896000
30,33,1027,14061600
30,33,1029,51256800
30,33,1031,28425600
30,33,1033,64411200
30,33,1035,59270400
30,33,1037,109771200
30,33,1039,73029600
30,33,1041,127612800
30,33,1043,131090400
30,33,1045,107276400
30,33,1047,178264800
30,33,1049,193006800
30,33,1051,200188800
30,33,1053,285768000
30,33,1055,216820800
30,33,1057,246153600
30,33,1059,278208000
30,33,1061,447476400
30,33,1063,301644000
30,33,1065,498355200
30,33,1067,494877600
30,33,1069,493970400
30,33,1071,476506800
30,33,1073,540691200
30,33,1075,579096000
30,33,1077,871365600
30,33,1079,673898400
30,33,1081,671479200
30,33,1083,635594400
30,33,1085,839160000
30,33,1087,729766800
30,33,1089,1037836800
30,33,1091,929275200
30,33,1093,944546400
30,33,1095,966621600
30,33,1097,1230163200
30,33,1099,754336800
30,33,1101,1105725600
30,33,1103,972216000
30,33,1105,1032469200
30,33,1107,1021658400
30,33,1109,1183442400
30,33,1111,817576200
30,33,1113,1197504000
30,33,1115,1031788800
30,33,1117,1233187200
30,33,1119,956491200
30,33,1121,1138233600
30,33,1123,779587200
30,33,1125,1095217200
30,33,1127,903117600
30,33,1129,850802400
30,33,1131,838152000
30,33,1133,914155200
30,33,1135,854733600
30,33,1137,993988800
30,33,1139,719560800
30,33,1141,801964800
30,33,1143,757058400
30,33,1145,867434400
30,33,1147,679719600
30,33,1149,761594400
30,33,1151,658476000
30,33,1153,648496800
30,33,1155,585900000
30,33,1157,611301600
30,33,1159,513172800
30,33,1161,527385600
30,33,1163,467359200
30,33,1165,473558400
30,33,1167,368928000
30,33,1169,423662400
30,33,1171,380948400
30,33,1173,493970400
30,33,1175,338688000
30,33,1177,352976400
30,33,1179,314798400
30,33,1181,338385600
30,33,1183,219542400
30,33,1185,273105000
30,33,1187,215006400
30,33,1189,241315200
30,33,1191,186051600
30,33,1193,180381600
30,33,1195,167983200
30,33,1197,217576800
30,33,1199,132829200
30,33,1201,148629600
30,33,1203,144169200
30,33,1205,127461600
30,33,1207,94197600
30,33,1209,103194000
30,33,1211,90568800
30,33,1213,78019200
30,33,1215,62256600
30,33,1217,57304800
30,33,1219,78699600
30,33,1221,59421600
30,33,1223,50349600
30,33,1225,44566200
30,33,1227,37422000
30,33,1229,44452800
30,33,1231,24040800
30,33,1233,49593600
30,33,1235,44226000
30,33,1237,30240000
30,33,1239,16783200
30,33,1241,23889600
30,33,1243,26422200
30,33,1245,25401600
30,33,1247,20185200
30,33,1249,13305600
30,33,1251,13154400
30,33,1253,6350400
30,33,1255,6426000
30,33,1257,12852000
30,33,1259,8920800
30,33,1261,3628800
30,33,1263,1814400
30,33,1265,3780000
30,33,1267,7408800
30,33,1269,1209600
30,33,1271,3628800
30,33,1273,3704400
30,33,1275,3931200
30,33,1277,907200
30,33,1281,1209600
30,33,1283,3704400
30,33,1285,907200
30,33,1287,302400
30,33,1289,302400
30,33,1291,2268000
30,33,1293,2116800
30,33,1301,151200
30,33,1303,907200
30,33,1307,907200
30,33,1311,1436400
30,33,1323,226800
30,33,1325,453600
30,33,1333,151200
30,33,1339,75600
30,34,1074,1360800
30,34,1078,2721600
30,34,1080,3628800
30,34,1082,7257600
30,34,1084,907200
30,34,1086,2721600
30,34,1088,453600
30,34,1090,10432800
30,34,1092,4989600
30,34,1094,4762800
30,34,1096,12700800
30,34,1098,6048000
30,34,1100,15422400
30,34,1102,26308800
30,34,1104,15422400
30,34,1106,45662400
30,34,1108,42184800
30,34,1110,40937400
30,34,1112,52617600
30,34,1114,71971200
30,34,1116,91627200
30,34,1118,79833600
30,34,1120,90266400
30,34,1122,84898800
30,34,1124,103420800
30,34,1126,137100600
30,34,1128,164203200
30,34,1130,199584000
30,34,1132,179625600
30,34,1134,285768000
30,34,1136,232848000
30,34,1138,286675200
30,34,1140,288943200
30,34,1142,313210800
30,34,1144,370742400
30,34,1146,343942200
30,34,1148,432507600
30,34,1150,446796000
30,34,1152,508183200
30,34,1154,532072800
30,34,1156,519976800
30,34,1158,596786400
30,34,1160,587412000
30,34,1162,681156000
30,34,1164,714268800
30,34,1166,800717400
30,34,1168,808617600
30,34,1170,823284000
30,34,1172,840898800
30,34,1174,762274800
30,34,1176,850046400
30,34,1178,907200000
30,34,1180,958456800
30,34,1182,904100400
30,34,1184,1137024000
30,34,1186,923378400
30,34,1188,1116763200
30,34,1190,1057266000
30,34,1192,1068303600
30,34,1194,1084809600
30,34,1196,1102248000
30,34,1198,934529400
30,34,1200,1126742400
30,34,1202,972972000
30,34,1204,1101492000
30,34,1206,991494000
30,34,1208,1110110400
30,34,1210,1052276400
30,34,1212,1016064000
30,34,1214,995198400
30,34,1216,954676800
30,34,1218,967302000
30,34,1220,934416000
30,34,1222,909657000
30,34,1224,891702000
30,34,1226,801662400
30,34,1228,906066000
30,34,1230,757058400
30,34,1232,870307200
30,34,1234,823737600
30,34,1236,601322400
30,34,1238,632167200
30,34,1240,684709200
30,34,1242,569872800
30,34,1244,588016800
30,34,1246,582498000
30,34,1248,488224800
30,34,1250,544849200
30,34,1252,486334800
30,34,1254,412624800
30,34,1256,480513600
30,34,1258,417463200
30,34,1260,340918200
30,34,1262,343072800
30,34,1264,327196800
30,34,1266,296604000
30,34,1268,258098400
30,34,1270,283878000
30,34,1272,234234000
30,34,1274,260215200
30,34,1276,227102400
30,34,1278,134568000
30,34,1280,201096000
30,34,1282,149990400
30,34,1284,170251200
30,34,1286,140162400
30,34,1288,104176800
30,34,1290,109620000
30,34,1292,125647200
30,34,1294,96616800
30,34,1296,70005600
30,34,1298,69854400
30,34,1300,69249600
30,34,1302,81950400
30,34,1304,58212000
30,34,1306,40824000
30,34,1308,62445600
30,34,1310,42184800
30,34,1312,49140000
30,34,1314,52617600
30,34,1316,39463200
30,34,1318,23436000
30,34,1320,32986800
30,34,1322,26913600
30,34,1324,26308800
30,34,1326,14515200
30,34,1328,11793600
30,34,1330,18635400
30,34,1332,10886400
30,34,1334,10054800
30,34,1336,6048000
30,34,1338,12738600
30,34,1340,8467200
30,34,1342,1663200
30,34,1344,2268000
30,34,1346,7106400
30,34,1348,7408800
30,34,1350,3628800
30,34,1352,5594400
30,34,1354,2041200
30,34,1356,6199200
30,34,1358,3628800
30,34,1360,2268000
30,34,1362,403200
30,34,1364,1814400
30,34,1368,151200
30,34,1370,340200
30,34,1372,680400
30,34,1376,907200
30,34,1384,302400
30,34,1386,831600
30,34,1388,907200
30,34,1392,100800
30,34,1398,75600
30,34,1404,378000
30,34,1406,226800
30,34,1422,201600
30,34,1476,6300
30,35,1147,1814400
30,35,1149,604800
30,35,1153,3628800
30,35,1155,1915200
30,35,1157,907200
30,35,1159,1360800
30,35,1161,2268000
30,35,1163,3628800
30,35,1165,2721600
30,35,1167,3175200
30,35,1169,3628800
30,35,1171,4989600
30,35,1173,6350400
30,35,1175,6804000
30,35,1177,19051200
30,35,1179,9979200
30,35,1181,14968800
30,35,1183,10584000
30,35,1185,12096000
30,35,1187,28879200
30,35,1189,24948000
30,35,1191,24948000
30,35,1193,38707200
30,35,1195,43092000
30,35,1197,51559200
30,35,1199,73256400
30,35,1201,81799200
30,35,1203,53524800
30,35,1205,114307200
30,35,1207,91627200
30,35,1209,130939200
30,35,1211,151275600
30,35,1213,136987200
30,35,1215,128822400
30,35,1217,189302400
30,35,1219,140767200
30,35,1221,192704400
30,35,1223,213418800
30,35,1225,265870080
30,35,1227,275713200
30,35,1229,321148800
30,35,1231,247212000
30,35,1233,326516400
30,35,1235,314647200
30,35,1237,386467200
30,35,1239,364824000
30,35,1241,520430400
30,35,1243,423511200
30,35,1245,503722800
30,35,1247,496994400
30,35,1249,588016800
30,35,1251,515062800
30,35,1253,733017600
30,35,1255,638532720
30,35,1257,642902400
30,35,1259,715629600
30,35,1261,864864000
30,35,1263,608529600
30,35,1265,959968800
30,35,1267,788583600
30,35,1269,803098800
30,35,1271,848269800
30,35,1273,967831200
30,35,1275,759477600
30,35,1277,1072159200
30,35,1279,922168800
30,35,1281,889601400
30,35,1283,1015005600
30,35,1285,1085616000
30,35,1287,959868000
30,35,1289,1190397600
30,35,1291,897976800
30,35,1293,863427600
30,35,1295,905385600
30,35,1297,1075032000
30,35,1299,838605600
30,35,1301,1173916800
30,35,1303,918691200
30,35,1305,902089440
30,35,1307,847551600
30,35,1309,918691200
30,35,1311,690984000
30,35,1313,973425600
30,35,1315,677073600
30,35,1317,798638400
30,35,1319,743752800
30,35,1321,773766000
30,35,1323,562615200
30,35,1325,688564800
30,35,1327,612889200
30,35,1329,588243600
30,35,1331,550216800
30,35,1333,653637600
30,35,1335,477943200
30,35,1337,475977600
30,35,1339,380116800
30,35,1341,388962000
30,35,1343,334454400
30,35,1345,413532000
30,35,1347,337024800
30,35,1349,322056000
30,35,1351,344962800
30,35,1353,222818400
30,35,1355,197316000
30,35,1357,271706400
30,35,1359,131846400
30,35,1361,198865800
30,35,1363,199886400
30,35,1365,167529600
30,35,1367,144698400
30,35,1369,179625600
30,35,1371,87998400
30,35,1373,159364800
30,35,1375,110980800
30,35,1377,82593000
30,35,1379,79228800
30,35,1381,85541400
30,35,1383,42336000
30,35,1385,46947600
30,35,1387,70610400
30,35,1389,51760800
30,35,1391,41882400
30,35,1393,73407600
30,35,1395,46947600
30,35,1397,45360000
30,35,1399,41882400
30,35,1401,39009600
30,35,1403,17992800
30,35,1405,23436000
30,35,1407,25401600
30,35,1409,9828000
30,35,1411,28728000
30,35,1413,17841600
30,35,1415,14439600
30,35,1417,15724800
30,35,1419,8618400
30,35,1421,907200
30,35,1423,5594400
30,35,1425,7030800
30,35,1427,9979200
30,35,1429,2948400
30,35,1431,4082400
30,35,1433,3931200
30,35,1435,907200
30,35,1437,1058400
30,35,1439,4687200
30,35,1441,1134000
30,35,1443,1360800
30,35,1447,604800
30,35,1449,630000
30,35,1455,756000
30,35,1457,604800
30,35,1459,604800
30,35,1463,226800
30,35,1465,75600
30,35,1467,907200
30,35,1469,151200
30,35,1475,302400
30,35,1479,1814400
30,35,1485,453600
30,35,1491,302400
30,35,1509,302400
30,36,1200,113400
30,36,1226,907200
30,36,1228,1814400
30,36,1232,226800
30,36,1236,907200
30,36,1238,1814400
30,36,1240,453600
30,36,1244,1814400
30,36,1248,4536000
30,36,1250,453600
30,36,1252,5670000
30,36,1254,2721600
30,36,1256,4082400
30,36,1258,907200
30,36,1260,6728400
30,36,1262,9072000
30,36,1264,4384800
30,36,1266,5443200
30,36,1268,15422400
30,36,1270,6350400
30,36,1272,16304400
30,36,1274,20487600
30,36,1276,17841600
30,36,1278,12247200
30,36,1280,27216000
30,36,1282,24948000
30,36,1284,24796800
30,36,1286,50349600
30,36,1288,36741600
30,36,1290,41731200
30,36,1292,70761600
30,36,1294,54432000
30,36,1296,65469600
30,36,1298,78472800
30,36,1300,125420400
30,36,1302,111585600
30,36,1304,119977200
30,36,1306,120960000
30,36,1308,127068480
30,36,1310,165110400
30,36,1312,144698400
30,36,1314,180885600
30,36,1316,251294400
30,36,1318,224789040
30,36,1320,185522400
30,36,1322,244641600
30,36,1324,307465200
30,36,1326,261122400
30,36,1328,325458000
30,36,1330,322509600
30,36,1332,369268200
30,36,1334,420638400
30,36,1336,338839200
30,36,1338,425552400
30,36,1340,453373200
30,36,1342,463428000
30,36,1344,460857600
30,36,1346,605556000
30,36,1348,571838400
30,36,1350,533282400
30,36,1352,647816400
30,36,1354,669664800
30,36,1356,633074400
30,36,1358,700358400
30,36,1360,723567600
30,36,1362,717368400
30,36,1364,797126400
30,36,1366,681912000
30,36,1368,737168040
30,36,1370,827668800
30,36,1372,834850800
30,36,1374,781326000
30,36,1376,867094200
30,36,1378,879832800
30,36,1380,859723200
30,36,1382,788356800
30,36,1384,884822400
30,36,1386,772380000
30,36,1388,745416000
30,36,1390,839008800
30,36,1392,723057300
30,36,1394,839916000
30,36,1396,798600600
30,36,1398,676801440
30,36,1400,613947600
30,36,1402,734680800
30,36,1404,592250400
30,36,1406,581968800
30,36,1408,665431200
30,36,1410,577281600
30,36,1412,553694400
30,36,1414,620071200
30,36,1416,524966400
30,36,1418,437421600
30,36,1420,443318400
30,36,1422,395287200
30,36,1424,358722000
30,36,1426,453751200
30,36,1428,357966000
30,36,1430,262180800
30,36,1432,374068800
30,36,1434,278812800
30,36,1436,221432400
30,36,1438,262936800
30,36,1440,252315000
30,36,1442,157550400
30,36,1444,190965600
30,36,1446,220298400
30,36,1448,136760400
30,36,1450,149158800
30,36,1452,127990800
30,36,1454,89359200
30,36,1456,175051800
30,36,1458,92836800
30,36,1460,85579200
30,36,1462,114609600
30,36,1464,65242800
30,36,1466,63504000
30,36,1468,75146400
30,36,1470,48081600
30,36,1472,47174400
30,36,1474,63806400
30,36,1476,44755200
30,36,1478,38253600
30,36,1480,51483600
30,36,1482,23133600
30,36,1484,10281600
30,36,1486,28576800
30,36,1488,22793400
30,36,1490,11188800
30,36,1492,17917200
30,36,1494,14212800
30,36,1496,9298800
30,36,1498,13608000
30,36,1500,8769600
30,36,1502,9676800
30,36,1504,907200
30,36,1506,7711200
30,36,1508,3175200
30,36,1510,604800
30,36,1512,6804000
30,36,1516,2419200
30,36,1518,4687200
30,36,1520,1814400
30,36,1522,907200
30,36,1524,1512000
30,36,1528,2419200
30,36,1530,1814400
30,36,1532,2116800
30,36,1536,18900
30,36,1538,1663200
30,36,1540,604800
30,36,1542,1663200
30,36,1552,453600
30,36,1566,226800
30,36,1574,453600
30,36,1582,75600
30,36,1588,37800
30,37,1281,75600
30,37,1311,302400
30,37,1313,226800
30,37,1317,1814400
30,37,1329,151200
30,37,1333,1814400
30,37,1335,1814400
30,37,1337,3628800
30,37,1339,907200
30,37,1343,1814400
30,37,1345,6350400
30,37,1347,3175200
30,37,1349,2721600
30,37,1351,9525600
30,37,1353,5745600
30,37,1355,453600
30,37,1357,6955200
30,37,1359,3628800
30,37,1361,13456800
30,37,1363,3024000
30,37,1365,9979200
30,37,1367,5443200
30,37,1369,19731600
30,37,1371,10470600
30,37,1373,24721200
30,37,1375,9072000
30,37,1377,34473600
30,37,1379,22226400
30,37,1381,60328800
30,37,1383,21999600
30,37,1385,57531600
30,37,1387,57304800
30,37,1389,93441600
30,37,1391,43999200
30,37,1393,126025200
30,37,1395,66452400
30,37,1397,121564800
30,37,1399,66225600
30,37,1401,159818400
30,37,1403,102816000
30,37,1405,204044400
30,37,1407,88376400
30,37,1409,194745600
30,37,1411,175543200
30,37,1413,191872800
30,37,1415,131733000
30,37,1417,257342400
30,37,1419,201096000
30,37,1421,322812000
30,37,1423,273747600
30,37,1425,307994400
30,37,1427,203893200
30,37,1429,364089600
30,37,1431,273445200
30,37,1433,332715600
30,37,1435,338083200
30,37,1437,478699200
30,37,1439,301946400
30,37,1441,505688400
30,37,1443,366962400
30,37,1445,512946000
30,37,1447,416178000
30,37,1449,550746000
30,37,1451,430239600
30,37,1453,645321600
30,37,1455,449064000
30,37,1457,548856000
30,37,1459,541749600
30,37,1461,655905600
30,37,1463,483726600
30,37,1465,635448240
30,37,1467,559062000
30,37,1469,702172800
30,37,1471,593762400
30,37,1473,637232400
30,37,1475,521186400
30,37,1477,671176800
30,37,1479,474125400
30,37,1481,608958000
30,37,1483,463428000
30,37,1485,598449600
30,37,1487,522698400
30,37,1489,582498000
30,37,1491,538990200
30,37,1493,544244400
30,37,1495,455716800
30,37,1497,435229200
30,37,1499,456321600
30,37,1501,407484000
30,37,1503,379965600
30,37,1505,376790400
30,37,1507,378000000
30,37,1509,358570800
30,37,1511,299149200
30,37,1513,322660800
30,37,1515,290304000
30,37,1517,278434800
30,37,1519,222642000
30,37,1521,197618400
30,37,1523,224910000
30,37,1525,249177600
30,37,1527,197542800
30,37,1529,176752800
30,37,1531,165942000
30,37,1533,161330400
30,37,1535,104328000
30,37,1537,124664400
30,37,1539,133434000
30,37,1541,86335200
30,37,1543,92534400
30,37,1545,94096800
30,37,1547,65242800
30,37,1549,73785600
30,37,1551,51105600
30,37,1553,42184800
30,37,1555,55263600
30,37,1557,43848000
30,37,1559,29937600
30,37,1561,41277600
30,37,1563,26762400
30,37,1565,28879200
30,37,1567,19353600
30,37,1569,21067200
30,37,1571,13910400
30,37,1573,18748800
30,37,1575,17085600
30,37,1577,5594400
30,37,1579,16480800
30,37,1581,13154400
30,37,1583,6804000
30,37,1585,14666400
30,37,1587,6804000
30,37,1589,5745600
30,37,1591,11944800
30,37,1593,7560000
30,37,1595,3326400
30,37,1597,6955200
30,37,1599,2721600
30,37,1601,6274800
30,37,1603,4914000
30,37,1605,2721600
30,37,1607,151200
30,37,1609,3931200
30,37,1615,604800
30,37,1617,1360800
30,37,1623,1310400
30,37,1625,907200
30,37,1633,302400
30,37,1639,151200
30,37,1641,126000
30,37,1653,302400
30,37,1659,453600
30,38,1404,100800
30,38,1410,302400
30,38,1412,907200
30,38,1414,151200
30,38,1420,1814400
30,38,1422,604800
30,38,1426,907200
30,38,1428,604800
30,38,1430,3931200
30,38,1432,1814400
30,38,1438,3175200
30,38,1440,1864800
30,38,1442,4536000
30,38,1444,2721600
30,38,1446,1360800
30,38,1448,1814400
30,38,1450,5443200
30,38,1452,7711200
30,38,1454,4347000
30,38,1456,5443200
30,38,1458,2116800
30,38,1460,6350400
30,38,1462,13381200
30,38,1464,4989600
30,38,1466,11642400
30,38,1468,15422400
30,38,1470,13154400
30,38,1472,26308800
30,38,1474,15082200
30,38,1476,29484000
30,38,1478,41882400
30,38,1480,39009600
30,38,1482,24796800
30,38,1484,38102400
30,38,1486,43545600
30,38,1488,48232800
30,38,1490,69098400
30,38,1492,60026400
30,38,1494,55465200
30,38,1496,88603200
30,38,1498,78624000
30,38,1500,86788800
30,38,1502,97070400
30,38,1504,156870000
30,38,1506,98733600
30,38,1508,114534000
30,38,1510,155131200
30,38,1512,120204000
30,38,1514,186732000
30,38,1516,187185600
30,38,1518,146890800
30,38,1520,210319200
30,38,1522,216820800
30,38,1524,172519200
30,38,1526,268984800
30,38,1528,234662400
30,38,1530,235267200
30,38,1532,232696800
30,38,1534,315932400
30,38,1536,315705600
30,38,1538,295747200
30,38,1540,288640800
30,38,1542,291891600
30,38,1544,395955000
30,38,1546,415573200
30,38,1548,275675400
30,38,1550,360914400
30,38,1552,361821600
30,38,1554,362048400
30,38,1556,368928000
30,38,1558,396370800
30,38,1560,400226400
30,38,1562,428803200
30,38,1564,337478400
30,38,1566,335210400
30,38,1568,339519600
30,38,1570,450576000
30,38,1572,426988800
30,38,1574,417841200
30,38,1576,347608800
30,38,1578,360612000
30,38,1580,278812800
30,38,1582,333320400
30,38,1584,391482000
30,38,1586,337100400
30,38,1588,291891600
30,38,1590,334908000
30,38,1592,250387200
30,38,1594,262369800
30,38,1596,264297600
30,38,1598,261349200
30,38,1600,251899200
30,38,1602,244792800
30,38,1604,208051200
30,38,1606,196257600
30,38,1608,202557600
30,38,1610,201247200
30,38,1612,181137600
30,38,1614,157096800
30,38,1616,133056000
30,38,1618,114571800
30,38,1620,114609600
30,38,1622,123530400
30,38,1624,94953600
30,38,1626,85125600
30,38,1628,75751200
30,38,1630,69476400
30,38,1632,37195200
30,38,1634,79833600
30,38,1636,57002400
30,38,1638,55603800
30,38,1640,35229600
30,38,1642,31147200
30,38,1644,23965200
30,38,1646,44074800
30,38,1648,15346800
30,38,1650,28236600
30,38,1652,21470400
30,38,1654,11377800
30,38,1656,20865600
30,38,1658,18597600
30,38,1660,16783200
30,38,1662,3969000
30,38,1664,14061600
30,38,1666,5367600
30,38,1668,8618400
30,38,1670,5178600
30,38,1672,6652800
30,38,1674,4309200
30,38,1676,9374400
30,38,1678,1814400
30,38,1680,10659600
30,38,1682,3931200
30,38,1684,1360800
30,38,1686,2872800
30,38,1688,3024000
30,38,1692,3855600
30,38,1694,1663200
30,38,1696,604800
30,38,1698,2217600
30,38,1706,1209600
30,38,1710,907200
30,38,1716,1512000
30,38,1752,88200
30,39,1503,100800
30,39,1509,151200
30,39,1513,907200
30,39,1515,226800
30,39,1521,1814400
30,39,1523,907200
30,39,1525,302400
30,39,1527,5443200
30,39,1531,37800
30,39,1533,1965600
30,39,1539,453600
30,39,1541,1814400
30,39,1543,1965600
30,39,1545,5745600
30,39,1549,1209600
30,39,1551,151200
30,39,1553,3175200
30,39,1555,2721600
30,39,1557,6955200
30,39,1559,1814400
30,39,1561,1814400
30,39,1563,12549600
30,39,1565,1134000
30,39,1567,9676800
30,39,1569,30844800
30,39,1571,8164800
30,39,1573,2721600
30,39,1575,21319200
30,39,1577,4536000
30,39,1579,16934400
30,39,1581,24948000
30,39,1583,16178400
30,39,1585,38329200
30,39,1587,30618000
30,39,1589,28576800
30,39,1591,35758800
30,39,1593,71215200
30,39,1595,29484000
30,39,1597,66830400
30,39,1599,84369600
30,39,1601,50803200
30,39,1603,58816800
30,39,1605,108637200
30,39,1607,85881600
30,39,1609,115819200
30,39,1611,129427200
30,39,1613,111283200
30,39,1615,108939600
30,39,1617,169117200
30,39,1619,83008800
30,39,1621,145832400
30,39,1623,178718400
30,39,1625,168588000
30,39,1627,146134800
30,39,1629,251596800
30,39,1631,194443200
30,39,1633,184010400
30,39,1635,135550800
30,39,1637,204724800
30,39,1639,188395200
30,39,1641,199886400
30,39,1643,195048000
30,39,1645,251143200
30,39,1647,235267200
30,39,1649,230655600
30,39,1651,157021200
30,39,1653,282744000
30,39,1655,269703000
30,39,1657,192175200
30,39,1659,193082400
30,39,1661,248421600
30,39,1663,240710400
30,39,1665,260668800
30,39,1667,212889600
30,39,1669,226195200
30,39,1671,209071800
30,39,1673,189378000
30,39,1675,170251200
30,39,1677,205291800
30,39,1679,205632000
30,39,1681,138348000
30,39,1683,227404800
30,39,1685,238064400
30,39,1687,142430400
30,39,1689,146059200
30,39,1691,181326600
30,39,1693,153014400
30,39,1695,160272000
30,39,1697,159213600
30,39,1699,101606400
30,39,1701,115516800
30,39,1703,130032000
30,39,1705,66376800
30,39,1707,108486000
30,39,1709,98884800
30,39,1711,70232400
30,39,1713,72046800
30,39,1715,92647800
30,39,1717,36288000
30,39,1719,68720400
30,39,1721,44452800
30,39,1723,43999200
30,39,1725,36514800
30,39,1727,38556000
30,39,1729,18597600
30,39,1731,48081600
30,39,1733,21016800
30,39,1735,17992800
30,39,1737,29295000
30,39,1739,22528800
30,39,1741,9525600
30,39,1743,15044400
30,39,1745,11491200
30,39,1747,12171600
30,39,1749,7257600
30,39,1751,2268000
30,39,1753,8164800
30,39,1755,7560000
30,39,1757,1663200
30,39,1759,2116800
30,39,1761,6350400
30,39,1763,6955200
30,39,1765,3326400
30,39,1769,2721600
30,39,1771,1209600
30,39,1773,4309200
30,39,1777,7257600
30,39,1781,302400
30,39,1783,302400
30,39,1785,2721600
30,39,1789,1209600
30,39,1791,75600
30,39,1795,37800
30,39,1801,1814400
30,39,1813,1512000
30,40,1596,302400
30,40,1600,453600
30,40,1612,907200
30,40,1614,604800
30,40,1620,4037040
30,40,1624,1360800
30,40,1636,8618400
30,40,1638,2835000
30,40,1640,907200
30,40,1642,453600
30,40,1646,982800
30,40,1648,453600
30,40,1652,11113200
30,40,1654,11793600
30,40,1656,9072000
30,40,1660,5216400
30,40,1662,1890000
30,40,1664,907200
30,40,1666,756000
30,40,1668,1587600
30,40,1670,2457000
30,40,1672,13154400
30,40,1674,7257600
30,40,1676,3326400
30,40,1678,12700800
30,40,1680,13608000
30,40,1682,9072000
30,40,1684,16858800
30,40,1686,16178400
30,40,1688,19051200
30,40,1690,21319200
30,40,1692,30088800
30,40,1694,10432800
30,40,1696,46796400
30,40,1698,19958400
30,40,1700,35985600
30,40,1702,32054400
30,40,1704,67510800
30,40,1706,38102400
30,40,1708,66528000
30,40,1710,73483200
30,40,1712,69552000
30,40,1714,73483200
30,40,1716,66376800
30,40,1718,55036800
30,40,1720,98053200
30,40,1722,83613600
30,40,1724,107484300
30,40,1726,92080800
30,40,1728,132111000
30,40,1730,82101600
30,40,1732,129805200
30,40,1734,87696000
30,40,1736,109090800
30,40,1738,119448000
30,40,1740,96768000
30,40,1742,101228400
30,40,1744,175618800
30,40,1746,122850000
30,40,1748,95860800
30,40,1750,110829600
30,40,1752,117028800
30,40,1754,105991200
30,40,1756,158835600
30,40,1758,132904800
30,40,1760,145303200
30,40,1762,121716000
30,40,1764,100623600
30,40,1766,86486400
30,40,1768,144169200
30,40,1770,106293600
30,40,1772,102664800
30,40,1774,174031200
30,40,1776,81874800
30,40,1778,75448800
30,40,1780,131166000
30,40,1782,93592800
30,40,1784,69627600
30,40,1786,112039200
30,40,1788,59270400
30,40,1790,113702400
30,40,1792,95785200
30,40,1794,66074400
30,40,1796,50500800
30,40,1798,79228800
30,40,1800,59217480
30,40,1802,45964800
30,40,1804,49064400
30,40,1806,45813600
30,40,1808,39387600
30,40,1810,65620800
30,40,1812,30429000
30,40,1814,29786400
30,40,1816,20260800
30,40,1818,31752000
30,40,1820,11642400
30,40,1822,19656000
30,40,1824,18446400
30,40,1826,22377600
30,40,1828,13608000
30,40,1830,9676800
30,40,1832,14212800
30,40,1834,12096000
30,40,1836,4687200
30,40,1838,2116800
30,40,1840,11793600
30,40,1842,6804000
30,40,1844,2116800
30,40,1846,1512000
30,40,1848,3225600
30,40,1850,4838400
30,40,1852,226800
30,40,1854,856800
30,40,1856,2268000
30,40,1858,3175200
30,40,1862,453600
30,40,1864,1209600
30,40,1870,907200
30,40,1872,680400
30,40,1878,302400
30,40,1888,75600
30,40,1902,226800
30,40,1904,302400
30,40,1906,982800
30,40,1908,25200
30,40,1910,453600
30,40,1920,40320
30,40,1980,210
30,41,1695,302400
30,41,1697,453600
30,41,1711,453600
30,41,1713,151200
30,41,1723,75600
30,41,1727,226800
30,41,1731,3175200
30,41,1735,2041200
30,41,1737,907200
30,41,1739,529200
30,41,1749,17690400
30,41,1753,604800
30,41,1755,1360800
30,41,1757,907200
30,41,1761,3175200
30,41,1763,604800
30,41,1765,11793600
30,41,1767,8240400
30,41,1769,1134000
30,41,1771,18370800
30,41,1773,3749760
30,41,1775,2948400
30,41,1777,4536000
30,41,1779,453600
30,41,1781,14515200
30,41,1783,5140800
30,41,1785,13154400
30,41,1787,2343600
30,41,1789,19958400
30,41,1791,8618400
30,41,1793,4838400
30,41,1795,13154400
30,41,1797,14061600
30,41,1799,10130400
30,41,1801,25401600
30,41,1803,14288400
30,41,1805,45964800
30,41,1807,17350200
30,41,1809,26686800
30,41,1811,32356800
30,41,1813,41126400
30,41,1815,22377600
30,41,1817,46720800
30,41,1819,36288000
30,41,1821,68682600
30,41,1823,37270800
30,41,1825,40521600
30,41,1827,32810400
30,41,1829,50425200
30,41,1831,20487600
30,41,1833,61840800
30,41,1835,54734400
30,41,1837,58665600
30,41,1839,39765600
30,41,1841,83386800
30,41,1843,48610800
30,41,1845,79606800
30,41,1847,34624800
30,41,1849,58816800
30,41,1851,78472800
30,41,1853,79077600
30,41,1855,25855200
30,41,1857,73004400
30,41,1859,59572800
30,41,1861,58665600
30,41,1863,48006000
30,41,1865,90417600
30,41,1867,39160800
30,41,1869,55036800
30,41,1871,45586800
30,41,1873,53373600
30,41,1875,84865200
30,41,1877,55263600
30,41,1879,32659200
30,41,1881,73256400
30,41,1883,51256800
30,41,1885,29635200
30,41,1887,37497600
30,41,1889,38178000
30,41,1891,24796800
30,41,1893,56952000
30,41,1895,25704000
30,41,1897,22075200
30,41,1899,50198400
30,41,1901,23436000
30,41,1903,14212800
30,41,1905,22982400
30,41,1907,23511600
30,41,1909,13154400
30,41,1911,23436000
30,41,1913,7030800
30,41,1915,11188800
30,41,1917,12398400
30,41,1919,3024000
30,41,1921,1663200
30,41,1923,17917200
30,41,1925,2721600
30,41,1927,2721600
30,41,1929,2998800
30,41,1931,3628800
30,41,1933,907200
30,41,1935,907200
30,41,1939,3931200
30,41,1941,1360800
30,41,1943,30240
30,41,1945,604800
30,41,1947,781200
30,41,1949,1134000
30,41,1953,2721600
30,41,1955,2116800
30,41,1957,1814400
30,41,1961,302400
30,41,1963,1360800
30,41,1965,453600
30,41,1977,453600
30,41,1979,151200
30,41,1985,453600
30,41,1993,453600
30,41,1995,201600
30,41,2001,100800
30,42,1770,25200
30,42,1810,302400
30,42,1824,16800
30,42,1836,151200
30,42,1850,151200
30,42,1852,302400
30,42,1854,9450000
30,42,1860,151200
30,42,1862,8164800
30,42,1866,226800
30,42,1868,16329600
30,42,1870,9072000
30,42,1878,907200
30,42,1880,453600
30,42,1882,1360800
30,42,1884,32886000
30,42,1886,18597600
30,42,1888,9072000
30,42,1890,3888000
30,42,1892,226800
30,42,1894,19278000
30,42,1896,4158000
30,42,1898,7560000
30,42,1900,5518800
30,42,1902,24532200
30,42,1904,10281600
30,42,1906,7257600
30,42,1908,3780000
30,42,1910,5670000
30,42,1912,9979200
30,42,1914,13929300
30,42,1916,2721600
30,42,1918,24040800
30,42,1920,16430400
30,42,1922,12398400
30,42,1924,16027200
30,42,1926,12852000
30,42,1928,33566400
30,42,1930,24494400
30,42,1932,9181200
30,42,1934,18597600
30,42,1936,24948000
30,42,1938,30731400
30,42,1940,10886400
30,42,1942,44452800
30,42,1944,27367200
30,42,1946,20941200
30,42,1948,17085600
30,42,1950,42411600
30,42,1952,25704000
30,42,1954,47930400
30,42,1956,12474000
30,42,1958,37648800
30,42,1960,33793200
30,42,1962,31071600
30,42,1964,27216000
30,42,1966,43243200
30,42,1968,21924000
30,42,1970,35690760
30,42,1972,10281600
30,42,1974,33415200
30,42,1976,19656000
30,42,1978,27972000
30,42,1980,5443200
30,42,1982,29332800
30,42,1984,45057600
30,42,1986,14968800
30,42,1988,9072000
30,42,1990,15346800
30,42,1992,3376800
30,42,1994,17085600
30,42,1996,982800
30,42,1998,13608000
30,42,2000,11642400
30,42,2002,18144000
30,42,2004,7257600
30,42,2006,15573600
30,42,2008,9072000
30,42,2010,4233600
30,42,2012,302400
30,42,2014,9223200
30,42,2016,151200
30,42,2018,8467200
30,42,2020,3024000
30,42,2022,3591000
30,42,2026,6652800
30,42,2028,907200
30,42,2030,2759400
30,42,2034,907200
30,42,2036,453600
30,42,2038,2721600
30,42,2042,1512000
30,42,2044,604800
30,42,2048,1512000
30,42,2050,1209600
30,42,2052,1814400
30,42,2054,907200
30,42,2056,1360800
30,42,2060,907200
30,42,2062,151200
30,42,2064,151200
30,42,2068,302400
30,42,2070,756000
30,42,2076,604800
30,42,2082,453600
30,43,1951,151200
30,43,1969,8164800
30,43,1973,4082400
30,43,1981,17010000
30,43,1983,8164800
30,43,1987,1360800
30,43,1989,12247200
30,43,1991,8164800
30,43,1993,529200
30,43,1995,1134000
30,43,1999,16329600
30,43,2001,8618400
30,43,2003,9072000
30,43,2005,10432800
30,43,2007,3250800
30,43,2009,4233600
30,43,2011,4687200
30,43,2013,9979200
30,43,2015,7182000
30,43,2017,19958400
30,43,2019,3024000
30,43,2021,12020400
30,43,2023,3855600
30,43,2025,14817600
30,43,2029,11188800
30,43,2031,25250400
30,43,2033,20676600
30,43,2035,8316000
30,43,2037,6501600
30,43,2039,10886400
30,43,2041,11944800
30,43,2043,5594400
30,43,2045,7711200
30,43,2047,8920800
30,43,2049,18597600
30,43,2051,9979200
30,43,2053,17841600
30,43,2055,18900000
30,43,2057,21546000
30,43,2059,10999800
30,43,2061,14137200
30,43,2063,14968800
30,43,2065,12398400
30,43,2067,9072000
30,43,2069,5292000
30,43,2071,19807200
30,43,2073,10584000
30,43,2075,4838400
30,43,2077,15422400
30,43,2079,15460200
30,43,2081,5292000
30,43,2083,6426000
30,43,2085,10432800
30,43,2087,3780000
30,43,2089,5367600
30,43,2091,4611600
30,43,2093,11491200
30,43,2095,3175200
30,43,2097,3742200
30,43,2099,2457000
30,43,2101,529200
30,43,2103,6652800
30,43,2105,2797200
30,43,2107,2872800
30,43,2109,10659600
30,43,2111,1663200
30,43,2113,1209600
30,43,2115,2721600
30,43,2117,453600
30,43,2119,945000
30,43,2121,1058400
30,43,2123,604800
30,43,2125,3628800
30,43,2127,1814400
30,43,2131,2721600
30,43,2133,756000
30,43,2135,151200
30,43,2137,75600
30,43,2139,756000
30,43,2141,604800
30,43,2145,1814400
30,43,2151,1134000
30,43,2157,478800
30,44,1968,12600
30,44,2068,75600
30,44,2074,151200
30,44,2076,5443200
30,44,2082,680400
30,44,2090,16329600
30,44,2092,340200
30,44,2100,4082400
30,44,2104,8164800
30,44,2106,9525600
30,44,2108,8164800
30,44,2110,604800
30,44,2112,16329600
30,44,2114,4082400
30,44,2116,302400
30,44,2118,604800
30,44,2122,16329600
30,44,2124,37800
30,44,2126,1663200
30,44,2128,604800
30,44,2130,8316000
30,44,2134,756000
30,44,2136,5140800
30,44,2138,37800
30,44,2140,3250800
30,44,2142,10281600
30,44,2144,3326400
30,44,2146,13910400
30,44,2148,3931200
30,44,2150,1209600
30,44,2152,7257600
30,44,2154,7257600
30,44,2156,6652800
30,44,2158,1965600
30,44,2160,6652800
30,44,2162,907200
30,44,2164,6350400
30,44,2166,453600
30,44,2168,6048000
30,44,2170,1814400
30,44,2172,9198000
30,44,2174,1360800
30,44,2176,4611600
30,44,2178,604800
30,44,2180,4233600
30,44,2182,907200
30,44,2184,5443200
30,44,2186,226800
30,44,2188,7257600
30,44,2192,1814400
30,44,2194,1209600
30,44,2196,3628800
30,44,2200,3175200
30,44,2202,2545200
30,44,2204,2419200
30,44,2206,1663200
30,44,2208,1486800
30,44,2210,2268000
30,44,2216,302400
30,44,2218,1134000
30,44,2220,2872800
30,44,2226,252000
30,44,2228,264600
30,44,2232,3679200
30,44,2234,151200
30,44,2236,302400
30,44,2240,151200
30,44,2244,806400
30,44,2250,4200
30,45,2059,226800
30,45,2077,453600
30,45,2097,75600
30,45,2115,2520
30,45,2127,151200
30,45,2187,50400
30,45,2199,1373400
30,45,2203,8164800
30,45,2207,8164800
30,45,2209,8164800
30,45,2215,1360800
30,45,2221,151200
30,45,2223,37800
30,45,2227,5518800
30,45,2231,2721600
30,45,2233,17690400
30,45,2235,4158000
30,45,2239,9525600
30,45,2241,151200
30,45,2245,453600
30,45,2251,8542800
30,45,2255,340200
30,45,2257,2721600
30,45,2259,705600
30,45,2263,4687200
30,45,2265,907200
30,45,2267,1360800
30,45,2269,1209600
30,45,2271,1058400
30,45,2275,1360800
30,45,2279,226800
30,45,2281,3931200
30,45,2283,1058400
30,45,2287,2116800
30,45,2289,907200
30,45,2291,302400
30,45,2293,2419200
30,45,2295,1461600
30,45,2297,3024000
30,45,2299,2116800
30,45,2301,1814400
30,45,2305,2721600
30,45,2307,1663200
30,45,2309,907200
30,45,2311,1814400
30,45,2313,302400
30,45,2315,453600
30,45,2317,907200
30,45,2323,302400
30,45,2327,302400
30,45,2355,211680
30,46,2184,56700
30,46,2194,226800
30,46,2200,907200
30,46,2216,453600
30,46,2218,907200
30,46,2232,151200
30,46,2234,226800
30,46,2266,151200
30,46,2304,1360800
30,46,2316,8400
30,46,2320,8164800
30,46,2322,151200
30,46,2332,302400
30,46,2342,302400
30,46,2344,9525600
30,46,2346,37800
30,46,2348,75600
30,46,2350,718200
30,46,2352,226800
30,46,2356,604800
30,46,2358,4687200
30,46,2360,340200
30,46,2366,1814400
30,46,2368,6350400
30,46,2370,1512000
30,46,2376,2268000
30,46,2378,937440
30,46,2386,56700
30,46,2388,257040
30,46,2390,56700
30,46,2392,680400
30,46,2416,604800
30,46,2418,257040
30,46,2424,226800
30,46,2426,1209600
30,46,2434,1209600
30,47,2317,907200
30,47,2325,90720
30,47,2337,907200
30,47,2341,907200
30,47,2343,113400
30,47,2353,907200
30,47,2357,453600
30,47,2371,302400
30,47,2393,453600
30,47,2421,50400
30,47,2437,2721600
30,47,2439,907200
30,47,2443,75600
30,47,2455,30240
30,47,2457,4536000
30,47,2461,75600
30,47,2463,151200
30,47,2471,151200
30,47,2475,2041200
30,47,2477,680400
30,47,2479,529200
30,47,2481,37800
30,47,2485,7560
30,47,2487,604800
30,47,2489,151200
30,47,2491,1512000
30,47,2493,1360800
30,47,2495,453600
30,47,2497,756000
30,47,2499,378000
30,47,2501,75600
30,47,2505,907200
30,47,2507,604800
30,47,2511,113400
30,47,2513,226800
30,47,2515,453600
30,47,2517,75600
30,48,2442,302400
30,48,2446,453600
30,48,2454,226800
30,48,2460,1814400
30,48,2466,50400
30,48,2478,907200
30,48,2484,18900
30,48,2486,453600
30,48,2500,302400
30,48,2518,75600
30,48,2526,50400
30,48,2568,1360800
30,48,2572,680400
30,48,2588,2721600
30,48,2604,1360800
30,49,2571,302400
30,49,2579,907200
30,49,2587,302400
30,49,2589,302400
30,49,2611,604800
30,49,2617,226800
30,49,2619,378000
30,49,2643,75600
30,50,2692,302400
30,50,2696,453600
30,50,2712,151200
30,50,2724,176400
30,50,2726,302400
30,50,2734,302400
30,50,2756,94500
30,50,2820,1260
30,50,2850,93240
30,51,2811,12600
30,51,2829,151200
30,51,2835,151200
30,51,2859,302400
30,51,2883,78120
30,51,2893,7560
30,51,2923,272160
30,51,2933,340200
30,52,3000,15120
30,53,3091,75600
30,53,3111,50400
30,56,3528,3600
30,57,3615,2520
31,28,740,75600
31,28,772,37800
31,28,804,25200
31,29,797,302400
31,29,807,75600
31,29,827,302400
31,29,839,189000
31,29,847,75600
31,29,879,151200
31,30,822,75600
31,30,824,453600
31,30,834,1360800
31,30,838,907200
31,30,840,151200
31,30,842,453600
31,30,846,1663200
31,30,850,340200
31,30,854,302400
31,30,858,296100
31,30,862,604800
31,30,870,1587600
31,30,878,1663200
31,30,880,30240
31,30,884,302400
31,30,886,2116800
31,30,894,604800
31,30,900,453600
31,30,906,25200
31,30,910,982800
31,30,918,75600
31,30,920,737100
31,30,930,153720
31,30,934,604800
31,30,942,604800
31,30,948,75600
31,30,950,604800
31,30,958,113400
31,30,970,567000
31,30,990,75600
31,30,998,151200
31,30,1000,302400
31,30,1020,18900
31,30,1038,37800
31,30,1050,50400
31,30,1070,37800
31,31,877,453600
31,31,879,302400
31,31,885,1814400
31,31,887,3175200
31,31,893,2721600
31,31,895,4536000
31,31,897,5292000
31,31,899,2721600
31,31,901,5443200
31,31,903,1814400
31,31,905,529200
31,31,907,907200
31,31,909,3628800
31,31,911,2721600
31,31,913,5443200
31,31,915,2721600
31,31,917,2721600
31,31,919,6048000
31,31,921,1512000
31,31,923,2116800
31,31,927,7711200
31,31,929,1814400
31,31,931,6048000
31,31,933,1360800
31,31,935,3628800
31,31,937,5745600
31,31,939,4082400
31,31,941,2721600
31,31,943,453600
31,31,945,1398600
31,31,947,907200
31,31,949,3024000
31,31,951,1965600
31,31,955,907200
31,31,957,100800
31,31,959,453600
31,31,961,302400
31,31,963,4687200
31,31,965,907200
31,31,967,907200
31,31,969,2570400
31,31,971,302400
31,31,973,907200
31,31,975,226800
31,31,977,4082400
31,31,983,907200
31,31,987,756000
31,31,989,1814400
31,31,995,982800
31,31,999,1360800
31,31,1003,1814400
31,31,1009,1058400
31,31,1013,15120
31,31,1015,907200
31,31,1023,151200
31,31,1029,907200
31,31,1031,75600
31,31,1035,604800
31,31,1045,302400
31,31,1051,604800
31,31,1055,680400
31,31,1069,151200
31,31,1081,151200
31,31,1105,453600
31,31,1111,75600
31,31,1119,75600
31,31,1125,50400
31,31,1131,50400
31,31,1161,12600
31,32,934,907200
31,32,936,1965600
31,32,938,3628800
31,32,940,2268000
31,32,944,1360800
31,32,946,9072000
31,32,948,9525600
31,32,950,7257600
31,32,952,20412000
31,32,954,13759200
31,32,956,5017950
31,32,958,16329600
31,32,960,10218600
31,32,962,10584000
31,32,964,17690400
31,32,966,9072000
31,32,968,13759200
31,32,970,12096000
31,32,972,27972000
31,32,974,31752000
31,32,976,9298800
31,32,978,27972000
31,32,980,19504800
31,32,982,19353600
31,32,984,26384400
31,32,986,33868800
31,32,988,23481360
31,32,990,16783200
31,32,992,17690400
31,32,994,10584000
31,32,996,19958400
31,32,998,16783200
31,32,1000,12852000
31,32,1002,5443200
31,32,1004,26157600
31,32,1006,7408800
31,32,1008,5670000
31,32,1010,6350400
31,32,1012,17010000
31,32,1014,11340000
31,32,1016,11491200
31,32,1018,11491200
31,32,1020,14118300
31,32,1022,11415600
31,32,1024,13003200
31,32,1026,4536000
31,32,1028,11151000
31,32,1030,4082400
31,32,1032,6501600
31,32,1034,3931200
31,32,1036,7862400
31,32,1038,3931200
31,32,1040,6199200
31,32,1042,453600
31,32,1044,10206000
31,32,1046,5443200
31,32,1048,5292000
31,32,1052,9752400
31,32,1054,3326400
31,32,1056,3628800
31,32,1058,1512000
31,32,1060,6645240
31,32,1062,3628800
31,32,1064,7560000
31,32,1068,4082400
31,32,1070,907200
31,32,1072,4989600
31,32,1076,1512000
31,32,1080,604800
31,32,1084,1814400
31,32,1086,1008000
31,32,1088,604800
31,32,1090,453600
31,32,1092,2041200
31,32,1096,6048000
31,32,1104,1814400
31,32,1108,1814400
31,32,1112,756000
31,32,1116,453600
31,32,1122,113400
31,32,1124,756000
31,32,1128,3150
31,32,1132,453600
31,32,1136,453600
31,32,1140,529200
31,32,1148,910980
31,32,1152,604800
31,32,1160,15120
31,32,1172,453600
31,32,1174,302400
31,32,1212,88200
31,32,1220,15120
31,32,1248,25200
31,33,991,378000
31,33,993,9072000
31,33,995,907200
31,33,1001,6350400
31,33,1003,11793600
31,33,1005,12700800
31,33,1007,52617600
31,33,1009,13683600
31,33,1011,8618400
31,33,1013,32205600
31,33,1015,9676800
31,33,1017,45360000
31,33,1019,51294600
31,33,1021,39463200
31,33,1023,25704000
31,33,1025,87091200
31,33,1027,43999200
31,33,1029,39009600
31,33,1031,56700000
31,33,1033,100699200
31,33,1035,57758400
31,33,1037,69703200
31,33,1039,67208400
31,33,1041,92080800
31,33,1043,46720800
31,33,1045,53978400
31,33,1047,76431600
31,33,1049,64411200
31,33,1051,79380000
31,33,1053,58287600
31,33,1055,53071200
31,33,1057,66074400
31,33,1059,46834200
31,33,1061,65772000
31,33,1063,57909600
31,33,1065,81345600
31,33,1067,75297600
31,33,1069,54734400
31,33,1071,30391200
31,33,1073,50500800
31,33,1075,61236000
31,33,1077,33566400
31,33,1079,50576400
31,33,1081,55490400
31,33,1083,69703200
31,33,1085,33566400
31,33,1087,46796400
31,33,1089,42109200
31,33,1091,36363600
31,33,1093,32054400
31,33,1095,30088800
31,33,1097,36741600
31,33,1099,33566400
31,33,1101,23436000
31,33,1103,18673200
31,33,1105,32356800
31,33,1107,30996000
31,33,1109,14061600
31,33,1111,23851800
31,33,1113,21621600
31,33,1115,13608000
31,33,1117,29937600
31,33,1119,16632000
31,33,1121,13608000
31,33,1123,9979200
31,33,1125,6048000
31,33,1127,9979200
31,33,1129,9223200
31,33,1131,15548400
31,33,1133,13759200
31,33,1135,13759200
31,33,1137,8920800
31,33,1139,3628800
31,33,1141,8164800
31,33,1143,9676800
31,33,1145,7560000
31,33,1147,11037600
31,33,1151,3780000
31,33,1153,2721600
31,33,1155,3477600
31,33,1157,5292000
31,33,1161,2268000
31,33,1163,5405400
31,33,1165,302400
31,33,1167,504000
31,33,1169,907200
31,33,1171,3175200
31,33,1173,2419200
31,33,1175,3628800
31,33,1177,907200
31,33,1179,907200
31,33,1181,907200
31,33,1183,4536000
31,33,1185,6652800
31,33,1189,1360800
31,33,1191,907200
31,33,1195,1512000
31,33,1197,1814400
31,33,1199,1814400
31,33,1201,1814400
31,33,1203,1814400
31,33,1207,907200
31,33,1211,907200
31,33,1215,302400
31,33,1221,907200
31,33,1223,1814400
31,33,1225,1814400
31,33,1233,302400
31,33,1235,907200
31,33,1237,302400
31,33,1243,453600
31,33,1257,302400
31,33,1263,302400
31,33,1269,151200
31,33,1281,302400
31,34,1050,4989600
31,34,1058,1814400
31,34,1060,3628800
31,34,1062,31978800
31,34,1064,13608000
31,34,1066,3855600
31,34,1068,45360000
31,34,1070,25855200
31,34,1072,18597600
31,34,1074,21319200
31,34,1076,31752000
31,34,1078,28198800
31,34,1080,85276800
31,34,1082,123379200
31,34,1084,80740800
31,34,1086,75448800
31,34,1088,87091200
31,34,1090,105235200
31,34,1092,96163200
31,34,1094,133358400
31,34,1096,163749600
31,34,1098,102513600
31,34,1100,115668000
31,34,1102,108183600
31,34,1104,149688000
31,34,1106,129276000
31,34,1108,177811200
31,34,1110,164165400
31,34,1112,119750400
31,34,1114,219315600
31,34,1116,126554400
31,34,1118,153770400
31,34,1120,178264800
31,34,1122,223398000
31,34,1124,149688000
31,34,1126,171007200
31,34,1128,175089600
31,34,1130,167832000
31,34,1132,174484800
31,34,1134,135399600
31,34,1136,131544000
31,34,1138,199962000
31,34,1140,152031600
31,34,1142,181062000
31,34,1144,134568000
31,34,1146,177735600
31,34,1148,139708800
31,34,1150,126100800
31,34,1152,156492000
31,34,1154,161406000
31,34,1156,141296400
31,34,1158,101228400
31,34,1160,121413600
31,34,1162,126327600
31,34,1164,97423200
31,34,1166,77792400
31,34,1168,91173600
31,34,1170,99262800
31,34,1172,82782000
31,34,1174,88376400
31,34,1176,62785800
31,34,1178,105235200
31,34,1180,56851200
31,34,1182,53978400
31,34,1184,61538400
31,34,1186,84974400
31,34,1188,40975200
31,34,1190,42714000
31,34,1192,47628000
31,34,1194,44629200
31,34,1196,36288000
31,34,1198,41126400
31,34,1200,39160800
31,34,1202,53676000
31,34,1204,19467000
31,34,1206,26535600
31,34,1208,16480800
31,34,1210,31752000
31,34,1212,26308800
31,34,1214,15309000
31,34,1216,9979200
31,34,1218,15876000
31,34,1220,9979200
31,34,1222,20034000
31,34,1224,22302000
31,34,1226,21772800
31,34,1228,9676800
31,34,1230,14893200
31,34,1232,13305600
31,34,1234,18370800
31,34,1236,10886400
31,34,1238,18068400
31,34,1240,9676800
31,34,1242,11037600
31,34,1244,1814400
31,34,1246,4214700
31,34,1248,2419200
31,34,1250,10735200
31,34,1252,4989600
31,34,1254,9424800
31,34,1256,5065200
31,34,1258,2721600
31,34,1260,907200
31,34,1262,4838400
31,34,1264,4989600
31,34,1266,8164800
31,34,1268,4536000
31,34,1270,1927800
31,34,1272,2822400
31,34,1274,3024000
31,34,1276,1134000
31,34,1278,2998800
31,34,1282,3175200
31,34,1286,3061800
31,34,1288,302400
31,34,1292,1814400
31,34,1294,604800
31,34,1298,226800
31,34,1302,1814400
31,34,1304,907200
31,34,1306,2419200
31,34,1310,453600
31,34,1312,907200
31,34,1314,453600
31,34,1316,907200
31,34,1318,1285200
31,34,1326,907200
31,34,1338,100800
31,34,1344,302400
31,34,1350,25200
31,34,1360,302400
31,34,1386,18900
31,34,1476,1260
31,35,1115,907200
31,35,1117,151200
31,35,1121,2721600
31,35,1123,9072000
31,35,1125,4536000
31,35,1127,1814400
31,35,1133,28576800
31,35,1135,39009600
31,35,1137,29484000
31,35,1139,18144000
31,35,1141,7257600
31,35,1143,14515200
31,35,1145,68947200
31,35,1147,90720000
31,35,1149,86486400
31,35,1151,60328800
31,35,1153,70761600
31,35,1155,48736800
31,35,1157,48081600
31,35,1159,116575200
31,35,1161,152409600
31,35,1163,119296800
31,35,1165,136080000
31,35,1167,175543200
31,35,1169,166017600
31,35,1171,144698400
31,35,1173,275335200
31,35,1175,166924800
31,35,1177,237081600
31,35,1179,194140800
31,35,1181,220222800
31,35,1183,289850400
31,35,1185,262634400
31,35,1187,232243200
31,35,1189,249480000
31,35,1191,316159200
31,35,1193,290984400
31,35,1195,294840000
31,35,1197,366508800
31,35,1199,295142400
31,35,1201,357210000
31,35,1203,361821600
31,35,1205,320695200
31,35,1207,268531200
31,35,1209,402192000
31,35,1211,322056000
31,35,1213,297108000
31,35,1215,294159600
31,35,1217,373010400
31,35,1219,323416800
31,35,1221,334303200
31,35,1223,228463200
31,35,1225,322509600
31,35,1227,202759200
31,35,1229,245473200
31,35,1231,232696800
31,35,1233,364845600
31,35,1235,213116400
31,35,1237,247968000
31,35,1239,191419200
31,35,1241,240030000
31,35,1243,255830400
31,35,1245,229219200
31,35,1247,158760000
31,35,1249,217728000
31,35,1251,152359200
31,35,1253,163900800
31,35,1255,158986800
31,35,1257,140767200
31,35,1259,78321600
31,35,1261,141976800
31,35,1263,111585600
31,35,1265,127234800
31,35,1267,106747200
31,35,1269,101152800
31,35,1271,65620800
31,35,1273,131241600
31,35,1275,83008800
31,35,1277,92836800
31,35,1279,81950400
31,35,1281,88149600
31,35,1283,62445600
31,35,1285,73785600
31,35,1287,48762000
31,35,1289,59572800
31,35,1291,52315200
31,35,1293,42940800
31,35,1295,42789600
31,35,1297,34322400
31,35,1299,30870000
31,35,1301,46872000
31,35,1303,50803200
31,35,1305,34004880
31,35,1307,33264000
31,35,1309,42487200
31,35,1311,20563200
31,35,1313,29975400
31,35,1315,9676800
31,35,1317,38404800
31,35,1319,17236800
31,35,1321,14061600
31,35,1323,17816400
31,35,1325,9979200
31,35,1327,19504800
31,35,1329,13759200
31,35,1331,14212800
31,35,1333,14364000
31,35,1335,14540400
31,35,1337,7408800
31,35,1339,5292000
31,35,1341,9525600
31,35,1345,6350400
31,35,1347,16178400
31,35,1349,3477600
31,35,1351,2041200
31,35,1353,3981600
31,35,1355,3477600
31,35,1357,2268000
31,35,1359,4838400
31,35,1361,7560000
31,35,1363,2948400
31,35,1365,7257600
31,35,1367,1512000
31,35,1369,151200
31,35,1373,907200
31,35,1375,907200
31,35,1377,151200
31,35,1379,1209600
31,35,1381,1814400
31,35,1383,907200
31,35,1385,1171800
31,35,1387,1209600
31,35,1389,1814400
31,35,1391,907200
31,35,1393,453600
31,35,1395,151200
31,35,1399,453600
31,35,1401,1512000
31,35,1405,604800
31,35,1409,907200
31,35,1411,453600
31,35,1423,453600
31,35,1425,100800
31,35,1441,226800
31,35,1449,176400
31,35,1455,100800
31,36,1188,226800
31,36,1190,453600
31,36,1192,453600
31,36,1196,5443200
31,36,1198,1814400
31,36,1200,3628800
31,36,1204,3628800
31,36,1206,9979200
31,36,1208,18144000
31,36,1210,16632000
31,36,1212,12398400
31,36,1214,3175200
31,36,1216,19051200
31,36,1218,39916800
31,36,1220,50349600
31,36,1222,38102400
31,36,1224,46267200
31,36,1226,64411200
31,36,1228,44452800
31,36,1230,71668800
31,36,1232,79266600
31,36,1234,88452000
31,36,1236,68493600
31,36,1238,106596000
31,36,1240,102513600
31,36,1242,131392800
31,36,1244,151729200
31,36,1246,138801600
31,36,1248,182800800
31,36,1250,268984800
31,36,1252,195615000
31,36,1254,243129600
31,36,1256,348364800
31,36,1258,260820000
31,36,1260,319334400
31,36,1262,282895200
31,36,1264,357890400
31,36,1266,323870400
31,36,1268,332715600
31,36,1270,343526400
31,36,1272,379814400
31,36,1274,454507200
31,36,1276,399848400
31,36,1278,417160800
31,36,1280,449971200
31,36,1282,334189800
31,36,1284,525656250
31,36,1286,366962400
31,36,1288,547495200
31,36,1290,483084000
31,36,1292,494121600
31,36,1294,395766000
31,36,1296,452088000
31,36,1298,351615600
31,36,1300,423586800
31,36,1302,391759200
31,36,1304,466149600
31,36,1306,471895200
31,36,1308,420547680
31,36,1310,356076000
31,36,1312,460404000
31,36,1314,417312000
31,36,1316,365185800
31,36,1318,393876000
31,36,1320,381628800
31,36,1322,332942400
31,36,1324,349952400
31,36,1326,272311200
31,36,1328,324021600
31,36,1330,227707200
31,36,1332,322282800
31,36,1334,260366400
31,36,1336,317368800
31,36,1338,241693200
31,36,1340,268228800
31,36,1342,193233600
31,36,1344,224154000
31,36,1346,196862400
31,36,1348,242789400
31,36,1350,183556800
31,36,1352,202230000
31,36,1354,180684000
31,36,1356,172670400
31,36,1358,115063200
31,36,1360,156038400
31,36,1362,148024800
31,36,1364,172821600
31,36,1366,97977600
31,36,1368,95256000
31,36,1370,94197600
31,36,1372,130636800
31,36,1374,68115600
31,36,1376,129087000
31,36,1378,72576000
31,36,1380,68380200
31,36,1382,73332000
31,36,1384,62143200
31,36,1386,69804000
31,36,1388,104176800
31,36,1390,21168000
31,36,1392,65469600
31,36,1394,38556000
31,36,1396,49291200
31,36,1398,34020000
31,36,1400,56246400
31,36,1402,25401600
31,36,1404,42184800
31,36,1406,17236800
31,36,1408,27064800
31,36,1410,17539200
31,36,1412,35002800
31,36,1414,24494400
31,36,1416,19656000
31,36,1418,12927600
31,36,1420,23814000
31,36,1422,4662000
31,36,1424,12096000
31,36,1426,12700800
31,36,1428,16783200
31,36,1430,2570400
31,36,1432,10886400
31,36,1434,6955200
31,36,1436,21319200
31,36,1438,6350400
31,36,1440,5216400
31,36,1442,2268000
31,36,1444,2721600
31,36,1446,8769600
31,36,1448,7711200
31,36,1450,3628800
31,36,1452,3477600
31,36,1454,2721600
31,36,1456,3931200
31,36,1458,6350400
31,36,1460,4082400
31,36,1462,3024000
31,36,1464,1663200
31,36,1468,1776600
31,36,1470,907200
31,36,1472,4233600
31,36,1474,2116800
31,36,1478,302400
31,36,1486,680400
31,36,1488,567000
31,36,1492,226800
31,36,1494,151200
31,36,1496,75600
31,36,1502,302400
31,36,1512,37800
31,36,1518,907200
31,36,1524,226800
31,36,1552,151200
31,37,1277,5443200
31,37,1279,907200
31,37,1281,9374400
31,37,1283,1814400
31,37,1285,3175200
31,37,1287,2268000
31,37,1289,7257600
31,37,1291,7862400
31,37,1293,907200
31,37,1295,9072000
31,37,1297,3628800
31,37,1299,17841600
31,37,1301,18144000
31,37,1303,33112800
31,37,1305,45360000
31,37,1307,59875200
31,37,1309,61236000
31,37,1311,56700000
31,37,1313,65772000
31,37,1315,58514400
31,37,1317,88225200
31,37,1319,47628000
31,37,1321,145605600
31,37,1323,70308000
31,37,1325,158986800
31,37,1327,86864400
31,37,1329,170100000
31,37,1331,168739200
31,37,1333,169192800
31,37,1335,184161600
31,37,1337,234511200
31,37,1339,215913600
31,37,1341,257493600
31,37,1343,209109600
31,37,1345,196408800
31,37,1347,207900000
31,37,1349,349725600
31,37,1351,266263200
31,37,1353,423360000
31,37,1355,388054800
31,37,1357,342619200
31,37,1359,402040800
31,37,1361,452692800
31,37,1363,308674800
31,37,1365,376639200
31,37,1367,464032800
31,37,1369,447249600
31,37,1371,469702800
31,37,1373,464940000
31,37,1375,390005280
31,37,1377,536760000
31,37,1379,529200000
31,37,1381,511056000
31,37,1383,376563600
31,37,1385,568209600
31,37,1387,497145600
31,37,1389,483084000
31,37,1391,378982800
31,37,1393,474465600
31,37,1395,492458400
31,37,1397,508334400
31,37,1399,407559600
31,37,1401,616744800
31,37,1403,480967200
31,37,1405,445284000
31,37,1407,435002400
31,37,1409,454960800
31,37,1411,377244000
31,37,1413,396446400
31,37,1415,401814000
31,37,1417,423435600
31,37,1419,495633600
31,37,1421,387374400
31,37,1423,324550800
31,37,1425,380570400
31,37,1427,327272400
31,37,1429,293932800
31,37,1431,310413600
31,37,1433,308977200
31,37,1435,270224640
31,37,1437,281836800
31,37,1439,226195200
31,37,1441,293025600
31,37,1443,235191600
31,37,1445,178794000
31,37,1447,197467200
31,37,1449,210319200
31,37,1451,176299200
31,37,1453,138801600
31,37,1455,126113400
31,37,1457,145605600
31,37,1459,126554400
31,37,1461,147231000
31,37,1463,114004800
31,37,1465,136110240
31,37,1467,101908800
31,37,1469,118692000
31,37,1471,79531200
31,37,1473,95432400
31,37,1475,57456000
31,37,1477,76960800
31,37,1479,62067600
31,37,1481,64411200
31,37,1483,53676000
31,37,1485,60782400
31,37,1487,40521600
31,37,1489,49858200
31,37,1491,65772000
31,37,1493,51710400
31,37,1495,21772800
31,37,1497,32659200
31,37,1499,25250400
31,37,1501,29786400
31,37,1503,39160800
31,37,1505,19353600
31,37,1507,23889600
31,37,1509,19051200
31,37,1511,9072000
31,37,1513,17236800
31,37,1515,18748800
31,37,1517,14666400
31,37,1519,3175200
31,37,1521,6048000
31,37,1523,5896800
31,37,1525,13608000
31,37,1527,11793600
31,37,1529,6955200
31,37,1531,3931200
31,37,1533,6652800
31,37,1535,5896800
31,37,1537,8467200
31,37,1539,6501600
31,37,1541,5896800
31,37,1543,3326400
31,37,1545,4788000
31,37,1547,302400
31,37,1549,151200
31,37,1551,1360800
31,37,1553,1360800
31,37,1555,907200
31,37,1557,2116800
31,37,1559,453600
31,37,1561,1360800
31,37,1569,856800
31,37,1573,1814400
31,37,1575,302400
31,37,1579,302400
31,37,1585,756000
31,37,1587,151200
31,37,1593,151200
31,37,1603,302400
31,37,1605,151200
31,37,1623,201600
31,38,1338,151200
31,38,1354,1020600
31,38,1356,2721600
31,38,1358,907200
31,38,1360,907200
31,38,1362,907200
31,38,1364,4536000
31,38,1366,5443200
31,38,1368,3628800
31,38,1372,2268000
31,38,1374,6350400
31,38,1376,9072000
31,38,1378,7560000
31,38,1380,19051200
31,38,1382,5670000
31,38,1384,3175200
31,38,1386,19958400
31,38,1388,23587200
31,38,1390,18030600
31,38,1392,34776000
31,38,1394,19504800
31,38,1396,14515200
31,38,1398,12247200
31,38,1400,50652000
31,38,1402,73029600
31,38,1404,66528000
31,38,1406,54432000
31,38,1408,94046400
31,38,1410,68871600
31,38,1412,63504000
31,38,1414,82215000
31,38,1416,79833600
31,38,1418,109015200
31,38,1420,120657600
31,38,1422,102967200
31,38,1424,168588000
31,38,1426,182196000
31,38,1428,146664000
31,38,1430,175543200
31,38,1432,236703600
31,38,1434,226497600
31,38,1436,178567200
31,38,1438,220903200
31,38,1440,203439600
31,38,1442,220449600
31,38,1444,305726400
31,38,1446,291664800
31,38,1448,320241600
31,38,1450,335399400
31,38,1452,368776800
31,38,1454,302135400
31,38,1456,448156800
31,38,1458,396937800
31,38,1460,404460000
31,38,1462,427971600
31,38,1464,440445600
31,38,1466,385862400
31,38,1468,462067200
31,38,1470,490946400
31,38,1472,491853600
31,38,1474,467586000
31,38,1476,529048800
31,38,1478,499186800
31,38,1480,527990400
31,38,1482,465696000
31,38,1484,469173600
31,38,1486,457228800
31,38,1488,569721600
31,38,1490,493857000
31,38,1492,451332000
31,38,1494,494298000
31,38,1496,502891200
31,38,1498,423813600
31,38,1500,511887600
31,38,1502,416253600
31,38,1504,445435200
31,38,1506,476884800
31,38,1508,443620800
31,38,1510,405820800
31,38,1512,388735200
31,38,1514,407257200
31,38,1516,377697600
31,38,1518,389944800
31,38,1520,356529600
31,38,1522,275335200
31,38,1524,319334400
31,38,1526,331203600
31,38,1528,265204800
31,38,1530,311169600
31,38,1532,297712800
31,38,1534,274730400
31,38,1536,265935600
31,38,1538,236930400
31,38,1540,190814400
31,38,1542,210697200
31,38,1544,184312800
31,38,1546,212738400
31,38,1548,140313600
31,38,1550,166320000
31,38,1552,111736800
31,38,1554,144547200
31,38,1556,130183200
31,38,1558,145530000
31,38,1560,75751200
31,38,1562,121300200
31,38,1564,81874800
31,38,1566,84722400
31,38,1568,68191200
31,38,1570,68947200
31,38,1572,59270400
31,38,1574,96465600
31,38,1576,45208800
31,38,1578,48988800
31,38,1580,41958000
31,38,1582,45662400
31,38,1584,33364800
31,38,1586,46229400
31,38,1588,21470400
31,38,1590,40672800
31,38,1592,30693600
31,38,1594,24343200
31,38,1596,29786400
31,38,1598,31298400
31,38,1600,18144000
31,38,1602,20979000
31,38,1604,10130400
31,38,1606,16632000
31,38,1608,8467200
31,38,1610,15120000
31,38,1612,1814400
31,38,1614,14893200
31,38,1616,4687200
31,38,1618,6350400
31,38,1620,5140800
31,38,1622,14968800
31,38,1624,4536000
31,38,1626,2872800
31,38,1628,6350400
31,38,1630,4309200
31,38,1632,1587600
31,38,1634,907200
31,38,1636,3099600
31,38,1638,5745600
31,38,1640,1965600
31,38,1642,1058400
31,38,1644,907200
31,38,1646,4233600
31,38,1650,1247400
31,38,1652,453600
31,38,1656,302400
31,38,1660,604800
31,38,1662,302400
31,38,1664,907200
31,38,1668,151200
31,38,1670,302400
31,38,1680,453600
31,38,1688,151200
31,38,1694,75600
31,38,1698,302400
31,38,1704,25200
31,38,1716,302400
31,38,1752,25200
31,39,1419,453600
31,39,1437,907200
31,39,1439,453600
31,39,1441,907200
31,39,1449,3628800
31,39,1451,1965600
31,39,1457,2721600
31,39,1461,4548600
31,39,1463,2570400
31,39,1465,1814400
31,39,1467,2570400
31,39,1471,1512000
31,39,1473,7560000
31,39,1475,6804000
31,39,1477,14515200
31,39,1479,4989600
31,39,1481,16329600
31,39,1483,19958400
31,39,1485,24494400
31,39,1487,18144000
31,39,1489,21924000
31,39,1491,17388000
31,39,1493,24796800
31,39,1495,43545600
31,39,1497,47779200
31,39,1499,44830800
31,39,1501,76204800
31,39,1503,29484000
31,39,1505,53676000
31,39,1507,42714000
31,39,1509,94915800
31,39,1511,98431200
31,39,1513,102060000
31,39,1515,78170400
31,39,1517,129124800
31,39,1519,127990800
31,39,1521,120582000
31,39,1523,115214400
31,39,1525,167605200
31,39,1527,121413600
31,39,1529,190209600
31,39,1531,168285600
31,39,1533,217173600
31,39,1535,218635200
31,39,1537,250160400
31,39,1539,160272000
31,39,1541,255452400
31,39,1543,228614400
31,39,1545,239652000
31,39,1547,343828800
31,39,1549,314042400
31,39,1551,237081600
31,39,1553,406879200
31,39,1555,330372000
31,39,1557,335626200
31,39,1559,327650400
31,39,1561,397958400
31,39,1563,306180000
31,39,1565,439992000
31,39,1567,420487200
31,39,1569,417614400
31,39,1571,389566800
31,39,1573,444528000
31,39,1575,375883200
31,39,1577,542959200
31,39,1579,448459200
31,39,1581,389642400
31,39,1583,376790400
31,39,1585,529351200
31,39,1587,421999200
31,39,1589,547495200
31,39,1591,442411200
31,39,1593,451936800
31,39,1595,422604000
31,39,1597,516196800
31,39,1599,329313600
31,39,1601,454658400
31,39,1603,379663200
31,39,1605,383090400
31,39,1607,345492000
31,39,1609,495633600
31,39,1611,299209680
31,39,1613,352825200
31,39,1615,256737600
31,39,1617,347029200
31,39,1619,241315200
31,39,1621,299678400
31,39,1623,211226400
31,39,1625,274730400
31,39,1627,204876000
31,39,1629,238744800
31,39,1631,216972000
31,39,1633,243961200
31,39,1635,127159200
31,39,1637,204724800
31,39,1639,180230400
31,39,1641,170100000
31,39,1643,141750000
31,39,1645,173275200
31,39,1647,108637200
31,39,1649,125420400
31,39,1651,85730400
31,39,1653,101984400
31,39,1655,99036000
31,39,1657,76809600
31,39,1659,57456000
31,39,1661,97259400
31,39,1663,74844000
31,39,1665,63882000
31,39,1667,54205200
31,39,1669,52315200
31,39,1671,30844800
31,39,1673,50803200
31,39,1675,31600800
31,39,1677,40521600
31,39,1679,39916800
31,39,1681,27064800
31,39,1683,28576800
31,39,1685,40370400
31,39,1687,19202400
31,39,1689,19504800
31,39,1691,11415600
31,39,1693,17539200
31,39,1695,21016800
31,39,1697,17841600
31,39,1699,9374400
31,39,1701,8013600
31,39,1703,4687200
31,39,1705,5140800
31,39,1707,5292000
31,39,1709,15876000
31,39,1711,4233600
31,39,1713,3780000
31,39,1715,4800600
31,39,1717,3628800
31,39,1719,2041200
31,39,1721,5896800
31,39,1723,1209600
31,39,1725,3477600
31,39,1727,302400
31,39,1729,1512000
31,39,1731,4838400
31,39,1733,907200
31,39,1735,1285200
31,39,1737,1814400
31,39,1739,1512000
31,39,1741,604800
31,39,1743,907200
31,39,1747,907200
31,39,1749,604800
31,39,1751,604800
31,39,1755,151200
31,39,1757,302400
31,39,1763,302400
31,39,1765,756000
31,39,1795,37800
31,39,1801,453600
31,39,1813,302400
31,40,1512,226800
31,40,1540,907200
31,40,1542,2419200
31,40,1544,1814400
31,40,1548,907200
31,40,1552,4082400
31,40,1556,226800
31,40,1560,1965600
31,40,1562,3628800
31,40,1564,4989600
31,40,1566,5443200
31,40,1568,5443200
31,40,1570,6350400
31,40,1572,7257600
31,40,1574,2268000
31,40,1576,9072000
31,40,1578,6955200
31,40,1580,13608000
31,40,1582,10432800
31,40,1584,12322800
31,40,1586,5443200
31,40,1588,28690200
31,40,1590,18446400
31,40,1592,24040800
31,40,1594,22680000
31,40,1596,36779400
31,40,1598,20865600
31,40,1600,61236000
31,40,1602,36590400
31,40,1604,46720800
31,40,1606,48988800
31,40,1608,50803200
31,40,1610,23133600
31,40,1612,102967200
31,40,1614,78926400
31,40,1616,83613600
31,40,1618,98884800
31,40,1620,120975120
31,40,1622,48686400
31,40,1624,144207000
31,40,1626,107352000
31,40,1628,145152000
31,40,1630,113022000
31,40,1632,137592000
31,40,1634,109015200
31,40,1636,199584000
31,40,1638,116461800
31,40,1640,158457600
31,40,1642,203061600
31,40,1644,273823200
31,40,1646,153014400
31,40,1648,301644000
31,40,1650,247665600
31,40,1652,286146000
31,40,1654,251596800
31,40,1656,312303600
31,40,1658,167832000
31,40,1660,379512000
31,40,1662,303307200
31,40,1664,281458800
31,40,1666,298922400
31,40,1668,397051200
31,40,1670,274579200
31,40,1672,428576400
31,40,1674,308523600
31,40,1676,339066000
31,40,1678,307540800
31,40,1680,478245600
31,40,1682,262180800
31,40,1684,411642000
31,40,1686,317973600
31,40,1688,325080000
31,40,1690,325533600
31,40,1692,456806700
31,40,1694,299224800
31,40,1696,410130000
31,40,1698,307238400
31,40,1700,333396000
31,40,1702,259761600
31,40,1704,372632400
31,40,1706,222642000
31,40,1708,322093800
31,40,1710,182952000
31,40,1712,272500200
31,40,1714,199584000
31,40,1716,314546400
31,40,1718,175089600
31,40,1720,254923200
31,40,1722,183556800
31,40,1724,196711200
31,40,1726,153921600
31,40,1728,223927200
31,40,1730,126856800
31,40,1732,182498400
31,40,1734,127612800
31,40,1736,122925600
31,40,1738,106293600
31,40,1740,131317200
31,40,1742,67586400
31,40,1744,121489200
31,40,1746,85276800
31,40,1748,97977600
31,40,1750,88603200
31,40,1752,75146400
31,40,1754,39085200
31,40,1756,83424600
31,40,1758,48232800
31,40,1760,68947200
31,40,1762,35380800
31,40,1764,33112800
31,40,1766,19656000
31,40,1768,53373600
31,40,1770,30492000
31,40,1772,27934200
31,40,1774,27140400
31,40,1776,37346400
31,40,1778,5292000
31,40,1780,28425600
31,40,1782,17841600
31,40,1784,7938000
31,40,1786,9676800
31,40,1788,15422400
31,40,1790,9525600
31,40,1792,17444700
31,40,1794,8542800
31,40,1796,5140800
31,40,1798,8391600
31,40,1800,8316000
31,40,1802,1814400
31,40,1804,3515400
31,40,1806,12398400
31,40,1808,1436400
31,40,1810,4687200
31,40,1812,3704400
31,40,1814,3250800
31,40,1816,1512000
31,40,1818,2721600
31,40,1820,907200
31,40,1822,604800
31,40,1824,4006800
31,40,1828,2797200
31,40,1830,982800
31,40,1832,1512000
31,40,1834,907200
31,40,1836,907200
31,40,1840,604800
31,40,1842,151200
31,40,1848,705600
31,40,1864,604800
31,40,1920,2520
31,41,1605,50400
31,41,1641,907200
31,41,1645,1814400
31,41,1649,2268000
31,41,1653,907200
31,41,1659,1058400
31,41,1661,1814400
31,41,1663,5443200
31,41,1665,5443200
31,41,1667,1814400
31,41,1669,1360800
31,41,1671,3855600
31,41,1673,4006800
31,41,1675,4233600
31,41,1677,4158000
31,41,1679,11340000
31,41,1681,4989600
31,41,1683,5624640
31,41,1685,13154400
31,41,1687,16254000
31,41,1689,8845200
31,41,1691,20185200
31,41,1693,18597600
31,41,1695,12247200
31,41,1697,24116400
31,41,1699,29030400
31,41,1701,29484000
31,41,1703,43470000
31,41,1705,25666200
31,41,1707,35380800
31,41,1709,42638400
31,41,1711,51861600
31,41,1713,46872000
31,41,1715,55339200
31,41,1717,59875200
31,41,1719,71971200
31,41,1721,77112000
31,41,1723,76809600
31,41,1725,68115600
31,41,1727,72576000
31,41,1729,66225600
31,41,1731,109922400
31,41,1733,103194000
31,41,1735,125874000
31,41,1737,121564800
31,41,1739,129276000
31,41,1741,125344800
31,41,1743,123984000
31,41,1745,134719200
31,41,1747,173615400
31,41,1749,195955200
31,41,1751,176450400
31,41,1753,211982400
31,41,1755,146361600
31,41,1757,175543200
31,41,1759,151502400
31,41,1761,233440200
31,41,1763,186429600
31,41,1765,286221600
31,41,1767,220903200
31,41,1769,211453200
31,41,1771,285314400
31,41,1773,303367680
31,41,1775,185295600
31,41,1777,251596800
31,41,1779,240408000
31,41,1781,207144000
31,41,1783,243507600
31,41,1785,241164000
31,41,1787,200340000
31,41,1789,321451200
31,41,1791,223171200
31,41,1793,229219200
31,41,1795,268909200
31,41,1797,215913600
31,41,1799,199130400
31,41,1801,221130000
31,41,1803,203439600
31,41,1805,216442800
31,41,1807,204157800
31,41,1809,232696800
31,41,1811,148327200
31,41,1813,221205600
31,41,1815,144244800
31,41,1817,138045600
31,41,1819,154980000
31,41,1821,171196200
31,41,1823,141372000
31,41,1825,135475200
31,41,1827,125496000
31,41,1829,102362400
31,41,1831,100548000
31,41,1833,89359200
31,41,1835,101833200
31,41,1837,88678800
31,41,1839,78321600
31,41,1841,75146400
31,41,1843,74995200
31,41,1845,82555200
31,41,1847,60782400
31,41,1849,50500800
31,41,1851,58968000
31,41,1853,41277600
31,41,1855,21924000
31,41,1857,27669600
31,41,1859,51710400
31,41,1861,37195200
31,41,1863,18597600
31,41,1865,27216000
31,41,1867,16329600
31,41,1869,17614800
31,41,1871,24645600
31,41,1873,13608000
31,41,1875,10584000
31,41,1877,15724800
31,41,1879,12247200
31,41,1881,7862400
31,41,1883,5745600
31,41,1885,4838400
31,41,1887,7257600
31,41,1889,8769600
31,41,1891,4989600
31,41,1893,3124800
31,41,1895,8769600
31,41,1897,756000
31,41,1899,5443200
31,41,1901,4762800
31,41,1903,3628800
31,41,1905,982800
31,41,1907,1814400
31,41,1911,4536000
31,41,1915,529200
31,41,1917,1360800
31,41,1919,1512000
31,41,1923,4284000
31,41,1929,75600
31,41,1931,907200
31,41,1995,50400
31,42,1734,554400
31,42,1748,945000
31,42,1752,1814400
31,42,1754,907200
31,42,1756,907200
31,42,1758,2419200
31,42,1762,453600
31,42,1764,1814400
31,42,1766,75600
31,42,1768,4989600
31,42,1770,2721600
31,42,1772,907200
31,42,1774,6350400
31,42,1776,3628800
31,42,1778,1134000
31,42,1780,907200
31,42,1782,5745600
31,42,1784,4989600
31,42,1786,5216400
31,42,1788,8164800
31,42,1790,7030800
31,42,1792,9979200
31,42,1794,8920800
31,42,1796,2041200
31,42,1798,18597600
31,42,1800,18144000
31,42,1802,9525600
31,42,1804,20412000
31,42,1806,32356800
31,42,1808,19656000
31,42,1810,27669600
31,42,1812,24494400
31,42,1814,26308800
31,42,1816,41580000
31,42,1818,35834400
31,42,1820,32659200
31,42,1822,48837600
31,42,1824,43142400
31,42,1826,23587200
31,42,1828,57153600
31,42,1830,92685600
31,42,1832,42071400
31,42,1834,93592800
31,42,1836,61840800
31,42,1838,48489840
31,42,1840,94379040
31,42,1842,76658400
31,42,1844,82517400
31,42,1846,94726800
31,42,1848,106898400
31,42,1850,93502080
31,42,1852,123076800
31,42,1854,132451200
31,42,1856,96541200
31,42,1858,117293400
31,42,1860,128520000
31,42,1862,112152600
31,42,1864,143640000
31,42,1866,115668000
31,42,1868,105915600
31,42,1870,169873200
31,42,1872,165488400
31,42,1874,111963600
31,42,1876,149385600
31,42,1878,191797200
31,42,1880,133358400
31,42,1882,185068800
31,42,1884,170553600
31,42,1886,109922400
31,42,1888,163674000
31,42,1890,182876400
31,42,1892,110376000
31,42,1894,186845400
31,42,1896,150519600
31,42,1898,118314000
31,42,1900,162010800
31,42,1902,175354200
31,42,1904,75448800
31,42,1906,139104000
31,42,1908,120695400
31,42,1910,112341600
31,42,1912,115214400
31,42,1914,153165600
31,42,1916,87015600
31,42,1918,118389600
31,42,1920,100018800
31,42,1922,65469600
31,42,1924,95558400
31,42,1926,106218000
31,42,1928,70761600
31,42,1930,78057000
31,42,1932,79077600
31,42,1934,69060600
31,42,1936,54583200
31,42,1938,72198000
31,42,1940,28728000
31,42,1942,64675800
31,42,1944,41882400
31,42,1946,39765600
31,42,1948,35078400
31,42,1950,39387600
31,42,1952,17161200
31,42,1954,27972000
31,42,1956,23738400
31,42,1958,26913600
31,42,1960,11264400
31,42,1962,21924000
31,42,1964,15876000
31,42,1966,10886400
31,42,1968,9676800
31,42,1970,12413520
31,42,1972,4838400
31,42,1974,8467200
31,42,1976,11944800
31,42,1978,6804000
31,42,1980,3175200
31,42,1982,1814400
31,42,1984,5443200
31,42,1986,3024000
31,42,1988,2570400
31,42,1990,75600
31,42,1992,957600
31,42,1994,3402000
31,42,1998,2116800
31,42,2000,2721600
31,42,2002,2721600
31,42,2004,1814400
31,42,2006,680400
31,42,2008,1814400
31,42,2014,907200
31,42,2018,604800
31,42,2020,907200
31,42,2026,1814400
31,42,2036,75600
31,42,2042,75600
31,42,2044,302400
31,42,2048,529200
31,42,2050,604800
31,42,2056,453600
31,42,2064,75600
31,42,2068,189000
31,43,1853,1814400
31,43,1857,1890000
31,43,1859,1134000
31,43,1861,1814400
31,43,1867,907200
31,43,1869,2041200
31,43,1871,453600
31,43,1873,907200
31,43,1881,3628800
31,43,1883,453600
31,43,1885,907200
31,43,1887,3250800
31,43,1891,907200
31,43,1893,2570400
31,43,1895,6350400
31,43,1897,4082400
31,43,1899,1360800
31,43,1901,8164800
31,43,1903,1209600
31,43,1905,14515200
31,43,1907,4384800
31,43,1909,9525600
31,43,1911,15876000
31,43,1913,21772800
31,43,1915,9525600
31,43,1917,17236800
31,43,1919,14515200
31,43,1921,24948000
31,43,1923,16329600
31,43,1925,26611200
31,43,1927,38102400
31,43,1929,55188000
31,43,1931,20185200
31,43,1933,43545600
31,43,1935,34246800
31,43,1937,40824000
31,43,1939,33717600
31,43,1941,62634600
31,43,1943,59875200
31,43,1945,68040000
31,43,1947,51559200
31,43,1949,42865200
31,43,1951,57607200
31,43,1953,81194400
31,43,1955,41428800
31,43,1957,76809600
31,43,1959,64864800
31,43,1961,69552000
31,43,1963,81723600
31,43,1965,73180800
31,43,1967,30693600
31,43,1969,80589600
31,43,1971,90493200
31,43,1973,58514400
31,43,1975,79455600
31,43,1977,87258600
31,43,1979,74088000
31,43,1981,107956800
31,43,1983,71064000
31,43,1985,58514400
31,43,1987,76809600
31,43,1989,85881600
31,43,1991,78775200
31,43,1993,102286800
31,43,1995,75070800
31,43,1997,66528000
31,43,1999,80362800
31,43,2001,88074000
31,43,2003,72878400
31,43,2005,89056800
31,43,2007,84142800
31,43,2009,67586400
31,43,2011,82857600
31,43,2013,59346000
31,43,2015,60858000
31,43,2017,88300800
31,43,2019,66949200
31,43,2021,56246400
31,43,2023,61009200
31,43,2025,59875200
31,43,2027,43923600
31,43,2029,58363200
31,43,2031,60631200
31,43,2033,42373800
31,43,2035,34171200
31,43,2037,28425600
31,43,2039,35229600
31,43,2041,46418400
31,43,2043,22377600
31,43,2045,16027200
31,43,2047,25477200
31,43,2049,22075200
31,43,2051,23133600
31,43,2053,14212800
31,43,2055,11970000
31,43,2057,18748800
31,43,2059,17766000
31,43,2061,6879600
31,43,2063,8542800
31,43,2065,7257600
31,43,2067,7938000
31,43,2069,3931200
31,43,2071,5594400
31,43,2073,1285200
31,43,2075,2419200
31,43,2077,6652800
31,43,2079,1852200
31,43,2083,2116800
31,43,2085,2721600
31,43,2087,75600
31,43,2089,302400
31,43,2091,2721600
31,43,2093,3024000
31,43,2095,1360800
31,43,2097,88200
31,43,2099,2116800
31,43,2101,756000
31,43,2105,1814400
31,43,2107,1512000
31,43,2109,2545200
31,43,2117,453600
31,43,2119,151200
31,43,2125,1209600
31,43,2127,50400
31,43,2135,75600
31,43,2137,37800
31,43,2139,302400
31,43,2145,453600
31,43,2157,201600
31,44,1932,151200
31,44,1944,113400
31,44,1956,1814400
31,44,1964,453600
31,44,1966,302400
31,44,1968,113400
31,44,1974,1058400
31,44,1976,907200
31,44,1980,453600
31,44,1988,453600
31,44,1992,3628800
31,44,1994,302400
31,44,1998,2268000
31,44,2000,226800
31,44,2004,1058400
31,44,2008,1058400
31,44,2010,2116800
31,44,2012,2721600
31,44,2014,1512000
31,44,2016,9298800
31,44,2018,4536000
31,44,2020,4233600
31,44,2022,1814400
31,44,2024,8164800
31,44,2026,5896800
31,44,2028,10432800
31,44,2030,1814400
31,44,2032,18295200
31,44,2034,16329600
31,44,2036,14515200
31,44,2038,9676800
31,44,2040,20714400
31,44,2042,27140400
31,44,2044,31147200
31,44,2046,13683600
31,44,2048,25401600
31,44,2050,27820800
31,44,2052,41731200
31,44,2054,15271200
31,44,2056,17992800
31,44,2058,40370400
31,44,2060,46720800
31,44,2062,35985600
31,44,2064,27972000
31,44,2066,29635200
31,44,2068,42789600
31,44,2070,30996000
31,44,2072,39841200
31,44,2074,38102400
31,44,2076,52857000
31,44,2078,31147200
31,44,2080,39765600
31,44,2082,30315600
31,44,2084,61462800
31,44,2086,49140000
31,44,2088,42411600
31,44,2090,51559200
31,44,2092,56548800
31,44,2094,23738400
31,44,2096,62596800
31,44,2098,39463200
31,44,2100,52579800
31,44,2102,30693600
31,44,2104,57985200
31,44,2106,30618000
31,44,2108,66074400
31,44,2110,29332800
31,44,2112,55755000
31,44,2114,29484000
31,44,2116,53373600
31,44,2118,24494400
31,44,2120,41050800
31,44,2122,36439200
31,44,2124,34700400
31,44,2126,18219600
31,44,2128,29862000
31,44,2130,32659200
31,44,2132,42940800
31,44,2134,3175200
31,44,2136,30372300
31,44,2138,11188800
31,44,2140,18030600
31,44,2142,15120000
31,44,2144,29332800
31,44,2146,14817600
31,44,2148,16657200
31,44,2150,3931200
31,44,2152,10584000
31,44,2154,11239200
31,44,2156,10357200
31,44,2158,2419200
31,44,2160,11667600
31,44,2162,4989600
31,44,2164,1360800
31,44,2166,3628800
31,44,2168,8164800
31,44,2170,3024000
31,44,2172,5140800
31,44,2174,415800
31,44,2176,3288600
31,44,2178,151200
31,44,2180,453600
31,44,2182,756000
31,44,2184,3515400
31,44,2186,907200
31,44,2190,1310400
31,44,2192,604800
31,44,2194,1360800
31,44,2196,604800
31,44,2198,453600
31,44,2200,2268000
31,44,2202,1159200
31,44,2206,907200
31,44,2208,252000
31,44,2216,302400
31,44,2220,302400
31,44,2226,100800
31,44,2228,18900
31,44,2232,957600
31,44,2244,302400
31,44,2280,3150
31,45,2031,75600
31,45,2049,50400
31,45,2055,302400
31,45,2059,2041200
31,45,2071,453600
31,45,2073,75600
31,45,2077,4082400
31,45,2079,151200
31,45,2091,302400
31,45,2097,680400
31,45,2099,907200
31,45,2101,1134000
31,45,2103,151200
31,45,2111,453600
31,45,2115,1814400
31,45,2119,680400
31,45,2121,2494800
31,45,2123,1814400
31,45,2125,604800
31,45,2127,2268000
31,45,2129,1209600
31,45,2131,4536000
31,45,2133,1512000
31,45,2135,2041200
31,45,2137,6804000
31,45,2139,4687200
31,45,2141,4762800
31,45,2143,12700800
31,45,2145,3780000
31,45,2147,8316000
31,45,2149,6652800
31,45,2151,15271200
31,45,2153,11642400
31,45,2155,8013600
31,45,2157,10105200
31,45,2159,14968800
31,45,2161,24040800
31,45,2163,13456800
31,45,2165,7257600
31,45,2167,29030400
31,45,2169,17463600
31,45,2171,9450000
31,45,2173,25099200
31,45,2175,29332800
31,45,2177,29635200
31,45,2179,19202400
31,45,2181,22075200
31,45,2183,21470400
31,45,2185,30088800
31,45,2187,21470400
31,45,2189,11793600
31,45,2191,17236800
31,45,2193,40824000
31,45,2195,9223200
31,45,2197,16405200
31,45,2199,22050000
31,45,2201,19656000
31,45,2203,25401600
31,45,2205,23587200
31,45,2207,22680000
31,45,2209,42109200
31,45,2211,20260800
31,45,2213,18786600
31,45,2215,13532400
31,45,2217,32281200
31,45,2219,10584000
31,45,2221,14212800
31,45,2223,16102800
31,45,2225,20714400
31,45,2227,20260800
31,45,2229,14540400
31,45,2231,11188800
31,45,2233,24192000
31,45,2235,14817600
31,45,2237,2872800
31,45,2239,17085600
31,45,2241,11604600
31,45,2243,3628800
31,45,2245,6501600
31,45,2247,8316000
31,45,2249,2268000
31,45,2251,13759200
31,45,2253,907200
31,45,2255,6350400
31,45,2257,9828000
31,45,2259,6022800
31,45,2261,907200
31,45,2263,8769600
31,45,2265,1965600
31,45,2267,3024000
31,45,2271,1965600
31,45,2273,907200
31,45,2275,3628800
31,45,2279,453600
31,45,2281,2646000
31,45,2283,1209600
31,45,2287,2116800
31,45,2289,1663200
31,45,2291,302400
31,45,2295,1915200
31,45,2297,378000
31,45,2299,1814400
31,45,2301,1814400
31,45,2305,226800
31,45,2307,1285200
31,45,2311,151200
31,45,2313,302400
31,45,2329,151200
31,46,2184,510300
31,46,2194,2041200
31,46,2200,8164800
31,46,2216,4082400
31,46,2218,8164800
31,46,2220,75600
31,46,2222,604800
31,46,2232,1360800
31,46,2234,2041200
31,46,2238,604800
31,46,2242,907200
31,46,2244,302400
31,46,2246,907200
31,46,2248,604800
31,46,2250,907200
31,46,2254,3477600
31,46,2256,2721600
31,46,2258,2721600
31,46,2260,3628800
31,46,2262,6652800
31,46,2264,3326400
31,46,2266,7711200
31,46,2268,1209600
31,46,2270,7862400
31,46,2272,11340000
31,46,2274,5594400
31,46,2276,3628800
31,46,2278,6652800
31,46,2280,11793600
31,46,2282,9374400
31,46,2284,2721600
31,46,2286,16178400
31,46,2288,5745600
31,46,2290,21016800
31,46,2292,1360800
31,46,2294,3496500
31,46,2296,13910400
31,46,2298,13759200
31,46,2300,3628800
31,46,2302,16178400
31,46,2304,15157800
31,46,2306,18597600
31,46,2308,3628800
31,46,2310,11793600
31,46,2312,7560000
31,46,2314,14817600
31,46,2316,4006800
31,46,2318,7711200
31,46,2320,15422400
31,46,2322,15120000
31,46,2324,3628800
31,46,2326,6652800
31,46,2328,5140800
31,46,2330,7560000
31,46,2332,6955200
31,46,2334,4687200
31,46,2336,1814400
31,46,2338,7030800
31,46,2340,3326400
31,46,2342,2268000
31,46,2344,9676800
31,46,2346,5934600
31,46,2348,3326400
31,46,2350,2948400
31,46,2352,3024000
31,46,2354,4309200
31,46,2356,4233600
31,46,2358,4989600
31,46,2360,1776600
31,46,2362,2872800
31,46,2364,3628800
31,46,2366,1814400
31,46,2368,5443200
31,46,2370,2872800
31,46,2376,3175200
31,46,2378,922320
31,46,2386,207900
31,46,2392,529200
31,46,2402,75600
31,46,2410,151200
31,46,2418,131040
31,46,2424,176400
31,46,2426,151200
31,46,2434,302400
31,47,2293,37800
31,47,2317,8164800
31,47,2321,37800
31,47,2325,816480
31,47,2337,8164800
31,47,2341,8467200
31,47,2343,1020600
31,47,2347,151200
31,47,2353,8164800
31,47,2355,302400
31,47,2357,4082400
31,47,2361,1209600
31,47,2363,151200
31,47,2369,2570400
31,47,2371,3628800
31,47,2373,50400
31,47,2377,2872800
31,47,2379,1814400
31,47,2383,1360800
31,47,2385,5140800
31,47,2387,2494800
31,47,2389,529200
31,47,2391,2268000
31,47,2393,8920800
31,47,2395,1512000
31,47,2397,756000
31,47,2399,1814400
31,47,2401,8769600
31,47,2403,3061800
31,47,2405,453600
31,47,2407,1663200
31,47,2409,5216400
31,47,2411,1436400
31,47,2413,2872800
31,47,2415,2434320
31,47,2417,7560000
31,47,2419,2419200
31,47,2421,1965600
31,47,2423,2116800
31,47,2425,8013600
31,47,2427,3931200
31,47,2429,2268000
31,47,2431,3780000
31,47,2433,7131600
31,47,2435,1209600
31,47,2437,4309200
31,47,2439,3427200
31,47,2441,6199200
31,47,2443,619920
31,47,2445,1764000
31,47,2447,2494800
31,47,2449,3628800
31,47,2451,226800
31,47,2453,3175200
31,47,2455,1874880
31,47,2457,5947200
31,47,2461,1814400
31,47,2463,604800
31,47,2465,3553200
31,47,2473,1360800
31,47,2475,1587600
31,47,2477,1436400
31,47,2479,604800
31,47,2481,327600
31,47,2483,75600
31,47,2485,922320
31,47,2487,604800
31,47,2489,302400
31,47,2491,1209600
31,47,2493,1058400
31,47,2495,453600
31,47,2497,756000
31,47,2505,1058400
31,47,2511,239400
31,47,2513,226800
31,48,2432,37800
31,48,2442,2721600
31,48,2446,4082400
31,48,2454,2041200
31,48,2460,16329600
31,48,2462,151200
31,48,2466,453600
31,48,2472,100800
31,48,2478,8769600
31,48,2484,170100
31,48,2486,4082400
31,48,2488,302400
31,48,2492,56700
31,48,2496,705600
31,48,2498,453600
31,48,2500,3326400
31,48,2502,604800
31,48,2504,302400
31,48,2506,1814400
31,48,2508,1512000
31,48,2510,2570400
31,48,2514,1612800
31,48,2516,1814400
31,48,2518,680400
31,48,2520,2268000
31,48,2526,4384800
31,48,2528,226800
31,48,2530,3780000
31,48,2532,1814400
31,48,2534,907200
31,48,2536,756000
31,48,2538,453600
31,48,2540,2268000
31,48,2544,1663200
31,48,2546,604800
31,48,2548,75600
31,48,2550,3628800
31,48,2554,604800
31,48,2556,2721600
31,48,2558,151200
31,48,2560,226800
31,48,2562,1436400
31,48,2564,1285200
31,48,2566,151200
31,48,2568,2368800
31,48,2570,907200
31,48,2572,529200
31,48,2574,1549800
31,48,2580,453600
31,48,2586,151200
31,48,2588,2116800
31,48,2598,75600
31,48,2604,1058400
31,49,2565,37800
31,49,2571,2729160
31,49,2579,8164800
31,49,2587,2721600
31,49,2589,2721600
31,49,2595,75600
31,49,2601,151200
31,49,2611,5443200
31,49,2615,151200
31,49,2617,2041200
31,49,2619,3780000
31,49,2623,75600
31,49,2631,453600
31,49,2633,756000
31,49,2637,378000
31,49,2639,1512000
31,49,2643,1360800
31,49,2647,1058400
31,49,2649,907200
31,49,2651,1512000
31,49,2653,604800
31,49,2655,1209600
31,49,2659,907200
31,49,2663,1512000
31,49,2665,302400
31,49,2667,1663200
31,49,2669,453600
31,49,2671,1814400
31,49,2675,907200
31,49,2679,907200
31,49,2683,151200
31,49,2687,907200
31,49,2691,453600
31,50,2526,37800
31,50,2692,2721600
31,50,2696,4082400
31,50,2712,1360800
31,50,2724,1587600
31,50,2726,2721600
31,50,2734,2721600
31,50,2756,850500
31,50,2820,11340
31,50,2850,16380
31,51,2671,226800
31,51,2691,226800
31,51,2721,37800
31,51,2811,113400
31,51,2829,1360800
31,51,2835,1360800
31,51,2859,2721600
31,51,2883,685440
31,51,2923,211680
31,51,2933,264600
31,52,2818,453600
31,52,2832,75600
31,52,2836,453600
31,52,2886,50400
31,52,2960,30240
31,52,2970,30240
31,52,2980,75600
31,52,2996,75600
31,52,2998,90720
31,52,3000,151200
31,52,3006,302400
31,52,3008,151200
31,52,3016,113400
31,52,3018,151200
31,52,3020,18900
31,53,2949,37800
31,53,2959,453600
31,53,2965,302400
31,53,2997,151200
31,53,2999,151200
31,53,3091,680400
31,53,3111,453600
31,54,3088,302400
31,54,3096,15120
31,54,3108,302400
31,54,3128,75600
31,55,3223,75600
31,55,3231,75600
31,55,3261,37800
31,55,3263,75600
31,55,3295,7560
31,56,3372,100800
31,56,3402,37800
31,56,3528,2520
31,57,3573,360
31,57,3615,22680
31,59,3801,5040
32,32,960,18900
32,32,1024,1575
32,33,1011,50400
32,33,1035,75600
32,33,1067,75600
32,34,1056,151200
32,34,1066,226800
32,34,1074,75600
32,34,1080,907200
32,34,1094,491400
32,34,1098,453600
32,34,1114,340200
32,34,1130,226800
32,34,1144,75600
32,34,1146,37800
32,34,1154,151200
32,34,1162,151200
32,34,1186,75600
32,34,1194,113400
32,35,1121,151200
32,35,1133,1134000
32,35,1135,907200
32,35,1137,756000
32,35,1139,1814400
32,35,1141,982800
32,35,1143,1814400
32,35,1145,952560
32,35,1147,604800
32,35,1149,2570400
32,35,1153,1209600
32,35,1155,5896800
32,35,1161,453600
32,35,1165,1814400
32,35,1167,907200
32,35,1171,907200
32,35,1173,907200
32,35,1177,3175200
32,35,1179,302400
32,35,1183,1209600
32,35,1185,302400
32,35,1189,151200
32,35,1191,604800
32,35,1195,317520
32,35,1199,453600
32,35,1203,1134000
32,35,1205,3288600
32,35,1209,151200
32,35,1211,453600
32,35,1215,945000
32,35,1217,302400
32,35,1223,604800
32,35,1225,25200
32,35,1233,302400
32,35,1239,604800
32,35,1243,907200
32,35,1245,453600
32,35,1255,1436400
32,35,1275,151200
32,35,1305,415800
32,35,1315,151200
32,35,1325,37800
32,35,1355,75600
32,35,1405,25200
32,36,1176,37800
32,36,1180,302400
32,36,1188,1814400
32,36,1190,1360800
32,36,1192,1814400
32,36,1194,4536000
32,36,1198,302400
32,36,1200,9979200
32,36,1202,5443200
32,36,1204,4536000
32,36,1206,7106400
32,36,1208,5896800
32,36,1210,18144000
32,36,1212,2419200
32,36,1214,907200
32,36,1216,2721600
32,36,1218,9072000
32,36,1220,8164800
32,36,1222,6652800
32,36,1224,5896800
32,36,1226,4989600
32,36,1228,9639000
32,36,1230,4384800
32,36,1232,907200
32,36,1234,4536000
32,36,1236,5178600
32,36,1238,302400
32,36,1240,10017000
32,36,1242,8164800
32,36,1244,5670000
32,36,1246,8769600
32,36,1248,907200
32,36,1250,10432800
32,36,1252,3628800
32,36,1254,8316000
32,36,1256,2721600
32,36,1258,4536000
32,36,1260,11113200
32,36,1262,10886400
32,36,1264,2721600
32,36,1266,1260000
32,36,1268,3931200
32,36,1270,7560000
32,36,1272,3402000
32,36,1274,1814400
32,36,1278,3931200
32,36,1280,4082400
32,36,1282,453600
32,36,1284,1814400
32,36,1286,4384800
32,36,1288,2570400
32,36,1292,907200
32,36,1296,604800
32,36,1300,2419200
32,36,1302,3427200
32,36,1304,3628800
32,36,1310,1814400
32,36,1312,1360800
32,36,1314,151200
32,36,1318,453600
32,36,1320,907200
32,36,1322,302400
32,36,1324,907200
32,36,1326,907200
32,36,1328,4309200
32,36,1330,453600
32,36,1336,806400
32,36,1340,226800
32,36,1342,151200
32,36,1344,604800
32,36,1346,453600
32,36,1350,302400
32,36,1360,453600
32,36,1368,1209600
32,36,1372,25200
32,36,1390,567000
32,36,1392,189000
32,36,1396,907200
32,36,1400,302400
32,36,1408,226800
32,36,1440,245700
32,36,1446,302400
32,36,1460,37800
32,36,1492,12600
32,37,1243,75600
32,37,1247,1814400
32,37,1253,453600
32,37,1255,2721600
32,37,1257,7257600
32,37,1259,14515200
32,37,1261,9072000
32,37,1265,7257600
32,37,1267,21168000
32,37,1269,18144000
32,37,1271,7257600
32,37,1273,44452800
32,37,1275,13759200
32,37,1277,6804000
32,37,1279,12020400
32,37,1281,12700800
32,37,1283,18144000
32,37,1285,34927200
32,37,1287,15422400
32,37,1289,14968800
32,37,1291,43092000
32,37,1293,36288000
32,37,1295,2268000
32,37,1297,3628800
32,37,1299,29030400
32,37,1301,25401600
32,37,1303,17236800
32,37,1305,20865600
32,37,1307,41126400
32,37,1309,39916800
32,37,1311,28463400
32,37,1313,23587200
32,37,1315,19656000
32,37,1317,30844800
32,37,1319,22453200
32,37,1321,27669600
32,37,1323,45435600
32,37,1325,34020000
32,37,1327,23360400
32,37,1329,11340000
32,37,1331,17841600
32,37,1333,16934400
32,37,1335,17690400
32,37,1337,7711200
32,37,1339,14515200
32,37,1341,14590800
32,37,1343,24645600
32,37,1345,17690400
32,37,1347,19353600
32,37,1349,27216000
32,37,1351,17236800
32,37,1353,16480800
32,37,1355,9374400
32,37,1357,4233600
32,37,1359,15498000
32,37,1361,14515200
32,37,1363,15044400
32,37,1365,5443200
32,37,1367,17085600
32,37,1369,5745600
32,37,1371,9223200
32,37,1373,9374400
32,37,1375,7257600
32,37,1377,4989600
32,37,1379,4687200
32,37,1381,1814400
32,37,1383,6048000
32,37,1385,15876000
32,37,1387,3024000
32,37,1389,4233600
32,37,1391,3402000
32,37,1393,4536000
32,37,1395,5292000
32,37,1399,7408800
32,37,1401,4082400
32,37,1403,2268000
32,37,1407,2268000
32,37,1409,2268000
32,37,1411,1360800
32,37,1413,3628800
32,37,1415,453600
32,37,1419,453600
32,37,1423,2746800
32,37,1425,3628800
32,37,1429,302400
32,37,1431,907200
32,37,1435,4392360
32,37,1437,302400
32,37,1439,907200
32,37,1445,907200
32,37,1449,1814400
32,37,1451,1814400
32,37,1453,1814400
32,37,1455,1398600
32,37,1463,907200
32,37,1467,151200
32,37,1479,604800
32,37,1485,604800
32,37,1487,453600
32,37,1489,113400
32,37,1501,302400
32,37,1525,302400
32,37,1527,151200
32,37,1533,151200
32,37,1537,75600
32,37,1539,226800
32,37,1587,37800
32,38,1302,6300
32,38,1310,453600
32,38,1318,5443200
32,38,1320,9072000
32,38,1322,2268000
32,38,1330,5443200
32,38,1332,39916800
32,38,1334,20412000
32,38,1336,8164800
32,38,1338,33415200
32,38,1340,10886400
32,38,1342,9072000
32,38,1344,13154400
32,38,1346,29484000
32,38,1348,21772800
32,38,1350,59913000
32,38,1352,43545600
32,38,1354,31752000
32,38,1356,28123200
32,38,1358,42638400
32,38,1360,23587200
32,38,1362,34927200
32,38,1364,49896000
32,38,1366,59648400
32,38,1368,53071200
32,38,1370,68947200
32,38,1372,54432000
32,38,1374,94827600
32,38,1376,71668800
32,38,1378,98733600
32,38,1380,57607200
32,38,1382,87091200
32,38,1384,72576000
32,38,1386,64184400
32,38,1388,63957600
32,38,1390,99338400
32,38,1392,97977600
32,38,1394,52164000
32,38,1396,63352800
32,38,1398,56246400
32,38,1400,66339000
32,38,1402,56643300
32,38,1404,56246400
32,38,1406,84294000
32,38,1408,63352800
32,38,1410,83991600
32,38,1412,76204800
32,38,1414,90720000
32,38,1416,53373600
32,38,1418,52617600
32,38,1420,56095200
32,38,1422,57607200
32,38,1424,79228800
32,38,1426,43545600
32,38,1428,31752000
32,38,1430,50349600
32,38,1432,41050800
32,38,1434,44029440
32,38,1436,42184800
32,38,1438,40446000
32,38,1440,45813600
32,38,1442,41428800
32,38,1444,21470400
32,38,1446,32281200
32,38,1448,18144000
32,38,1450,36136800
32,38,1452,42940800
32,38,1454,19051200
32,38,1456,19958400
32,38,1458,19202400
32,38,1460,14817600
32,38,1462,12700800
32,38,1464,20922300
32,38,1466,14742000
32,38,1468,18144000
32,38,1470,11642400
32,38,1472,15120000
32,38,1474,9563400
32,38,1476,18446400
32,38,1478,9525600
32,38,1480,7711200
32,38,1482,19958400
32,38,1484,7257600
32,38,1486,7257600
32,38,1488,8467200
32,38,1490,6804000
32,38,1492,8467200
32,38,1494,4838400
32,38,1496,12852000
32,38,1498,4838400
32,38,1500,5896800
32,38,1502,8164800
32,38,1504,5443200
32,38,1506,6562080
32,38,1508,5292000
32,38,1510,3194100
32,38,1512,7560000
32,38,1514,1436400
32,38,1516,12247200
32,38,1518,1360800
32,38,1520,2268000
32,38,1526,3024000
32,38,1528,302400
32,38,1532,907200
32,38,1534,1814400
32,38,1536,1436400
32,38,1538,1285200
32,38,1540,453600
32,38,1542,1814400
32,38,1546,2948400
32,38,1548,907200
32,38,1550,3628800
32,38,1552,604800
32,38,1554,453600
32,38,1556,1814400
32,38,1558,907200
32,38,1560,151200
32,38,1562,302400
32,38,1566,1814400
32,38,1568,907200
32,38,1570,554400
32,38,1580,907200
32,38,1582,907200
32,38,1586,1814400
32,38,1594,15120
32,38,1606,604800
32,38,1630,151200
32,38,1642,25200
32,38,1666,2520
32,39,1395,3628800
32,39,1397,1814400
32,39,1405,18597600
32,39,1407,11340000
32,39,1409,4536000
32,39,1411,2268000
32,39,1413,9525600
32,39,1415,2721600
32,39,1417,5594400
32,39,1419,32659200
32,39,1421,32659200
32,39,1423,32659200
32,39,1425,17236800
32,39,1427,17236800
32,39,1429,14515200
32,39,1431,55339200
32,39,1433,55339200
32,39,1435,42184800
32,39,1437,63504000
32,39,1439,85050000
32,39,1441,46720800
32,39,1443,68947200
32,39,1445,102513600
32,39,1447,73987200
32,39,1449,112492800
32,39,1451,59875200
32,39,1453,94348800
32,39,1455,106142400
32,39,1457,111207600
32,39,1459,107956800
32,39,1461,135172800
32,39,1463,148327200
32,39,1465,107276400
32,39,1467,115214400
32,39,1469,128368800
32,39,1471,114987600
32,39,1473,194292000
32,39,1475,130636800
32,39,1477,149234400
32,39,1479,153014400
32,39,1481,117482400
32,39,1483,132904800
32,39,1485,143337600
32,39,1487,131770800
32,39,1489,174636000
32,39,1491,122245200
32,39,1493,103420800
32,39,1495,130636800
32,39,1497,167832000
32,39,1499,114231600
32,39,1501,109317600
32,39,1503,143110800
32,39,1505,100699200
32,39,1507,127688400
32,39,1509,121338000
32,39,1511,109733400
32,39,1513,103874400
32,39,1515,94802400
32,39,1517,82706400
32,39,1519,102060000
32,39,1521,118162800
32,39,1523,67132800
32,39,1525,72576000
32,39,1527,44604000
32,39,1529,99640800
32,39,1531,51408000
32,39,1533,88905600
32,39,1535,72122400
32,39,1537,53827200
32,39,1539,53827200
32,39,1541,63504000
32,39,1543,55087200
32,39,1545,67132800
32,39,1547,43999200
32,39,1549,59043600
32,39,1551,32810400
32,39,1553,51710400
32,39,1555,30844800
32,39,1557,30844800
32,39,1559,36288000
32,39,1561,57304800
32,39,1563,38102400
32,39,1565,14515200
32,39,1567,30693600
32,39,1569,21168000
32,39,1571,15195600
32,39,1573,22982400
32,39,1575,26913600
32,39,1577,14666400
32,39,1579,9109800
32,39,1581,12096000
32,39,1583,17388000
32,39,1585,14061600
32,39,1587,13230000
32,39,1589,15120000
32,39,1591,21621600
32,39,1593,9072000
32,39,1595,9374400
32,39,1597,12096000
32,39,1599,13154400
32,39,1601,14364000
32,39,1603,3628800
32,39,1605,9525600
32,39,1607,7560000
32,39,1609,2066400
32,39,1611,5352480
32,39,1613,7257600
32,39,1615,6426000
32,39,1617,10936800
32,39,1619,3175200
32,39,1621,4082400
32,39,1627,1814400
32,39,1629,7182000
32,39,1631,6048000
32,39,1635,1814400
32,39,1637,453600
32,39,1639,1058400
32,39,1641,1814400
32,39,1643,3099600
32,39,1647,1209600
32,39,1651,1814400
32,39,1653,1814400
32,39,1655,302400
32,39,1657,453600
32,39,1659,604800
32,39,1661,1814400
32,39,1665,1209600
32,39,1667,1360800
32,39,1671,1360800
32,39,1675,100800
32,39,1679,756000
32,39,1683,907200
32,39,1685,453600
32,39,1687,151200
32,39,1693,907200
32,39,1697,302400
32,39,1701,302400
32,39,1705,151200
32,39,1749,151200
32,39,1771,5040
32,39,1795,12600
32,40,1480,151200
32,40,1488,302400
32,40,1490,5443200
32,40,1492,8164800
32,40,1496,10886400
32,40,1498,6350400
32,40,1500,7257600
32,40,1502,13608000
32,40,1504,11340000
32,40,1506,12700800
32,40,1508,15649200
32,40,1510,19958400
32,40,1512,31298400
32,40,1514,51256800
32,40,1516,54432000
32,40,1518,36288000
32,40,1520,37648800
32,40,1522,31752000
32,40,1524,32205600
32,40,1526,65318400
32,40,1528,100245600
32,40,1530,61689600
32,40,1532,82782000
32,40,1534,53524800
32,40,1536,44906400
32,40,1538,73483200
32,40,1540,127688400
32,40,1542,102513600
32,40,1544,145832400
32,40,1546,134416800
32,40,1548,121564800
32,40,1550,152863200
32,40,1552,157626000
32,40,1554,147873600
32,40,1556,171007200
32,40,1558,177357600
32,40,1560,205934400
32,40,1562,137440800
32,40,1564,164052000
32,40,1566,168739200
32,40,1568,184785300
32,40,1570,219542400
32,40,1572,146512800
32,40,1574,164959200
32,40,1576,164253600
32,40,1578,179625600
32,40,1580,204346800
32,40,1582,216820800
32,40,1584,202759200
32,40,1586,176450400
32,40,1588,192326400
32,40,1590,197996400
32,40,1592,200491200
32,40,1594,176450400
32,40,1596,140011200
32,40,1598,197769600
32,40,1600,167217750
32,40,1602,148327200
32,40,1604,170856000
32,40,1606,161708400
32,40,1608,162124200
32,40,1610,143186400
32,40,1612,158306400
32,40,1614,178416000
32,40,1616,152976600
32,40,1618,140616000
32,40,1620,143186400
32,40,1622,136987200
32,40,1624,115063200
32,40,1626,120204000
32,40,1628,78472800
32,40,1630,93290400
32,40,1632,101483550
32,40,1634,119750400
32,40,1636,67662000
32,40,1638,95407200
32,40,1640,85276800
32,40,1642,74012400
32,40,1644,56952000
32,40,1646,77565600
32,40,1648,94928400
32,40,1650,57153600
32,40,1652,63050400
32,40,1654,72349200
32,40,1656,41050800
32,40,1658,52617600
32,40,1660,30693600
32,40,1662,67737600
32,40,1664,35380800
32,40,1666,27216000
32,40,1668,31449600
32,40,1670,32810400
32,40,1672,30088800
32,40,1674,38707200
32,40,1676,17236800
32,40,1678,34473600
32,40,1680,22075200
32,40,1682,12096000
32,40,1684,19429200
32,40,1686,29484000
32,40,1688,27216000
32,40,1690,13305600
32,40,1692,29030400
32,40,1694,8164800
32,40,1696,12492900
32,40,1698,11844000
32,40,1700,7257600
32,40,1702,11642400
32,40,1704,14742000
32,40,1706,1209600
32,40,1708,907200
32,40,1710,10281600
32,40,1712,13608000
32,40,1714,8618400
32,40,1716,4334400
32,40,1718,10432800
32,40,1720,7560000
32,40,1722,1512000
32,40,1724,2041200
32,40,1726,7257600
32,40,1728,3931200
32,40,1730,4536000
32,40,1734,4233600
32,40,1738,1058400
32,40,1740,1823850
32,40,1742,3628800
32,40,1744,1814400
32,40,1746,1512000
32,40,1748,907200
32,40,1750,1512000
32,40,1752,2268000
32,40,1758,1965600
32,40,1760,529200
32,40,1764,2721600
32,40,1768,226800
32,40,1770,856800
32,40,1772,302400
32,40,1776,1436400
32,40,1780,756000
32,40,1792,151200
32,40,1794,302400
32,40,1810,302400
32,40,1812,37800
32,40,1848,100800
32,41,1561,453600
32,41,1575,907200
32,41,1577,1814400
32,41,1579,11340000
32,41,1581,4838400
32,41,1585,1814400
32,41,1587,2721600
32,41,1589,1814400
32,41,1591,15422400
32,41,1593,5745600
32,41,1595,10886400
32,41,1597,2721600
32,41,1599,4536000
32,41,1601,6350400
32,41,1603,15422400
32,41,1605,22680000
32,41,1607,31071600
32,41,1609,47174400
32,41,1611,34020000
32,41,1613,31752000
32,41,1615,33566400
32,41,1617,49593600
32,41,1619,60782400
32,41,1621,41731200
32,41,1623,56246400
32,41,1625,46947600
32,41,1627,70459200
32,41,1629,41277600
32,41,1631,94802400
32,41,1633,77414400
32,41,1635,130636800
32,41,1637,112039200
32,41,1639,120355200
32,41,1641,121564800
32,41,1643,104781600
32,41,1645,125193600
32,41,1647,109242000
32,41,1649,133358400
32,41,1651,166471200
32,41,1653,101757600
32,41,1655,132451200
32,41,1657,223473600
32,41,1659,181893600
32,41,1661,173275200
32,41,1663,194140800
32,41,1665,179020800
32,41,1667,133963200
32,41,1669,218181600
32,41,1671,247212000
32,41,1673,160272000
32,41,1675,239311800
32,41,1677,201852000
32,41,1679,201852000
32,41,1681,260971200
32,41,1683,226951200
32,41,1685,195804000
32,41,1687,261727200
32,41,1689,243280800
32,41,1691,178869600
32,41,1693,175694400
32,41,1695,218030400
32,41,1697,190436400
32,41,1699,217728000
32,41,1701,138650400
32,41,1703,212965200
32,41,1705,228954600
32,41,1707,190965600
32,41,1709,170100000
32,41,1711,224532000
32,41,1713,177508800
32,41,1715,138801600
32,41,1717,156340800
32,41,1719,154450800
32,41,1721,175543200
32,41,1723,166924800
32,41,1725,154904400
32,41,1727,191872800
32,41,1729,146512800
32,41,1731,99489600
32,41,1733,119750400
32,41,1735,123908400
32,41,1737,116726400
32,41,1739,107956800
32,41,1741,125798400
32,41,1743,115290000
32,41,1745,117936000
32,41,1747,56133000
32,41,1749,99640800
32,41,1751,86108400
32,41,1753,63504000
32,41,1755,56473200
32,41,1757,54280800
32,41,1759,61462800
32,41,1761,59346000
32,41,1763,48988800
32,41,1765,37800000
32,41,1767,41882400
32,41,1769,49442400
32,41,1771,50979600
32,41,1773,36817200
32,41,1775,57682800
32,41,1777,26611200
32,41,1779,21470400
32,41,1781,34473600
32,41,1783,31525200
32,41,1785,8164800
32,41,1787,16027200
32,41,1789,24040800
32,41,1791,15271200
32,41,1793,14061600
32,41,1795,19051200
32,41,1797,13456800
32,41,1799,19202400
32,41,1801,22377600
32,41,1803,10130400
32,41,1805,11491200
32,41,1807,14061600
32,41,1809,3628800
32,41,1811,6199200
32,41,1813,5292000
32,41,1815,10999800
32,41,1817,5443200
32,41,1819,4989600
32,41,1821,6085800
32,41,1823,7711200
32,41,1825,4536000
32,41,1827,907200
32,41,1829,2041200
32,41,1831,4838400
32,41,1833,3250800
32,41,1835,4536000
32,41,1837,2419200
32,41,1839,3326400
32,41,1841,907200
32,41,1843,302400
32,41,1845,302400
32,41,1851,2116800
32,41,1853,756000
32,41,1857,226800
32,41,1859,2721600
32,41,1863,1360800
32,41,1869,680400
32,41,1871,1814400
32,41,1873,604800
32,41,1877,302400
32,41,1879,75600
32,41,1881,75600
32,41,1889,226800
32,41,1919,302400
32,42,1642,340200
32,42,1654,1360800
32,42,1660,151200
32,42,1664,1814400
32,42,1668,907200
32,42,1672,302400
32,42,1674,680400
32,42,1678,7786800
32,42,1680,907200
32,42,1682,1814400
32,42,1684,5443200
32,42,1686,1814400
32,42,1688,1814400
32,42,1690,5594400
32,42,1692,13608000
32,42,1694,16329600
32,42,1696,1814400
32,42,1698,6917400
32,42,1700,3628800
32,42,1702,7711200
32,42,1704,17803800
32,42,1706,24721200
32,42,1708,25552800
32,42,1710,19051200
32,42,1712,22226400
32,42,1714,40672800
32,42,1716,39009600
32,42,1718,23133600
32,42,1720,43545600
32,42,1722,39009600
32,42,1724,44452800
32,42,1726,58741200
32,42,1728,71668800
32,42,1730,52164000
32,42,1732,64638000
32,42,1734,46947600
32,42,1736,70156800
32,42,1738,117028800
32,42,1740,75297600
32,42,1742,86184000
32,42,1744,107049600
32,42,1746,80589600
32,42,1748,89019000
32,42,1750,160529040
32,42,1752,126100800
32,42,1754,120657600
32,42,1756,137138400
32,42,1758,179852400
32,42,1760,147420000
32,42,1762,137894400
32,42,1764,122925600
32,42,1766,193233600
32,42,1768,156945600
32,42,1770,195123600
32,42,1772,163674000
32,42,1774,245624400
32,42,1776,152712000
32,42,1778,242222400
32,42,1780,203212800
32,42,1782,190285200
32,42,1784,184010400
32,42,1786,245775600
32,42,1788,193082400
32,42,1790,242676000
32,42,1792,275184000
32,42,1794,157399200
32,42,1796,239047200
32,42,1798,242902800
32,42,1800,202986000
32,42,1802,195048000
32,42,1804,197618400
32,42,1806,219240000
32,42,1808,193384800
32,42,1810,250815600
32,42,1812,150897600
32,42,1814,234964800
32,42,1816,209260800
32,42,1818,167076000
32,42,1820,162388800
32,42,1822,170175600
32,42,1824,176299200
32,42,1826,181893600
32,42,1828,182800800
32,42,1830,143110800
32,42,1832,127612800
32,42,1834,179625600
32,42,1836,91929600
32,42,1838,127159200
32,42,1840,134295840
32,42,1842,91022400
32,42,1844,103420800
32,42,1846,97372800
32,42,1848,91476000
32,42,1850,87242400
32,42,1852,82252800
32,42,1854,53524800
32,42,1856,69552000
32,42,1858,71820000
32,42,1860,52768800
32,42,1862,65772000
32,42,1864,66679200
32,42,1866,46418400
32,42,1868,48081600
32,42,1870,49064400
32,42,1872,32810400
32,42,1874,46418400
32,42,1876,39916800
32,42,1878,15044400
32,42,1880,26611200
32,42,1882,32659200
32,42,1884,21470400
32,42,1886,30844800
32,42,1888,30542400
32,42,1890,26233200
32,42,1892,11415600
32,42,1894,10962000
32,42,1896,11491200
32,42,1898,13154400
32,42,1900,11037600
32,42,1902,16291800
32,42,1904,16783200
32,42,1906,9828000
32,42,1908,4536000
32,42,1910,12096000
32,42,1912,12247200
32,42,1914,10810800
32,42,1916,1814400
32,42,1918,3628800
32,42,1920,6350400
32,42,1922,6350400
32,42,1924,5443200
32,42,1926,4687200
32,42,1928,3628800
32,42,1930,4536000
32,42,1932,2419200
32,42,1934,2192400
32,42,1936,2721600
32,42,1938,907200
32,42,1940,453600
32,42,1942,2268000
32,42,1944,756000
32,42,1946,907200
32,42,1948,3024000
32,42,1950,604800
32,42,1952,453600
32,42,1960,1360800
32,42,1962,1058400
32,42,1964,453600
32,42,1970,1209600
32,42,1972,604800
32,42,1974,75600
32,42,1976,1360800
32,42,1988,302400
32,42,1996,100800
32,42,2050,151200
32,42,2068,37800
32,43,1747,151200
32,43,1749,453600
32,43,1755,151200
32,43,1769,3628800
32,43,1771,1814400
32,43,1781,3628800
32,43,1783,1814400
32,43,1785,1814400
32,43,1789,2721600
32,43,1791,907200
32,43,1793,10886400
32,43,1795,680400
32,43,1797,7257600
32,43,1799,9072000
32,43,1801,2268000
32,43,1803,8618400
32,43,1805,18597600
32,43,1807,10432800
32,43,1809,21772800
32,43,1811,14515200
32,43,1813,15876000
32,43,1815,14515200
32,43,1817,28123200
32,43,1819,7862400
32,43,1821,22075200
32,43,1823,33112800
32,43,1825,39916800
32,43,1827,35834400
32,43,1829,64411200
32,43,1831,27518400
32,43,1833,45813600
32,43,1835,58060800
32,43,1837,65318400
32,43,1839,35380800
32,43,1841,66679200
32,43,1843,38329200
32,43,1845,77868000
32,43,1847,59119200
32,43,1849,112341600
32,43,1851,82857600
32,43,1853,115668000
32,43,1855,83613600
32,43,1857,85730400
32,43,1859,106293600
32,43,1861,119296800
32,43,1863,64864800
32,43,1865,130032000
32,43,1867,140162400
32,43,1869,151502400
32,43,1871,100699200
32,43,1873,200692800
32,43,1875,158911200
32,43,1877,208202400
32,43,1879,138952800
32,43,1881,188697600
32,43,1883,175694400
32,43,1885,199735200
32,43,1887,119296800
32,43,1889,212889600
32,43,1891,183254400
32,43,1893,241315200
32,43,1895,135626400
32,43,1897,171385200
32,43,1899,216216000
32,43,1901,234738000
32,43,1903,213343200
32,43,1905,211453200
32,43,1907,191872800
32,43,1909,190209600
32,43,1911,144698400
32,43,1913,197542800
32,43,1915,167983200
32,43,1917,222717600
32,43,1919,152923680
32,43,1921,157852800
32,43,1923,154677600
32,43,1925,182422800
32,43,1927,112795200
32,43,1929,144244800
32,43,1931,141296400
32,43,1933,170062200
32,43,1935,115743600
32,43,1937,124740000
32,43,1939,78170400
32,43,1941,112770000
32,43,1943,105008400
32,43,1945,75448800
32,43,1947,125420400
32,43,1949,117633600
32,43,1951,94197600
32,43,1953,90720000
32,43,1955,68947200
32,43,1957,65923200
32,43,1959,44755200
32,43,1961,53751600
32,43,1963,56170800
32,43,1965,74541600
32,43,1967,50803200
32,43,1969,43545600
32,43,1971,33944400
32,43,1973,37800000
32,43,1975,22377600
32,43,1977,39123000
32,43,1979,27820800
32,43,1981,48535200
32,43,1983,28879200
32,43,1985,22075200
32,43,1987,15422400
32,43,1989,25099200
32,43,1991,19882800
32,43,1993,17463600
32,43,1995,20664000
32,43,1997,6501600
32,43,1999,11793600
32,43,2001,10737720
32,43,2003,9374400
32,43,2005,17539200
32,43,2007,7484400
32,43,2009,13608000
32,43,2011,9525600
32,43,2013,8114400
32,43,2015,4989600
32,43,2017,3931200
32,43,2019,4687200
32,43,2021,3628800
32,43,2023,4233600
32,43,2025,604800
32,43,2027,226800
32,43,2029,6048000
32,43,2031,4687200
32,43,2033,2041200
32,43,2035,1209600
32,43,2037,2419200
32,43,2041,2721600
32,43,2043,302400
32,43,2045,1814400
32,43,2047,907200
32,43,2049,907200
32,43,2053,907200
32,43,2055,453600
32,43,2057,1058400
32,43,2059,1965600
32,43,2061,302400
32,43,2067,604800
32,43,2071,302400
32,43,2077,604800
32,43,2079,415800
32,43,2097,50400
32,43,2109,25200
32,43,2119,75600
32,43,2157,50400
32,44,1854,453600
32,44,1860,56700
32,44,1872,75600
32,44,1876,1814400
32,44,1884,2721600
32,44,1886,1814400
32,44,1888,3628800
32,44,1890,1814400
32,44,1894,1058400
32,44,1896,5140800
32,44,1898,1814400
32,44,1900,907200
32,44,1902,907200
32,44,1906,8164800
32,44,1908,6955200
32,44,1910,6804000
32,44,1912,19504800
32,44,1914,2872800
32,44,1916,8618400
32,44,1918,8618400
32,44,1920,15422400
32,44,1922,13608000
32,44,1924,17236800
32,44,1926,16329600
32,44,1928,16556400
32,44,1930,26611200
32,44,1932,24645600
32,44,1934,29332800
32,44,1936,29484000
32,44,1938,25401600
32,44,1940,42638400
32,44,1942,51710400
32,44,1944,23058000
32,44,1946,40824000
32,44,1948,70005600
32,44,1950,41277600
32,44,1952,63504000
32,44,1954,45964800
32,44,1956,36061200
32,44,1958,89737200
32,44,1960,75902400
32,44,1962,68191200
32,44,1964,71668800
32,44,1966,85730400
32,44,1968,112870800
32,44,1970,61689600
32,44,1972,121564800
32,44,1974,72122400
32,44,1976,83008800
32,44,1978,124740000
32,44,1980,152636400
32,44,1982,143564400
32,44,1984,139595400
32,44,1986,109166400
32,44,1988,136760400
32,44,1990,153619200
32,44,1992,108259200
32,44,1994,89812800
32,44,1996,151502400
32,44,1998,156340800
32,44,2000,145454400
32,44,2002,158911200
32,44,2004,162426600
32,44,2006,139436640
32,44,2008,197316000
32,44,2010,139557600
32,44,2012,143035200
32,44,2014,138877200
32,44,2016,156378600
32,44,2018,127008000
32,44,2020,130221000
32,44,2022,176601600
32,44,2024,135550800
32,44,2026,96616800
32,44,2028,180532800
32,44,2030,105688800
32,44,2032,124891200
32,44,2034,112341600
32,44,2036,78548400
32,44,2038,101379600
32,44,2040,111888000
32,44,2042,93668400
32,44,2044,112190400
32,44,2046,102362400
32,44,2048,82706400
32,44,2050,61689600
32,44,2052,76658400
32,44,2054,75713400
32,44,2056,76299300
32,44,2058,67586400
32,44,2060,45889200
32,44,2062,48384000
32,44,2064,61992000
32,44,2066,45813600
32,44,2068,52466400
32,44,2070,43243200
32,44,2072,39085200
32,44,2074,26006400
32,44,2076,23133600
32,44,2078,33566400
32,44,2080,27972000
32,44,2082,35834400
32,44,2084,15876000
32,44,2086,35985600
32,44,2088,17463600
32,44,2090,18446400
32,44,2092,17388000
32,44,2094,17236800
32,44,2096,22680000
32,44,2098,6350400
32,44,2100,7560000
32,44,2102,13305600
32,44,2104,9072000
32,44,2106,11037600
32,44,2108,5443200
32,44,2110,4838400
32,44,2112,13608000
32,44,2114,5443200
32,44,2116,1965600
32,44,2118,3477600
32,44,2120,9147600
32,44,2122,5216400
32,44,2124,926100
32,44,2128,3780000
32,44,2130,3477600
32,44,2132,1814400
32,44,2134,604800
32,44,2136,1360800
32,44,2138,1814400
32,44,2142,907200
32,44,2144,604800
32,44,2146,907200
32,44,2148,907200
32,44,2152,75600
32,44,2154,1512000
32,44,2158,151200
32,44,2160,1512000
32,44,2168,302400
32,44,2174,75600
32,44,2176,604800
32,44,2184,151200
32,44,2194,151200
32,44,2202,50400
32,45,1987,1814400
32,45,1989,907200
32,45,1993,907200
32,45,1995,907200
32,45,1999,2116800
32,45,2003,453600
32,45,2005,907200
32,45,2007,2721600
32,45,2009,7711200
32,45,2013,4989600
32,45,2015,3628800
32,45,2017,1814400
32,45,2019,12700800
32,45,2021,907200
32,45,2023,8467200
32,45,2025,453600
32,45,2027,3855600
32,45,2029,6048000
32,45,2031,12247200
32,45,2033,7257600
32,45,2035,18748800
32,45,2037,9072000
32,45,2039,7257600
32,45,2041,9298800
32,45,2043,27820800
32,45,2045,13608000
32,45,2047,23284800
32,45,2049,30844800
32,45,2051,15422400
32,45,2053,30844800
32,45,2055,35834400
32,45,2057,25855200
32,45,2059,26308800
32,45,2061,33717600
32,45,2063,38934000
32,45,2065,69703200
32,45,2067,42033600
32,45,2069,47628000
32,45,2071,58060800
32,45,2073,47174400
32,45,2075,65772000
32,45,2077,48535200
32,45,2079,65620800
32,45,2081,68493600
32,45,2083,76507200
32,45,2085,94651200
32,45,2087,102513600
32,45,2089,88905600
32,45,2091,84936600
32,45,2093,70308000
32,45,2095,76885200
32,45,2097,66830400
32,45,2099,74844000
32,45,2101,92080800
32,45,2103,97297200
32,45,2105,145378800
32,45,2107,92232000
32,45,2109,80438400
32,45,2111,114156000
32,45,2113,86486400
32,45,2115,79228800
32,45,2117,115819200
32,45,2119,84596400
32,45,2121,92912400
32,45,2123,112606200
32,45,2125,107654400
32,45,2127,111812400
32,45,2129,116424000
32,45,2131,73634400
32,45,2133,96465600
32,45,2135,121716000
32,45,2137,53373600
32,45,2139,72273600
32,45,2141,88452000
32,45,2143,70459200
32,45,2145,92912400
32,45,2147,94500000
32,45,2149,58287600
32,45,2151,64562400
32,45,2153,63806400
32,45,2155,35078400
32,45,2157,70005600
32,45,2159,82857600
32,45,2161,38480400
32,45,2163,65772000
32,45,2165,43092000
32,45,2167,47174400
32,45,2169,36288000
32,45,2171,42033600
32,45,2173,22680000
32,45,2175,38178000
32,45,2177,40068000
32,45,2179,26762400
32,45,2181,35380800
32,45,2183,19051200
32,45,2185,16329600
32,45,2187,28652400
32,45,2189,21546000
32,45,2191,10054800
32,45,2193,13834800
32,45,2195,15422400
32,45,2197,7862400
32,45,2199,13986000
32,45,2201,10281600
32,45,2203,5796000
32,45,2205,9828000
32,45,2207,7862400
32,45,2209,3024000
32,45,2211,8013600
32,45,2213,5896800
32,45,2215,907200
32,45,2217,1663200
32,45,2219,2268000
32,45,2221,2797200
32,45,2223,3628800
32,45,2225,2116800
32,45,2227,226800
32,45,2229,453600
32,45,2231,2116800
32,45,2233,1990800
32,45,2235,1209600
32,45,2237,453600
32,45,2239,3477600
32,45,2243,907200
32,45,2245,100800
32,45,2247,2041200
32,45,2251,945000
32,45,2253,302400
32,45,2255,1512000
32,45,2257,604800
32,45,2261,453600
32,45,2263,907200
32,45,2267,151200
32,45,2279,378000
32,45,2283,151200
32,45,2295,453600
32,45,2307,302400
32,46,2068,12600
32,46,2098,907200
32,46,2104,453600
32,46,2106,453600
32,46,2110,3855600
32,46,2112,1512000
32,46,2114,453600
32,46,2116,1814400
32,46,2118,1814400
32,46,2120,2268000
32,46,2122,4309200
32,46,2124,4082400
32,46,2126,3628800
32,46,2128,2268000
32,46,2130,226800
32,46,2132,907200
32,46,2134,8013600
32,46,2136,5443200
32,46,2138,11680200
32,46,2140,8164800
32,46,2142,453600
32,46,2144,2343600
32,46,2146,7862400
32,46,2148,7862400
32,46,2150,6350400
32,46,2152,6350400
32,46,2154,10886400
32,46,2156,1965600
32,46,2158,23587200
32,46,2160,9072000
32,46,2162,9979200
32,46,2164,17236800
32,46,2166,10432800
32,46,2168,19731600
32,46,2170,44906400
32,46,2172,17992800
32,46,2174,11453400
32,46,2176,18597600
32,46,2178,24948000
32,46,2180,17236800
32,46,2182,50349600
32,46,2184,23625000
32,46,2186,46418400
32,46,2188,45511200
32,46,2190,33112800
32,46,2192,24948000
32,46,2194,63504000
32,46,2196,31903200
32,46,2198,37006200
32,46,2200,64411200
32,46,2202,63352800
32,46,2204,35229600
32,46,2206,76053600
32,46,2208,39085200
32,46,2210,58968000
32,46,2212,51332400
32,46,2214,24040800
32,46,2216,58212000
32,46,2218,99565200
32,46,2220,58287600
32,46,2222,54696600
32,46,2224,70761600
32,46,2226,54356400
32,46,2228,57758400
32,46,2230,76356000
32,46,2232,51861600
32,46,2234,58627800
32,46,2236,68191200
32,46,2238,58968000
32,46,2240,50803200
32,46,2242,108145800
32,46,2244,38556000
32,46,2246,48535200
32,46,2248,64108800
32,46,2250,45851400
32,46,2252,70459200
32,46,2254,46418400
32,46,2256,33868800
32,46,2258,77112000
32,46,2260,38102400
32,46,2262,19882800
32,46,2264,33642000
32,46,2266,48308400
32,46,2268,41353200
32,46,2270,23360400
32,46,2272,35985600
32,46,2274,41428800
32,46,2276,31525200
32,46,2278,23814000
32,46,2280,13305600
32,46,2282,24040800
32,46,2284,17337600
32,46,2286,21470400
32,46,2288,18900000
32,46,2290,28879200
32,46,2292,13154400
32,46,2294,8769600
32,46,2296,6048000
32,46,2298,12171600
32,46,2300,8164800
32,46,2302,8694000
32,46,2304,6804000
32,46,2306,2721600
32,46,2308,1814400
32,46,2310,7862400
32,46,2312,2419200
32,46,2314,5745600
32,46,2316,3326400
32,46,2318,3402000
32,46,2320,3250800
32,46,2322,151200
32,46,2324,1814400
32,46,2326,1360800
32,46,2328,1512000
32,46,2330,2116800
32,46,2334,1058400
32,46,2336,529200
32,46,2342,453600
32,46,2344,2419200
32,46,2346,1083600
32,46,2348,604800
32,46,2350,907200
32,46,2352,352800
32,46,2356,2721600
32,46,2358,151200
32,46,2360,75600
32,46,2362,151200
32,46,2368,1512000
32,46,2370,214200
32,46,2376,302400
32,46,2392,226800
32,46,2424,100800
32,47,2199,151200
32,47,2207,907200
32,47,2209,453600
32,47,2221,907200
32,47,2223,2419200
32,47,2225,907200
32,47,2227,453600
32,47,2235,1058400
32,47,2239,113400
32,47,2241,2872800
32,47,2245,1814400
32,47,2247,2948400
32,47,2249,3175200
32,47,2251,3402000
32,47,2253,3024000
32,47,2255,1814400
32,47,2257,680400
32,47,2259,7862400
32,47,2261,9072000
32,47,2263,10206000
32,47,2265,4611600
32,47,2267,6350400
32,47,2269,7938000
32,47,2271,12322800
32,47,2273,4989600
32,47,2275,1663200
32,47,2277,12700800
32,47,2279,16783200
32,47,2281,13608000
32,47,2283,17841600
32,47,2285,9072000
32,47,2287,12247200
32,47,2289,22226400
32,47,2291,3628800
32,47,2293,10432800
32,47,2295,37800000
32,47,2297,17010000
32,47,2299,15989400
32,47,2301,28425600
32,47,2303,11491200
32,47,2305,14666400
32,47,2307,19958400
32,47,2309,13608000
32,47,2311,28123200
32,47,2313,41920200
32,47,2315,24645600
32,47,2317,27896400
32,47,2319,35078400
32,47,2321,12700800
32,47,2323,6350400
32,47,2325,54220320
32,47,2327,33339600
32,47,2329,22982400
32,47,2331,50803200
32,47,2333,25552800
32,47,2335,31298400
32,47,2337,44452800
32,47,2339,29937600
32,47,2341,20412000
32,47,2343,54961200
32,47,2345,27972000
32,47,2347,32659200
32,47,2349,45057600
32,47,2351,33264000
32,47,2353,26006400
32,47,2355,49442400
32,47,2357,17388000
32,47,2359,29181600
32,47,2361,34776000
32,47,2363,32054400
32,47,2365,20260800
32,47,2367,43470000
32,47,2369,9072000
32,47,2371,28123200
32,47,2373,36540000
32,47,2375,25099200
32,47,2377,14666400
32,47,2379,30240000
32,47,2381,19882800
32,47,2383,7862400
32,47,2385,16934400
32,47,2387,18295200
32,47,2389,5821200
32,47,2391,20109600
32,47,2393,8769600
32,47,2395,11188800
32,47,2397,16783200
32,47,2399,907200
32,47,2401,3326400
32,47,2403,12209400
32,47,2405,2419200
32,47,2407,3427200
32,47,2409,13003200
32,47,2411,3175200
32,47,2413,2116800
32,47,2415,2570400
32,47,2417,907200
32,47,2419,3175200
32,47,2421,3931200
32,47,2423,1512000
32,47,2425,1512000
32,47,2427,3477600
32,47,2429,1360800
32,47,2433,2595600
32,47,2435,1209600
32,47,2437,302400
32,47,2439,1587600
32,47,2441,453600
32,47,2443,302400
32,47,2445,1108800
32,47,2449,453600
32,47,2451,529200
32,47,2457,1209600
32,47,2461,75600
32,47,2475,226800
32,47,2477,151200
32,47,2483,75600
32,47,2485,7560
32,47,2493,302400
32,47,2497,151200
32,47,2511,37800
32,48,2308,226800
32,48,2328,453600
32,48,2330,453600
32,48,2332,1814400
32,48,2336,453600
32,48,2340,151200
32,48,2348,113400
32,48,2356,1814400
32,48,2360,907200
32,48,2364,302400
32,48,2366,453600
32,48,2368,907200
32,48,2370,2268000
32,48,2372,2721600
32,48,2374,1814400
32,48,2378,4082400
32,48,2380,7938000
32,48,2382,2721600
32,48,2384,2646000
32,48,2386,6350400
32,48,2388,6350400
32,48,2390,7484400
32,48,2392,8316000
32,48,2394,4989600
32,48,2396,9072000
32,48,2398,5670000
32,48,2400,9676800
32,48,2402,6804000
32,48,2404,14122080
32,48,2406,7711200
32,48,2408,15422400
32,48,2410,9525600
32,48,2412,10659600
32,48,2414,10092600
32,48,2416,24736320
32,48,2418,6652800
32,48,2420,18408600
32,48,2422,15120000
32,48,2424,10432800
32,48,2426,19051200
32,48,2428,17388000
32,48,2430,12549600
32,48,2432,14061600
32,48,2434,15082200
32,48,2436,18900000
32,48,2438,12247200
32,48,2440,20563200
32,48,2442,6652800
32,48,2444,14061600
32,48,2446,30844800
32,48,2448,17690400
32,48,2450,6804000
32,48,2452,20260800
32,48,2454,10281600
32,48,2456,17236800
32,48,2458,20109600
32,48,2460,29030400
32,48,2462,13759200
32,48,2464,23587200
32,48,2466,8505000
32,48,2468,22604400
32,48,2470,13986000
32,48,2472,8467200
32,48,2474,11037600
32,48,2476,22415400
32,48,2478,18446400
32,48,2480,9752400
32,48,2482,10684800
32,48,2484,13789440
32,48,2486,14515200
32,48,2488,8467200
32,48,2490,3326400
32,48,2492,13003200
32,48,2494,10886400
32,48,2496,6048000
32,48,2498,6199200
32,48,2500,9374400
32,48,2502,9979200
32,48,2504,5670000
32,48,2506,6199200
32,48,2508,1587600
32,48,2510,5896800
32,48,2512,4662000
32,48,2514,2419200
32,48,2516,5670000
32,48,2518,4914000
32,48,2520,2041200
32,48,2522,302400
32,48,2524,5065200
32,48,2526,6652800
32,48,2528,756000
32,48,2530,1209600
32,48,2532,604800
32,48,2534,604800
32,48,2536,2721600
32,48,2542,302400
32,48,2544,1209600
32,48,2546,378000
32,48,2548,50400
32,48,2550,756000
32,48,2556,453600
32,48,2558,302400
32,48,2560,302400
32,48,2562,1209600
32,48,2566,252000
32,48,2570,907200
32,48,2574,75600
32,48,2584,151200
32,48,2588,311850
32,48,2604,302400
32,48,2620,12600
32,49,2407,50400
32,49,2455,302400
32,49,2473,151200
32,49,2475,151200
32,49,2477,151200
32,49,2479,25200
32,49,2485,907200
32,49,2489,453600
32,49,2493,453600
32,49,2495,604800
32,49,2497,907200
32,49,2499,2116800
32,49,2501,1814400
32,49,2503,151200
32,49,2505,5140800
32,49,2507,1814400
32,49,2509,4233600
32,49,2511,2268000
32,49,2513,3628800
32,49,2515,6350400
32,49,2517,5443200
32,49,2519,1360800
32,49,2521,7257600
32,49,2523,6350400
32,49,2525,15876000
32,49,2527,1965600
32,49,2529,2268000
32,49,2531,6350400
32,49,2533,14616000
32,49,2535,4082400
32,49,2537,7711200
32,49,2539,2721600
32,49,2541,14515200
32,49,2543,7560000
32,49,2545,8920800
32,49,2547,604800
32,49,2549,11491200
32,49,2551,8240400
32,49,2553,8769600
32,49,2555,2570400
32,49,2557,9878400
32,49,2559,2721600
32,49,2561,13910400
32,49,2563,1474200
32,49,2565,11188800
32,49,2567,2721600
32,49,2569,7257600
32,49,2571,4853520
32,49,2573,7257600
32,49,2575,3830400
32,49,2577,7938000
32,49,2579,8467200
32,49,2581,8164800
32,49,2583,4989600
32,49,2585,9676800
32,49,2587,3880800
32,49,2589,11340000
32,49,2591,3780000
32,49,2593,4384800
32,49,2595,5896800
32,49,2597,5896800
32,49,2599,2570400
32,49,2601,3780000
32,49,2603,2721600
32,49,2605,7938000
32,49,2607,4258800
32,49,2609,831600
32,49,2611,5896800
32,49,2613,3628800
32,49,2615,831600
32,49,2617,4838400
32,49,2619,3628800
32,49,2621,907200
32,49,2623,302400
32,49,2625,2268000
32,49,2627,1058400
32,49,2629,3981600
32,49,2631,907200
32,49,2633,453600
32,49,2635,907200
32,49,2637,2041200
32,49,2639,982800
32,49,2641,907200
32,49,2643,529200
32,49,2647,756000
32,49,2649,1058400
32,49,2651,453600
32,49,2653,453600
32,49,2655,302400
32,49,2659,907200
32,49,2665,604800
32,49,2667,1209600
32,49,2675,604800
32,49,2683,151200
32,49,2685,151200
32,49,2697,100800
32,50,2526,340200
32,50,2556,37800
32,50,2574,75600
32,50,2598,302400
32,50,2604,315000
32,50,2618,604800
32,50,2620,302400
32,50,2626,1209600
32,50,2628,907200
32,50,2630,302400
32,50,2634,2570400
32,50,2636,2721600
32,50,2638,3628800
32,50,2640,113400
32,50,2644,6955200
32,50,2646,4989600
32,50,2648,151200
32,50,2652,8694000
32,50,2654,4384800
32,50,2658,2872800
32,50,2660,3628800
32,50,2662,10735200
32,50,2664,3553200
32,50,2666,2721600
32,50,2668,2872800
32,50,2670,3326400
32,50,2672,907200
32,50,2674,4536000
32,50,2676,6274800
32,50,2678,3855600
32,50,2680,907200
32,50,2682,2721600
32,50,2684,3477600
32,50,2686,4158000
32,50,2688,2419200
32,50,2692,6879600
32,50,2694,9752400
32,50,2696,2721600
32,50,2698,1814400
32,50,2700,3477600
32,50,2702,4611600
32,50,2704,907200
32,50,2706,3175200
32,50,2708,1738800
32,50,2710,2116800
32,50,2712,4422600
32,50,2714,982800
32,50,2716,604800
32,50,2718,1965600
32,50,2720,151200
32,50,2722,1360800
32,50,2724,5670000
32,50,2726,3628800
32,50,2728,1209600
32,50,2730,1814400
32,50,2732,604800
32,50,2734,2721600
32,50,2736,1663200
32,50,2740,604800
32,50,2742,2381400
32,50,2748,907200
32,50,2750,37800
32,50,2754,907200
32,50,2756,567000
32,50,2760,226800
32,50,2766,151200
32,50,2784,50400
32,50,2820,7560
32,51,2671,2041200
32,51,2691,2041200
32,51,2721,340200
32,51,2733,302400
32,51,2741,75600
32,51,2743,604800
32,51,2745,907200
32,51,2751,756000
32,51,2755,1360800
32,51,2757,151200
32,51,2759,3024000
32,51,2761,907200
32,51,2765,1814400
32,51,2767,2570400
32,51,2769,453600
32,51,2771,3931200
32,51,2773,604800
32,51,2775,2872800
32,51,2777,2721600
32,51,2781,2721600
32,51,2783,1663200
32,51,2785,1965600
32,51,2787,604800
32,51,2789,1436400
32,51,2791,2721600
32,51,2793,302400
32,51,2795,1814400
32,51,2797,453600
32,51,2799,2116800
32,51,2801,4233600
32,51,2803,453600
32,51,2805,2192400
32,51,2807,1890000
32,51,2809,2721600
32,51,2811,1587600
32,51,2813,1852200
32,51,2815,1663200
32,51,2817,1360800
32,51,2819,1814400
32,51,2821,1360800
32,51,2823,982800
32,51,2825,1209600
32,51,2829,2721600
32,51,2831,604800
32,51,2833,453600
32,51,2835,907200
32,51,2837,1360800
32,51,2839,302400
32,51,2845,1965600
32,51,2847,567000
32,51,2853,907200
32,51,2859,1814400
32,51,2861,226800
32,51,2869,453600
32,51,2877,75600
32,51,2883,453600
32,51,2887,25200
32,51,2911,12600
32,51,2933,37800
32,52,2818,4082400
32,52,2832,680400
32,52,2836,4082400
32,52,2854,12600
32,52,2870,151200
32,52,2874,37800
32,52,2878,100800
32,52,2886,756000
32,52,2888,604800
32,52,2892,151200
32,52,2894,302400
32,52,2896,756000
32,52,2900,604800
32,52,2902,831600
32,52,2906,907200
32,52,2908,151200
32,52,2910,453600
32,52,2912,907200
32,52,2914,1360800
32,52,2918,1512000
32,52,2920,1966860
32,52,2926,1058400
32,52,2928,302400
32,52,2930,604800
32,52,2936,1512000
32,52,2938,302400
32,52,2942,1209600
32,52,2944,1890000
32,52,2946,75600
32,52,2950,1209600
32,52,2954,151200
32,52,2960,635040
32,52,2968,302400
32,52,2974,453600
32,52,2996,75600
32,52,3000,90720
32,52,3006,302400
32,52,3016,113400
32,53,2949,340200
32,53,2959,4082400
32,53,2965,2721600
32,53,2997,1360800
32,53,2999,1360800
32,53,3039,105840
32,53,3049,15120
32,53,3051,15120
32,53,3059,151200
32,53,3069,151200
32,53,3075,151200
32,53,3079,30240
32,53,3083,151200
32,53,3087,75600
32,53,3091,453600
32,53,3111,302400
32,54,3088,2721600
32,54,3096,151200
32,54,3108,2721600
32,54,3126,18900
32,54,3128,680400
32,54,3134,75600
32,54,3144,151200
32,54,3164,453600
32,54,3168,453600
32,54,3172,151200
32,54,3174,453600
32,54,3178,604800
32,54,3182,75600
32,54,3184,302400
32,54,3188,302400
32,54,3194,151200
32,54,3198,453600
32,54,3202,151200
32,55,3223,680400
32,55,3231,680400
32,55,3261,340200
32,55,3263,680400
32,55,3295,68040
32,56,3168,9450
32,56,3372,907200
32,56,3402,340200
32,57,3339,113400
32,57,3615,15120
32,58,3490,151200
32,58,3510,75600
32,58,3540,12600
32,58,3664,5040
32,58,3702,18900
32,58,3704,15120
32,58,3706,1260
32,59,3643,75600
32,59,3657,50400
32,59,3801,45360
32,60,3780,3780
32,60,3790,75600
32,60,3830,15120
32,62,4104,6300
33,36,1188,2100
33,38,1330,151200
33,38,1338,12600
33,38,1358,113400
33,38,1390,75600
33,38,1422,18900
33,39,1393,151200
33,39,1401,75600
33,39,1411,302400
33,39,1421,907200
33,39,1423,907200
33,39,1437,151200
33,39,1439,453600
33,39,1459,75600
33,39,1461,100800
33,39,1471,453600
33,39,1479,75600
33,39,1519,151200
33,39,1529,37800
33,40,1462,302400
33,40,1468,1134000
33,40,1470,1602720
33,40,1472,453600
33,40,1476,907200
33,40,1478,2872800
33,40,1484,1814400
33,40,1486,907200
33,40,1488,1386000
33,40,1492,907200
33,40,1494,2872800
33,40,1496,3780000
33,40,1500,1474200
33,40,1502,1814400
33,40,1504,1738800
33,40,1510,302400
33,40,1512,1209600
33,40,1514,302400
33,40,1516,907200
33,40,1520,3659040
33,40,1522,453600
33,40,1524,680400
33,40,1528,604800
33,40,1530,37800
33,40,1532,75600
33,40,1534,1814400
33,40,1536,4460400
33,40,1540,907200
33,40,1544,1436400
33,40,1548,1814400
33,40,1550,1134000
33,40,1552,1814400
33,40,1554,453600
33,40,1556,378000
33,40,1564,907200
33,40,1570,967680
33,40,1572,604800
33,40,1580,75600
33,40,1584,50400
33,40,1596,453600
33,40,1600,784350
33,40,1604,982800
33,40,1620,302400
33,40,1624,37800
33,40,1650,100800
33,40,1652,75600
33,40,1700,94500
33,40,1800,1575
33,41,1533,151200
33,41,1537,1814400
33,41,1543,7257600
33,41,1545,5443200
33,41,1547,2494800
33,41,1549,3024000
33,41,1551,10987200
33,41,1553,5443200
33,41,1557,604800
33,41,1559,4762800
33,41,1561,3175200
33,41,1563,2721600
33,41,1565,4460400
33,41,1567,9072000
33,41,1569,10886400
33,41,1571,4536000
33,41,1573,2419200
33,41,1575,2721600
33,41,1577,3628800
33,41,1579,9639000
33,41,1581,1965600
33,41,1583,6577200
33,41,1585,5443200
33,41,1587,8542800
33,41,1589,1209600
33,41,1591,6955200
33,41,1593,9979200
33,41,1595,4536000
33,41,1597,2721600
33,41,1599,302400
33,41,1601,7257600
33,41,1603,12700800
33,41,1605,8769600
33,41,1607,9072000
33,41,1609,4687200
33,41,1611,7106400
33,41,1613,2116800
33,41,1615,4536000
33,41,1617,8164800
33,41,1619,5896800
33,41,1621,4838400
33,41,1623,4838400
33,41,1625,453600
33,41,1627,4233600
33,41,1629,10886400
33,41,1631,1134000
33,41,1633,5443200
33,41,1635,4384800
33,41,1637,1549800
33,41,1639,2419200
33,41,1643,2419200
33,41,1645,2116800
33,41,1647,907200
33,41,1651,3175200
33,41,1653,1058400
33,41,1655,3931200
33,41,1659,1209600
33,41,1661,3628800
33,41,1663,1844640
33,41,1665,1814400
33,41,1667,907200
33,41,1669,3931200
33,41,1671,453600
33,41,1673,907200
33,41,1675,1058400
33,41,1679,2116800
33,41,1681,604800
33,41,1687,907200
33,41,1691,2721600
33,41,1697,1209600
33,41,1711,302400
33,41,1713,151200
33,41,1717,453600
33,41,1721,1134000
33,41,1731,907200
33,41,1735,302400
33,41,1737,12600
33,41,1741,226800
33,41,1747,1134000
33,41,1759,37800
33,41,1771,756000
33,41,1807,75600
33,41,1821,151200
33,41,1847,75600
33,42,1606,4082400
33,42,1608,907200
33,42,1610,56700
33,42,1618,4536000
33,42,1620,20563200
33,42,1622,10886400
33,42,1624,2268000
33,42,1634,6804000
33,42,1636,19958400
33,42,1638,16783200
33,42,1640,15422400
33,42,1642,3628800
33,42,1644,6350400
33,42,1646,18144000
33,42,1648,5594400
33,42,1650,3628800
33,42,1652,24494400
33,42,1654,16783200
33,42,1656,16329600
33,42,1658,7106400
33,42,1660,12700800
33,42,1662,21924000
33,42,1664,13608000
33,42,1666,22680000
33,42,1668,23133600
33,42,1670,50349600
33,42,1672,15422400
33,42,1674,26245800
33,42,1676,29937600
33,42,1678,24494400
33,42,1680,30844800
33,42,1682,12927600
33,42,1684,13608000
33,42,1686,34776000
33,42,1688,19958400
33,42,1690,21319200
33,42,1692,17312400
33,42,1694,29332800
33,42,1696,26308800
33,42,1698,17766000
33,42,1700,7484400
33,42,1702,16329600
33,42,1704,13154400
33,42,1706,23587200
33,42,1708,14817600
33,42,1710,13948200
33,42,1712,5443200
33,42,1714,10584000
33,42,1716,7257600
33,42,1718,16178400
33,42,1720,13910400
33,42,1722,23247000
33,42,1724,7560000
33,42,1726,20412000
33,42,1728,15876000
33,42,1730,18144000
33,42,1732,8164800
33,42,1734,9500400
33,42,1736,6804000
33,42,1738,19278000
33,42,1740,6350400
33,42,1742,3402000
33,42,1744,1209600
33,42,1746,13910400
33,42,1748,3628800
33,42,1750,4762800
33,42,1754,9676800
33,42,1756,6426000
33,42,1758,4611600
33,42,1762,1814400
33,42,1764,4233600
33,42,1766,10281600
33,42,1768,3628800
33,42,1770,8769600
33,42,1772,1266300
33,42,1774,1814400
33,42,1776,756000
33,42,1778,5140800
33,42,1780,3628800
33,42,1782,2343600
33,42,1784,1285200
33,42,1786,1663200
33,42,1790,1927800
33,42,1794,705600
33,42,1796,1814400
33,42,1798,4082400
33,42,1804,151200
33,42,1806,5745600
33,42,1810,302400
33,42,1814,1814400
33,42,1816,604800
33,42,1818,1814400
33,42,1820,302400
33,42,1822,1927800
33,42,1824,907200
33,42,1826,529200
33,42,1830,201600
33,42,1834,453600
33,42,1844,226800
33,42,1846,907200
33,42,1862,567000
33,42,1864,151200
33,42,1870,604800
33,42,1876,453600
33,42,1882,226800
33,42,1894,907200
33,42,1914,75600
33,42,1926,151200
33,43,1705,907200
33,43,1707,907200
33,43,1709,7711200
33,43,1711,7257600
33,43,1713,453600
33,43,1715,5443200
33,43,1717,18144000
33,43,1719,2721600
33,43,1721,8164800
33,43,1725,7257600
33,43,1729,20412000
33,43,1731,26762400
33,43,1733,47174400
33,43,1735,24494400
33,43,1737,12700800
33,43,1739,9072000
33,43,1741,17236800
33,43,1743,21772800
33,43,1745,47174400
33,43,1747,48308400
33,43,1749,73105200
33,43,1751,23587200
33,43,1753,26308800
33,43,1755,30844800
33,43,1757,33566400
33,43,1759,50803200
33,43,1761,19504800
33,43,1763,57153600
33,43,1765,44906400
33,43,1767,72576000
33,43,1769,34020000
33,43,1771,43848000
33,43,1773,63050400
33,43,1775,23133600
33,43,1777,46267200
33,43,1779,39463200
33,43,1781,44906400
33,43,1783,41806800
33,43,1785,50803200
33,43,1787,31298400
33,43,1789,74995200
33,43,1791,54432000
33,43,1793,44452800
33,43,1795,59875200
33,43,1797,52768800
33,43,1799,62445600
33,43,1801,30844800
33,43,1803,31752000
33,43,1805,48535200
33,43,1807,39160800
33,43,1809,39916800
33,43,1811,34020000
33,43,1813,31752000
33,43,1815,23587200
33,43,1817,34473600
33,43,1819,19353600
33,43,1821,26964000
33,43,1823,33566400
33,43,1825,24721200
33,43,1827,22377600
33,43,1829,25552800
33,43,1831,34020000
33,43,1833,16102800
33,43,1835,34020000
33,43,1837,9298800
33,43,1839,30895200
33,43,1841,21772800
33,43,1843,15120000
33,43,1845,26359200
33,43,1847,9072000
33,43,1849,22680000
33,43,1851,14666400
33,43,1853,7560000
33,43,1855,9223200
33,43,1857,11037600
33,43,1859,12700800
33,43,1861,8467200
33,43,1863,4536000
33,43,1865,12549600
33,43,1867,8164800
33,43,1869,9525600
33,43,1871,5443200
33,43,1873,12020400
33,43,1875,11869200
33,43,1877,6048000
33,43,1879,8164800
33,43,1881,4687200
33,43,1883,6048000
33,43,1885,7862400
33,43,1887,1814400
33,43,1889,12700800
33,43,1891,3553200
33,43,1893,2217600
33,43,1895,1360800
33,43,1897,3628800
33,43,1899,3628800
33,43,1901,2116800
33,43,1903,604800
33,43,1905,604800
33,43,1907,453600
33,43,1909,2268000
33,43,1911,907200
33,43,1913,1814400
33,43,1915,604800
33,43,1919,2721600
33,43,1921,2116800
33,43,1923,4737600
33,43,1925,1852200
33,43,1929,2721600
33,43,1931,2268000
33,43,1935,1814400
33,43,1937,1814400
33,43,1941,201600
33,43,1947,1058400
33,43,1949,1814400
33,43,1953,1209600
33,43,1955,302400
33,43,1961,1209600
33,43,1977,453600
33,43,1995,100800
33,43,1997,151200
33,43,2003,151200
33,43,2009,302400
33,43,2015,226800
33,43,2019,100800
33,43,2097,12600
33,44,1788,226800
33,44,1800,1839600
33,44,1802,453600
33,44,1804,453600
33,44,1806,7257600
33,44,1808,11793600
33,44,1810,2721600
33,44,1812,7182000
33,44,1814,5443200
33,44,1816,4082400
33,44,1818,4536000
33,44,1820,7257600
33,44,1822,26308800
33,44,1824,25628400
33,44,1826,7257600
33,44,1828,7257600
33,44,1830,18144000
33,44,1832,19051200
33,44,1834,14515200
33,44,1836,30391200
33,44,1838,35380800
33,44,1840,43545600
33,44,1842,18597600
33,44,1844,37195200
33,44,1846,19278000
33,44,1848,49442400
33,44,1850,19958400
33,44,1852,54432000
33,44,1854,68040000
33,44,1856,50349600
33,44,1858,47174400
33,44,1860,71016750
33,44,1862,64411200
33,44,1864,71442000
33,44,1866,48988800
33,44,1868,67132800
33,44,1870,76204800
33,44,1872,49980000
33,44,1874,43848000
33,44,1876,70005600
33,44,1878,99792000
33,44,1880,69174000
33,44,1882,49896000
33,44,1884,60782400
33,44,1886,71215200
33,44,1888,105688800
33,44,1890,58665600
33,44,1892,75796560
33,44,1894,70383600
33,44,1896,55188000
33,44,1898,73936800
33,44,1900,95785200
33,44,1902,44503200
33,44,1904,39019050
33,44,1906,58968000
33,44,1908,66679200
33,44,1910,65847600
33,44,1912,70459200
33,44,1914,42789600
33,44,1916,69854400
33,44,1918,78926400
33,44,1920,51786000
33,44,1922,42184800
33,44,1924,42921900
33,44,1926,41580000
33,44,1928,54205200
33,44,1930,50954400
33,44,1932,58514400
33,44,1934,26611200
33,44,1936,56700000
33,44,1938,32659200
33,44,1940,40824000
33,44,1942,41277600
33,44,1944,23889600
33,44,1946,28123200
33,44,1948,55792800
33,44,1950,52466400
33,44,1952,18144000
33,44,1954,12096000
33,44,1956,22906800
33,44,1958,11793600
33,44,1960,30391200
33,44,1962,9525600
33,44,1964,22680000
33,44,1966,21470400
33,44,1968,17249400
33,44,1970,15422400
33,44,1972,28047600
33,44,1974,8164800
33,44,1976,22339800
33,44,1978,9979200
33,44,1980,17766000
33,44,1982,8013600
33,44,1984,11793600
33,44,1986,5896800
33,44,1988,13230000
33,44,1990,4384800
33,44,1992,7711200
33,44,1994,5140800
33,44,1996,4687200
33,44,1998,6199200
33,44,2000,16480800
33,44,2002,2721600
33,44,2004,4082400
33,44,2006,3931200
33,44,2008,10281600
33,44,2010,907200
33,44,2012,2948400
33,44,2014,3931200
33,44,2016,4687200
33,44,2018,3628800
33,44,2020,9828000
33,44,2022,4536000
33,44,2024,3704400
33,44,2026,604800
33,44,2028,604800
33,44,2030,3477600
33,44,2032,907200
33,44,2034,1083600
33,44,2036,642600
33,44,2044,2116800
33,44,2048,1814400
33,44,2050,907200
33,44,2052,3780
33,44,2056,2872800
33,44,2060,1965600
33,44,2062,1814400
33,44,2064,907200
33,44,2066,302400
33,44,2068,604800
33,44,2070,1008000
33,44,2080,982800
33,44,2084,302400
33,44,2096,453600
33,44,2110,302400
33,44,2124,18900
33,44,2130,50400
33,44,2174,37800
33,45,1881,907200
33,45,1895,2721600
33,45,1899,907200
33,45,1903,226800
33,45,1907,1814400
33,45,1909,4989600
33,45,1911,453600
33,45,1913,12700800
33,45,1915,1814400
33,45,1917,2721600
33,45,1919,7257600
33,45,1921,7257600
33,45,1923,8164800
33,45,1925,9525600
33,45,1927,5443200
33,45,1929,2721600
33,45,1931,11793600
33,45,1933,10886400
33,45,1935,24985800
33,45,1937,27669600
33,45,1939,24040800
33,45,1941,25250400
33,45,1943,20412000
33,45,1945,31298400
33,45,1947,38102400
33,45,1949,35834400
33,45,1951,35380800
33,45,1953,51332400
33,45,1955,30844800
33,45,1957,40824000
33,45,1959,43243200
33,45,1961,33112800
33,45,1963,43545600
33,45,1965,64411200
33,45,1967,44755200
33,45,1969,75297600
33,45,1971,39916800
33,45,1973,64864800
33,45,1975,68153400
33,45,1977,72424800
33,45,1979,82555200
33,45,1981,77414400
33,45,1983,71374800
33,45,1985,98884800
33,45,1987,76809600
33,45,1989,59572800
33,45,1991,83916000
33,45,1993,91324800
33,45,1995,46720800
33,45,1997,67586400
33,45,1999,72349200
33,45,2001,80854200
33,45,2003,88603200
33,45,2005,118994400
33,45,2007,60555600
33,45,2009,87998400
33,45,2011,58968000
33,45,2013,92534400
33,45,2015,88905600
33,45,2017,112492800
33,45,2019,76204800
33,45,2021,91854000
33,45,2023,80362800
33,45,2025,80136000
33,45,2027,58968000
33,45,2029,45057600
33,45,2031,70761600
33,45,2033,70308000
33,45,2035,53751600
33,45,2037,83008800
33,45,2039,63957600
33,45,2041,63655200
33,45,2043,63126000
33,45,2045,52617600
33,45,2047,46494000
33,45,2049,69363000
33,45,2051,48535200
33,45,2053,55036800
33,45,2055,53524800
33,45,2057,39916800
33,45,2059,33112800
33,45,2061,54280800
33,45,2063,32659200
33,45,2065,45057600
33,45,2067,43243200
33,45,2069,43394400
33,45,2071,19051200
33,45,2073,29181600
33,45,2075,18597600
33,45,2077,21319200
33,45,2079,22793400
33,45,2081,29665440
33,45,2083,22453200
33,45,2085,19051200
33,45,2087,12927600
33,45,2089,9374400
33,45,2091,5443200
33,45,2093,15724800
33,45,2095,10432800
33,45,2097,11037600
33,45,2099,10432800
33,45,2101,17085600
33,45,2103,2721600
33,45,2105,8920800
33,45,2107,5745600
33,45,2109,7257600
33,45,2111,11188800
33,45,2113,3704400
33,45,2115,8618400
33,45,2117,7786800
33,45,2119,6274800
33,45,2121,4838400
33,45,2123,9979200
33,45,2125,2948400
33,45,2127,2872800
33,45,2129,453600
33,45,2131,453600
33,45,2133,1814400
33,45,2135,6048000
33,45,2137,2419200
33,45,2139,1814400
33,45,2141,4838400
33,45,2145,680400
33,45,2147,1814400
33,45,2149,453600
33,45,2153,1814400
33,45,2155,1814400
33,45,2157,907200
33,45,2161,1512000
33,45,2163,907200
33,45,2165,1814400
33,45,2169,453600
33,45,2171,1360800
33,45,2173,453600
33,45,2179,302400
33,45,2185,604800
33,45,2189,907200
33,45,2193,151200
33,45,2195,302400
33,45,2203,302400
33,45,2213,453600
33,45,2225,302400
33,45,2241,7560
33,46,1974,151200
33,46,1990,907200
33,46,2000,907200
33,46,2002,3628800
33,46,2004,453600
33,46,2006,226800
33,46,2008,453600
33,46,2014,4762800
33,46,2016,907200
33,46,2018,1814400
33,46,2020,2721600
33,46,2022,907200
33,46,2026,3175200
33,46,2028,151200
33,46,2030,13608000
33,46,2032,16329600
33,46,2034,5443200
33,46,2036,5443200
33,46,2038,13608000
33,46,2040,1814400
33,46,2042,11793600
33,46,2044,13608000
33,46,2046,29332800
33,46,2048,20865600
33,46,2050,7257600
33,46,2052,20865600
33,46,2054,19051200
33,46,2056,16329600
33,46,2058,34473600
33,46,2060,37762200
33,46,2062,33264000
33,46,2064,42184800
33,46,2066,24494400
33,46,2068,22680000
33,46,2070,37648800
33,46,2072,29484000
33,46,2074,47174400
33,46,2076,40068000
33,46,2078,65772000
33,46,2080,44906400
33,46,2082,62143200
33,46,2084,46872000
33,46,2086,56700000
33,46,2088,47174400
33,46,2090,83802600
33,46,2092,45964800
33,46,2094,102060000
33,46,2096,55188000
33,46,2098,74390400
33,46,2100,73483200
33,46,2102,65998800
33,46,2104,94122000
33,46,2106,88149600
33,46,2108,84823200
33,46,2110,113022000
33,46,2112,96465600
33,46,2114,81648000
33,46,2116,70156800
33,46,2118,100245600
33,46,2120,82101600
33,46,2122,117936000
33,46,2124,125571600
33,46,2126,82555200
33,46,2128,108864000
33,46,2130,93744000
33,46,2132,58665600
33,46,2134,77792400
33,46,2136,104781600
33,46,2138,89283600
33,46,2140,82706400
33,46,2142,83008800
33,46,2144,48988800
33,46,2146,44906400
33,46,2148,72122400
33,46,2150,79002000
33,46,2152,66830400
33,46,2154,103874400
33,46,2156,32810400
33,46,2158,89472600
33,46,2160,58741200
33,46,2162,32508000
33,46,2164,58816800
33,46,2166,58363200
33,46,2168,18824400
33,46,2170,32356800
33,46,2172,45813600
33,46,2174,46777500
33,46,2176,37195200
33,46,2178,44906400
33,46,2180,16329600
33,46,2182,37573200
33,46,2184,32760000
33,46,2186,18824400
33,46,2188,30391200
33,46,2190,44301600
33,46,2192,16027200
33,46,2194,21697200
33,46,2196,23133600
33,46,2198,24948000
33,46,2200,14515200
33,46,2202,9525600
33,46,2204,11340000
33,46,2206,4536000
33,46,2208,16783200
33,46,2210,7106400
33,46,2212,8580600
33,46,2214,8870400
33,46,2216,9979200
33,46,2218,10432800
33,46,2220,2721600
33,46,2222,4914000
33,46,2224,9979200
33,46,2226,5216400
33,46,2228,5670000
33,46,2230,7560000
33,46,2232,7257600
33,46,2234,5670000
33,46,2236,2721600
33,46,2238,12096000
33,46,2240,4082400
33,46,2242,3780000
33,46,2244,907200
33,46,2246,3024000
33,46,2248,907200
33,46,2250,567000
33,46,2252,1360800
33,46,2254,1360800
33,46,2256,4233600
33,46,2258,2494800
33,46,2260,1512000
33,46,2262,1612800
33,46,2266,151200
33,46,2268,1360800
33,46,2270,2721600
33,46,2272,907200
33,46,2274,453600
33,46,2276,907200
33,46,2278,907200
33,46,2282,907200
33,46,2296,302400
33,46,2298,151200
33,46,2302,151200
33,46,2304,50400
33,46,2310,453600
33,46,2316,319200
33,46,2322,12600
33,46,2328,151200
33,46,2346,100800
33,46,2424,25200
33,47,2097,453600
33,47,2107,907200
33,47,2109,1512000
33,47,2121,3628800
33,47,2123,907200
33,47,2127,302400
33,47,2133,7862400
33,47,2135,3780000
33,47,2137,1134000
33,47,2139,3628800
33,47,2143,1814400
33,47,2145,2419200
33,47,2147,3628800
33,47,2149,7711200
33,47,2151,14515200
33,47,2153,9072000
33,47,2155,2948400
33,47,2157,12700800
33,47,2159,7257600
33,47,2161,15422400
33,47,2163,16329600
33,47,2165,8618400
33,47,2167,17917200
33,47,2169,13003200
33,47,2171,12700800
33,47,2173,33868800
33,47,2175,30391200
33,47,2177,13608000
33,47,2179,49896000
33,47,2181,25426800
33,47,2183,34473600
33,47,2185,19504800
33,47,2187,49896000
33,47,2189,53978400
33,47,2191,33566400
33,47,2193,34927200
33,47,2195,34927200
33,47,2197,34020000
33,47,2199,58968000
33,47,2201,58968000
33,47,2203,67359600
33,47,2205,68493600
33,47,2207,68493600
33,47,2209,55944000
33,47,2211,44452800
33,47,2213,83916000
33,47,2215,72424800
33,47,2217,71668800
33,47,2219,66225600
33,47,2221,75146400
33,47,2223,55944000
33,47,2225,101152800
33,47,2227,61689600
33,47,2229,91627200
33,47,2231,88905600
33,47,2233,70005600
33,47,2235,63050400
33,47,2237,86184000
33,47,2239,83235600
33,47,2241,90568800
33,47,2243,100699200
33,47,2245,89661600
33,47,2247,89586000
33,47,2249,67586400
33,47,2251,62445600
33,47,2253,75751200
33,47,2255,54734400
33,47,2257,60933600
33,47,2259,65923200
33,47,2261,73180800
33,47,2263,49744800
33,47,2265,77716800
33,47,2267,53751600
33,47,2269,37270800
33,47,2271,66376800
33,47,2273,71026200
33,47,2275,43243200
33,47,2277,46569600
33,47,2279,36892800
33,47,2281,40219200
33,47,2283,47401200
33,47,2285,41504400
33,47,2287,27972000
33,47,2289,35229600
33,47,2291,29332800
33,47,2293,29635200
33,47,2295,37648800
33,47,2297,29332800
33,47,2299,8164800
33,47,2301,26308800
33,47,2303,28425600
33,47,2305,13003200
33,47,2307,19051200
33,47,2309,6652800
33,47,2311,19656000
33,47,2313,24796800
33,47,2315,15573600
33,47,2317,18295200
33,47,2319,14817600
33,47,2321,10054800
33,47,2323,1814400
33,47,2325,5594400
33,47,2327,12625200
33,47,2329,8164800
33,47,2331,8467200
33,47,2333,10584000
33,47,2335,6652800
33,47,2337,3477600
33,47,2339,1587600
33,47,2341,2721600
33,47,2343,3780000
33,47,2345,8164800
33,47,2347,3628800
33,47,2349,756000
33,47,2351,6350400
33,47,2355,4536000
33,47,2357,5896800
33,47,2359,1209600
33,47,2361,2116800
33,47,2363,2041200
33,47,2365,604800
33,47,2367,4384800
33,47,2369,302400
33,47,2371,604800
33,47,2373,453600
33,47,2381,2721600
33,47,2383,604800
33,47,2391,151200
33,47,2393,453600
33,47,2399,302400
33,47,2403,37800
33,47,2417,151200
33,47,2419,756000
33,47,2421,50400
33,47,2433,12600
33,47,2443,151200
33,47,2445,100800
33,48,2216,226800
33,48,2220,75600
33,48,2224,453600
33,48,2238,1965600
33,48,2240,907200
33,48,2244,1814400
33,48,2246,4536000
33,48,2248,226800
33,48,2250,75600
33,48,2252,2721600
33,48,2254,1814400
33,48,2256,3175200
33,48,2258,6350400
33,48,2260,6350400
33,48,2262,2721600
33,48,2264,5443200
33,48,2266,4082400
33,48,2268,7484400
33,48,2270,7257600
33,48,2272,10281600
33,48,2274,16027200
33,48,2276,8164800
33,48,2278,14061600
33,48,2280,5216400
33,48,2282,18144000
33,48,2284,9676800
33,48,2286,10886400
33,48,2288,8618400
33,48,2290,14666400
33,48,2292,19051200
33,48,2294,10432800
33,48,2296,11793600
33,48,2298,37044000
33,48,2300,25779600
33,48,2302,39312000
33,48,2304,31449600
33,48,2306,14061600
33,48,2308,40824000
33,48,2310,33112800
33,48,2312,28350000
33,48,2314,31298400
33,48,2316,44452800
33,48,2318,25855200
33,48,2320,55490400
33,48,2322,63428400
33,48,2324,48535200
33,48,2326,47250000
33,48,2328,50803200
33,48,2330,39009600
33,48,2332,57531600
33,48,2334,43470000
33,48,2336,51030000
33,48,2338,83764800
33,48,2340,53978400
33,48,2342,54885600
33,48,2344,54280800
33,48,2346,57720600
33,48,2348,69589800
33,48,2350,51710400
33,48,2352,79380000
33,48,2354,70308000
33,48,2356,66528000
33,48,2358,51559200
33,48,2360,63277200
33,48,2362,66981600
33,48,2364,45889200
33,48,2366,54432000
33,48,2368,42336000
33,48,2370,55188000
33,48,2372,81799200
33,48,2374,68191200
33,48,2376,51559200
33,48,2378,39160800
33,48,2380,58590000
33,48,2382,35380800
33,48,2384,57758400
33,48,2386,38253600
33,48,2388,19504800
33,48,2390,32205600
33,48,2392,54243000
33,48,2394,26308800
33,48,2396,35834400
33,48,2398,37346400
33,48,2400,14061600
33,48,2402,32508000
33,48,2404,37422000
33,48,2406,22730400
33,48,2408,48157200
33,48,2410,18748800
33,48,2412,18900000
33,48,2414,9941400
33,48,2416,25401600
33,48,2418,22150800
33,48,2420,12852000
33,48,2422,12700800
33,48,2424,13608000
33,48,2426,17388000
33,48,2428,10735200
33,48,2430,9374400
33,48,2432,8505000
33,48,2434,8769600
33,48,2436,13230000
33,48,2438,5140800
33,48,2440,4951800
33,48,2442,6652800
33,48,2444,8467200
33,48,2446,1512000
33,48,2448,3326400
33,48,2450,5140800
33,48,2452,2268000
33,48,2454,907200
33,48,2456,5575500
33,48,2458,7862400
33,48,2460,756000
33,48,2462,1965600
33,48,2464,1512000
33,48,2466,982800
33,48,2468,1814400
33,48,2472,1587600
33,48,2474,2721600
33,48,2476,226800
33,48,2478,604800
33,48,2482,302400
33,48,2486,453600
33,48,2490,604800
33,48,2494,453600
33,48,2496,151200
33,48,2498,1209600
33,48,2500,302400
33,48,2504,151200
33,48,2506,1058400
33,48,2512,226800
33,48,2518,453600
33,48,2520,37800
33,48,2546,75600
33,48,2556,151200
33,48,2574,37800
33,49,2337,151200
33,49,2349,453600
33,49,2353,907200
33,49,2357,907200
33,49,2361,982800
33,49,2363,453600
33,49,2365,3628800
33,49,2373,5140800
33,49,2375,907200
33,49,2377,7257600
33,49,2379,1814400
33,49,2381,3628800
33,49,2383,1814400
33,49,2385,10886400
33,49,2387,907200
33,49,2389,8013600
33,49,2391,453600
33,49,2393,907200
33,49,2395,13608000
33,49,2397,3742200
33,49,2399,3628800
33,49,2401,19958400
33,49,2403,6350400
33,49,2405,16329600
33,49,2407,4536000
33,49,2409,19656000
33,49,2411,7484400
33,49,2413,21470400
33,49,2415,12700800
33,49,2417,16934400
33,49,2419,16329600
33,49,2421,27669600
33,49,2423,15422400
33,49,2425,29030400
33,49,2427,25174800
33,49,2429,21470400
33,49,2431,21772800
33,49,2433,29332800
33,49,2435,19051200
33,49,2437,21772800
33,49,2439,29332800
33,49,2441,45360000
33,49,2443,36288000
33,49,2445,24494400
33,49,2447,44452800
33,49,2449,51256800
33,49,2451,33264000
33,49,2453,19807200
33,49,2455,40748400
33,49,2457,52315200
33,49,2459,24494400
33,49,2461,37346400
33,49,2463,39614400
33,49,2465,34171200
33,49,2467,41428800
33,49,2469,38480400
33,49,2471,45208800
33,49,2473,54432000
33,49,2475,29635200
33,49,2477,52693200
33,49,2479,41428800
33,49,2481,44377200
33,49,2483,37648800
33,49,2485,28728000
33,49,2487,50228640
33,49,2489,44906400
33,49,2491,40521600
33,49,2493,39614400
33,49,2495,18748800
33,49,2497,41882400
33,49,2499,36136800
33,49,2501,31449600
33,49,2503,31298400
33,49,2505,46645200
33,49,2507,17992800
33,49,2509,24494400
33,49,2511,32356800
33,49,2513,42184800
33,49,2515,12398400
33,49,2517,24343200
33,49,2519,13003200
33,49,2521,10659600
33,49,2523,13305600
33,49,2525,21470400
33,49,2527,10735200
33,49,2529,17236800
33,49,2531,6652800
33,49,2533,18748800
33,49,2535,16783200
33,49,2537,8013600
33,49,2539,4082400
33,49,2541,7560000
33,49,2543,9676800
33,49,2545,5292000
33,49,2547,3578400
33,49,2549,13759200
33,49,2551,4989600
33,49,2553,5896800
33,49,2555,1814400
33,49,2557,3024000
33,49,2559,1058400
33,49,2561,151200
33,49,2563,189000
33,49,2565,4762800
33,49,2567,3780000
33,49,2569,3477600
33,49,2571,1209600
33,49,2573,453600
33,49,2575,2268000
33,49,2577,453600
33,49,2579,453600
33,49,2581,2116800
33,49,2583,1562400
33,49,2585,680400
33,49,2589,453600
33,49,2591,453600
33,49,2593,907200
33,49,2599,2721600
33,49,2601,361200
33,49,2611,604800
33,49,2613,25200
33,49,2617,604800
33,49,2619,529200
33,49,2623,302400
33,49,2631,100800
33,49,2637,25200
33,49,2667,151200
33,50,2472,604800
33,50,2476,1814400
33,50,2478,642600
33,50,2488,907200
33,50,2490,2116800
33,50,2492,4082400
33,50,2494,907200
33,50,2496,302400
33,50,2498,1814400
33,50,2502,6199200
33,50,2504,1814400
33,50,2506,9185400
33,50,2508,2116800
33,50,2510,2948400
33,50,2512,226800
33,50,2514,2343600
33,50,2516,3628800
33,50,2518,3628800
33,50,2522,11491200
33,50,2526,8353800
33,50,2528,8164800
33,50,2530,11793600
33,50,2532,4687200
33,50,2534,6010200
33,50,2536,7106400
33,50,2538,14212800
33,50,2540,10886400
33,50,2542,22906800
33,50,2544,7560000
33,50,2546,21924000
33,50,2548,10735200
33,50,2550,26157600
33,50,2552,12247200
33,50,2554,13608000
33,50,2556,11491200
33,50,2558,17236800
33,50,2560,14212800
33,50,2562,42033600
33,50,2564,27216000
33,50,2566,30429000
33,50,2568,13532400
33,50,2570,30240000
33,50,2572,16178400
33,50,2574,14628600
33,50,2576,20563200
33,50,2578,26006400
33,50,2580,31903200
33,50,2582,27216000
33,50,2584,35494200
33,50,2586,41534640
33,50,2588,22226400
33,50,2590,23587200
33,50,2592,38404800
33,50,2594,19051200
33,50,2596,17539200
33,50,2598,29862000
33,50,2600,17690400
33,50,2602,42109200
33,50,2604,23158800
33,50,2606,16412760
33,50,2608,30769200
33,50,2610,37195200
33,50,2612,13003200
33,50,2614,16480800
33,50,2616,18673200
33,50,2618,24872400
33,50,2620,20563200
33,50,2622,20210400
33,50,2624,8013600
33,50,2626,20563200
33,50,2628,24645600
33,50,2630,12625200
33,50,2632,15422400
33,50,2634,16178400
33,50,2636,11944800
33,50,2638,8013600
33,50,2640,10029600
33,50,2642,9072000
33,50,2644,12700800
33,50,2646,9576000
33,50,2648,6501600
33,50,2650,11340000
33,50,2652,8920800
33,50,2654,2419200
33,50,2656,2721600
33,50,2658,5342400
33,50,2660,6955200
33,50,2662,4536000
33,50,2664,2116800
33,50,2666,3855600
33,50,2668,4536000
33,50,2670,3326400
33,50,2672,907200
33,50,2674,3326400
33,50,2676,2016000
33,50,2678,907200
33,50,2680,378000
33,50,2682,302400
33,50,2686,2343600
33,50,2688,907200
33,50,2690,151200
33,50,2692,907200
33,50,2694,1159200
33,50,2698,226800
33,50,2700,756000
33,50,2702,302400
33,50,2706,302400
33,50,2708,302400
33,50,2712,176400
33,50,2714,75600
33,50,2722,453600
33,50,2724,1083600
33,50,2726,302400
33,50,2740,604800
33,50,2756,189000
33,50,2820,5040
33,51,2587,226800
33,51,2589,151200
33,51,2591,453600
33,51,2597,453600
33,51,2599,1360800
33,51,2601,37800
33,51,2605,2268000
33,51,2613,907200
33,51,2615,1814400
33,51,2617,907200
33,51,2619,1209600
33,51,2627,907200
33,51,2629,1549800
33,51,2631,1058400
33,51,2633,1814400
33,51,2635,1814400
33,51,2639,1814400
33,51,2641,1814400
33,51,2643,2016000
33,51,2647,8618400
33,51,2649,75600
33,51,2651,5896800
33,51,2653,7862400
33,51,2655,4989600
33,51,2657,1814400
33,51,2659,6350400
33,51,2661,5594400
33,51,2663,4536000
33,51,2665,6804000
33,51,2667,3024000
33,51,2669,10886400
33,51,2671,22604400
33,51,2673,11793600
33,51,2675,8164800
33,51,2677,14968800
33,51,2679,13834800
33,51,2683,7257600
33,51,2685,5140800
33,51,2687,13759200
33,51,2689,22226400
33,51,2691,9802800
33,51,2693,23284800
33,51,2695,29786400
33,51,2697,9072000
33,51,2699,5443200
33,51,2701,12398400
33,51,2703,6501600
33,51,2705,6350400
33,51,2707,19958400
33,51,2709,13305600
33,51,2711,17236800
33,51,2713,20185200
33,51,2715,15120000
33,51,2717,13456800
33,51,2719,22680000
33,51,2721,6388200
33,51,2723,7106400
33,51,2725,21394800
33,51,2727,14061600
33,51,2729,6350400
33,51,2731,18446400
33,51,2733,5594400
33,51,2735,14817600
33,51,2737,16632000
33,51,2739,7635600
33,51,2741,4006800
33,51,2743,25023600
33,51,2745,2948400
33,51,2747,6955200
33,51,2749,13608000
33,51,2751,7156800
33,51,2753,4989600
33,51,2755,14590800
33,51,2757,1814400
33,51,2759,3326400
33,51,2761,8845200
33,51,2763,3729600
33,51,2765,3628800
33,51,2767,9752400
33,51,2769,2721600
33,51,2771,2570400
33,51,2773,3477600
33,51,2775,4536000
33,51,2777,907200
33,51,2779,5443200
33,51,2781,1058400
33,51,2783,1058400
33,51,2785,3024000
33,51,2787,302400
33,51,2789,302400
33,51,2791,4536000
33,51,2795,907200
33,51,2797,2116800
33,51,2801,1209600
33,51,2803,529200
33,51,2805,907200
33,51,2807,1512000
33,51,2813,907200
33,51,2815,680400
33,51,2817,151200
33,51,2821,756000
33,51,2823,151200
33,51,2837,302400
33,51,2859,302400
33,51,2883,151200
33,52,2702,453600
33,52,2708,56700
33,52,2724,453600
33,52,2730,453600
33,52,2734,3628800
33,52,2736,453600
33,52,2742,1285200
33,52,2744,1814400
33,52,2746,680400
33,52,2748,453600
33,52,2752,1663200
33,52,2754,1814400
33,52,2756,756000
33,52,2758,1058400
33,52,2760,1360800
33,52,2762,604800
33,52,2764,2268000
33,52,2766,1663200
33,52,2768,453600
33,52,2770,1814400
33,52,2772,2570400
33,52,2774,453600
33,52,2776,3628800
33,52,2778,302400
33,52,2780,1814400
33,52,2782,4384800
33,52,2784,4082400
33,52,2786,302400
33,52,2788,4309200
33,52,2790,1360800
33,52,2792,3175200
33,52,2794,2721600
33,52,2796,7030800
33,52,2798,1814400
33,52,2800,4536000
33,52,2804,4158000
33,52,2806,4611600
33,52,2808,3628800
33,52,2812,18824400
33,52,2814,4233600
33,52,2816,2835000
33,52,2818,10735200
33,52,2820,6350400
33,52,2822,907200
33,52,2824,8769600
33,52,2826,3402000
33,52,2828,11718000
33,52,2830,11491200
33,52,2832,8013600
33,52,2834,1814400
33,52,2836,14968800
33,52,2838,7408800
33,52,2840,3628800
33,52,2842,2872800
33,52,2844,12852000
33,52,2846,3553200
33,52,2848,10735200
33,52,2850,1360800
33,52,2852,2570400
33,52,2854,6690600
33,52,2856,7711200
33,52,2858,3628800
33,52,2860,13456800
33,52,2862,4309200
33,52,2864,5443200
33,52,2866,907200
33,52,2868,4271400
33,52,2870,6652800
33,52,2872,2646000
33,52,2874,4233600
33,52,2876,2116800
33,52,2878,5670000
33,52,2880,7257600
33,52,2882,453600
33,52,2884,2268000
33,52,2886,4636800
33,52,2888,982800
33,52,2890,1965600
33,52,2892,1965600
33,52,2894,1360800
33,52,2896,1663200
33,52,2898,453600
33,52,2900,604800
33,52,2902,2419200
33,52,2904,683550
33,52,2906,1814400
33,52,2908,151200
33,52,2910,1008000
33,52,2914,453600
33,52,2916,453600
33,52,2920,907200
33,52,2922,226800
33,52,2926,604800
33,52,2928,302400
33,52,2930,604800
33,52,2934,302400
33,52,2936,37800
33,52,2938,302400
33,52,2944,75600
33,52,2946,151200
33,52,2954,151200
33,52,2958,37800
33,52,2968,37800
33,52,2982,50400
33,52,3000,12600
33,53,2845,151200
33,53,2853,302400
33,53,2873,453600
33,53,2877,453600
33,53,2881,2419200
33,53,2883,1814400
33,53,2885,1209600
33,53,2889,1008000
33,53,2891,1814400
33,53,2893,2721600
33,53,2895,1134000
33,53,2897,3704400
33,53,2899,907200
33,53,2901,4536000
33,53,2903,2116800
33,53,2905,1360800
33,53,2907,1209600
33,53,2909,907200
33,53,2911,5367600
33,53,2913,2872800
33,53,2915,453600
33,53,2917,3175200
33,53,2919,226800
33,53,2921,3628800
33,53,2925,2368800
33,53,2927,907200
33,53,2929,9979200
33,53,2931,1058400
33,53,2935,604800
33,53,2937,4838400
33,53,2939,756000
33,53,2941,1663200
33,53,2943,1260000
33,53,2945,6085800
33,53,2947,3326400
33,53,2949,4725000
33,53,2951,604800
33,53,2953,1814400
33,53,2955,1814400
33,53,2957,907200
33,53,2959,5896800
33,53,2961,6955200
33,53,2963,151200
33,53,2965,2268000
33,53,2967,6350400
33,53,2969,2721600
33,53,2971,1512000
33,53,2975,907200
33,53,2977,5405400
33,53,2979,8593200
33,53,2981,1058400
33,53,2983,2419200
33,53,2987,1814400
33,53,2989,1512000
33,53,2991,1814400
33,53,2993,2570400
33,53,2995,2872800
33,53,2997,2368800
33,53,2999,2872800
33,53,3001,604800
33,53,3007,3628800
33,53,3009,1310400
33,53,3011,302400
33,53,3013,1209600
33,53,3015,1134000
33,53,3019,151200
33,53,3023,604800
33,53,3025,453600
33,53,3031,907200
33,53,3033,252000
33,53,3041,378000
33,53,3051,151200
33,53,3057,50400
33,53,3083,151200
33,53,3087,4200
33,53,3105,12600
33,53,3111,50400
33,54,2928,4200
33,54,2982,75600
33,54,2992,37800
33,54,3000,50400
33,54,3008,75600
33,54,3012,12600
33,54,3014,1663200
33,54,3016,453600
33,54,3020,302400
33,54,3022,604800
33,54,3024,1058400
33,54,3026,1360800
33,54,3028,907200
33,54,3030,604800
33,54,3032,2494800
33,54,3034,1814400
33,54,3036,1814400
33,54,3038,453600
33,54,3040,3024000
33,54,3042,3628800
33,54,3044,1020600
33,54,3046,2116800
33,54,3048,604800
33,54,3050,2268000
33,54,3052,302400
33,54,3054,907200
33,54,3056,151200
33,54,3058,453600
33,54,3060,1814400
33,54,3062,1058400
33,54,3064,1512000
33,54,3066,1360800
33,54,3068,529200
33,54,3070,302400
33,54,3072,680400
33,54,3074,3024000
33,54,3076,1814400
33,54,3078,453600
33,54,3080,1814400
33,54,3082,1527120
33,54,3084,2872800
33,54,3086,1360800
33,54,3088,2419200
33,54,3090,453600
33,54,3092,2268000
33,54,3094,453600
33,54,3096,1940400
33,54,3100,982800
33,54,3102,907200
33,54,3104,2872800
33,54,3108,2268000
33,54,3112,302400
33,54,3114,151200
33,54,3116,2721600
33,54,3118,151200
33,54,3120,1360800
33,54,3128,1890000
33,54,3132,1814400
33,54,3134,75600
33,54,3140,907200
33,54,3142,75600
33,54,3144,302400
33,54,3154,37800
33,54,3156,453600
33,54,3162,7560
33,54,3164,302400
33,54,3168,302400
33,54,3174,453600
33,54,3184,302400
33,54,3194,151200
33,55,3147,907200
33,55,3155,982800
33,55,3157,1512000
33,55,3163,302400
33,55,3165,2721600
33,55,3173,2116800
33,55,3175,2419200
33,55,3177,302400
33,55,3179,604800
33,55,3181,30240
33,55,3183,1814400
33,55,3185,604800
33,55,3187,1436400
33,55,3191,90720
33,55,3193,907200
33,55,3195,1965600
33,55,3197,302400
33,55,3203,907200
33,55,3205,907200
33,55,3213,302400
33,55,3215,302400
33,55,3223,831600
33,55,3225,151200
33,55,3231,378000
33,55,3235,604800
33,55,3245,604800
33,55,3253,151200
33,55,3255,453600
33,55,3261,340200
33,55,3263,378000
33,55,3269,151200
33,55,3295,37800
33,56,3168,85050
33,56,3274,75600
33,56,3280,151200
33,56,3286,75600
33,56,3292,680400
33,56,3294,151200
33,56,3300,831600
33,56,3302,604800
33,56,3308,75600
33,56,3310,756000
33,56,3318,1360800
33,56,3320,226800
33,56,3324,151200
33,56,3326,226800
33,56,3332,831600
33,56,3334,151200
33,56,3338,302400
33,56,3340,529200
33,56,3342,378000
33,56,3344,378000
33,56,3348,340200
33,56,3350,907200
33,56,3352,302400
33,56,3356,75600
33,56,3358,461160
33,56,3360,907200
33,56,3364,75600
33,56,3368,302400
33,56,3372,529200
33,56,3374,75600
33,56,3380,226800
33,56,3388,226800
33,56,3390,75600
33,56,3396,25200
33,56,3402,189000
33,57,3339,1020600
33,57,3423,100800
33,57,3433,302400
33,57,3445,302400
33,57,3451,604800
33,57,3455,302400
33,57,3457,302400
33,57,3461,907200
33,57,3463,151200
33,57,3467,302400
33,57,3475,151200
33,57,3481,302400
33,57,3485,37800
33,57,3491,302400
33,57,3497,226800
33,58,3490,1360800
33,58,3510,680400
33,58,3540,113400
33,58,3702,18900
33,59,3643,680400
33,59,3657,453600
33,59,3757,15120
33,59,3801,25200
33,60,3780,34020
33,60,3790,680400
33,60,3816,1260
33,60,3830,136080
33,60,3856,15120
33,60,3888,50400
33,60,3892,75600
33,60,3896,15120
33,62,4104,56700
33,63,4041,12600
33,64,4218,37800
33,65,4375,15120
33,65,4425,840
33,66,4548,5040
34,42,1626,12600
34,43,1709,75600
34,43,1773,12600
34,44,1766,151200
34,44,1768,56700
34,44,1774,302400
34,44,1788,529200
34,44,1808,302400
34,44,1826,302400
34,44,1832,9450
34,44,1840,680400
34,44,1852,75600
34,44,1872,56700
34,44,1904,37800
34,45,1845,302400
34,45,1847,907200
34,45,1855,2222640
34,45,1863,151200
34,45,1865,1965600
34,45,1867,907200
34,45,1877,302400
34,45,1883,453600
34,45,1887,831600
34,45,1889,3628800
34,45,1895,378000
34,45,1897,151200
34,45,1899,907200
34,45,1903,604800
34,45,1905,2948400
34,45,1909,1814400
34,45,1915,1360800
34,45,1923,453600
34,45,1925,2116800
34,45,1927,1965600
34,45,1935,453600
34,45,1939,453600
34,45,1941,302400
34,45,1945,151200
34,45,1947,151200
34,45,1955,1134000
34,45,1957,151200
34,45,1959,907200
34,45,1975,907200
34,45,1985,226800
34,45,1995,126000
34,45,2005,15120
34,45,2019,75600
34,45,2055,75600
34,46,1926,6010200
34,46,1942,2268000
34,46,1944,4536000
34,46,1946,1020600
34,46,1948,30240
34,46,1958,1814400
34,46,1960,8164800
34,46,1962,1965600
34,46,1966,5443200
34,46,1968,9072000
34,46,1970,3628800
34,46,1972,75600
34,46,1974,453600
34,46,1976,5518800
34,46,1978,5254200
34,46,1980,907200
34,46,1982,1814400
34,46,1984,9525600
34,46,1986,6804000
34,46,1988,1814400
34,46,1990,907200
34,46,1992,2721600
34,46,1994,6350400
34,46,1996,5745600
34,46,1998,1512000
34,46,2000,604800
34,46,2002,8164800
34,46,2004,5443200
34,46,2006,1814400
34,46,2008,302400
34,46,2010,4082400
34,46,2012,1814400
34,46,2014,907200
34,46,2016,7560000
34,46,2018,680400
34,46,2020,3931200
34,46,2022,1814400
34,46,2026,3061800
34,46,2028,6048000
34,46,2034,2948400
34,46,2038,2419200
34,46,2040,1058400
34,46,2042,302400
34,46,2044,5443200
34,46,2046,907200
34,46,2048,1058400
34,46,2050,756000
34,46,2052,1285200
34,46,2054,1814400
34,46,2056,3628800
34,46,2058,3659040
34,46,2062,3780000
34,46,2064,302400
34,46,2066,1209600
34,46,2068,453600
34,46,2076,453600
34,46,2086,226800
34,46,2090,907200
34,46,2094,932400
34,46,2096,302400
34,46,2098,1512000
34,46,2108,907200
34,46,2112,1738800
34,46,2114,453600
34,46,2130,100800
34,46,2152,75600
34,46,2162,585900
34,46,2212,75600
34,46,2262,18900
34,47,2039,10886400
34,47,2041,9979200
34,47,2043,10886400
34,47,2045,907200
34,47,2049,907200
34,47,2053,1814400
34,47,2055,13154400
34,47,2057,26308800
34,47,2059,10999800
34,47,2061,1814400
34,47,2063,1134000
34,47,2065,1814400
34,47,2067,4536000
34,47,2071,9072000
34,47,2073,17236800
34,47,2075,29937600
34,47,2077,3175200
34,47,2079,5443200
34,47,2081,10432800
34,47,2083,7711200
34,47,2085,14515200
34,47,2087,453600
34,47,2089,15422400
34,47,2091,12700800
34,47,2093,14666400
34,47,2095,13759200
34,47,2097,15271200
34,47,2099,14968800
34,47,2101,9072000
34,47,2103,3477600
34,47,2105,7711200
34,47,2107,18144000
34,47,2109,9172800
34,47,2111,13154400
34,47,2113,9525600
34,47,2115,19958400
34,47,2117,20412000
34,47,2119,7711200
34,47,2121,5443200
34,47,2123,4536000
34,47,2125,10432800
34,47,2127,4082400
34,47,2129,6350400
34,47,2131,4082400
34,47,2133,18597600
34,47,2135,9072000
34,47,2137,5896800
34,47,2139,1020600
34,47,2141,3628800
34,47,2143,3628800
34,47,2145,4536000
34,47,2147,5443200
34,47,2149,4649400
34,47,2151,6350400
34,47,2153,3704400
34,47,2155,5594400
34,47,2157,8240400
34,47,2159,1360800
34,47,2161,2721600
34,47,2163,2872800
34,47,2165,680400
34,47,2167,4536000
34,47,2169,2381400
34,47,2173,5140800
34,47,2175,4536000
34,47,2177,4536000
34,47,2181,2721600
34,47,2183,4384800
34,47,2187,3628800
34,47,2189,2041200
34,47,2191,2116800
34,47,2193,604800
34,47,2195,151200
34,47,2197,3024000
34,47,2199,226800
34,47,2203,1814400
34,47,2205,982800
34,47,2207,1814400
34,47,2211,907200
34,47,2213,604800
34,47,2215,756000
34,47,2217,1814400
34,47,2221,453600
34,47,2223,1058400
34,47,2227,1134000
34,47,2231,1814400
34,47,2233,1814400
34,47,2241,453600
34,47,2247,100800
34,47,2249,75600
34,47,2261,302400
34,47,2265,907200
34,47,2271,907200
34,47,2273,567000
34,47,2275,453600
34,47,2315,453600
34,47,2321,302400
34,47,2325,25200
34,47,2373,37800
34,48,2124,680400
34,48,2126,453600
34,48,2140,5896800
34,48,2142,907200
34,48,2144,1814400
34,48,2148,7030800
34,48,2150,3628800
34,48,2152,7257600
34,48,2156,12587400
34,48,2158,12700800
34,48,2160,1852200
34,48,2164,2721600
34,48,2166,7560000
34,48,2170,15422400
34,48,2172,34473600
34,48,2174,21772800
34,48,2176,11793600
34,48,2178,9676800
34,48,2180,9298800
34,48,2182,10886400
34,48,2184,19051200
34,48,2186,17236800
34,48,2188,41050800
34,48,2190,37648800
34,48,2192,25099200
34,48,2194,12398400
34,48,2196,14515200
34,48,2198,18144000
34,48,2200,15876000
34,48,2202,8618400
34,48,2204,25855200
34,48,2206,22680000
34,48,2208,32659200
34,48,2210,18144000
34,48,2212,11340000
34,48,2214,24494400
34,48,2216,16329600
34,48,2218,9072000
34,48,2220,30693600
34,48,2222,29937600
34,48,2224,22680000
34,48,2226,15876000
34,48,2228,10281600
34,48,2230,19958400
34,48,2232,16329600
34,48,2234,19504800
34,48,2236,12247200
34,48,2238,34549200
34,48,2240,20260800
34,48,2242,6350400
34,48,2244,16783200
34,48,2246,6350400
34,48,2248,19051200
34,48,2250,16783200
34,48,2252,11340000
34,48,2254,21772800
34,48,2256,16480800
34,48,2258,14515200
34,48,2260,12700800
34,48,2262,10886400
34,48,2264,8618400
34,48,2266,6350400
34,48,2268,8127000
34,48,2270,14061600
34,48,2272,6350400
34,48,2274,12700800
34,48,2276,4536000
34,48,2278,9072000
34,48,2280,8013600
34,48,2282,9072000
34,48,2284,4082400
34,48,2286,4687200
34,48,2288,10962000
34,48,2290,8164800
34,48,2292,5670000
34,48,2294,10886400
34,48,2296,1871100
34,48,2298,12700800
34,48,2300,1058400
34,48,2302,4082400
34,48,2304,2721600
34,48,2306,2721600
34,48,2308,2116800
34,48,2310,2646000
34,48,2312,5443200
34,48,2314,453600
34,48,2316,491400
34,48,2318,907200
34,48,2320,1663200
34,48,2322,3024000
34,48,2326,907200
34,48,2328,5896800
34,48,2330,302400
34,48,2334,1814400
34,48,2338,4536000
34,48,2340,604800
34,48,2344,1360800
34,48,2346,1814400
34,48,2348,37800
34,48,2352,2116800
34,48,2360,1209600
34,48,2364,604800
34,48,2366,302400
34,48,2368,2041200
34,48,2376,907200
34,48,2382,340200
34,48,2388,680400
34,48,2400,151200
34,48,2420,151200
34,48,2424,151200
34,48,2426,453600
34,48,2432,75600
34,49,2231,453600
34,49,2235,907200
34,49,2237,226800
34,49,2245,453600
34,49,2247,907200
34,49,2249,3628800
34,49,2253,2721600
34,49,2257,1814400
34,49,2259,3628800
34,49,2261,1814400
34,49,2263,3628800
34,49,2265,10886400
34,49,2267,9072000
34,49,2269,4082400
34,49,2271,2721600
34,49,2273,1814400
34,49,2275,5670000
34,49,2277,4082400
34,49,2279,3628800
34,49,2281,20865600
34,49,2283,11793600
34,49,2285,15876000
34,49,2287,11793600
34,49,2289,18446400
34,49,2291,18144000
34,49,2293,3628800
34,49,2295,6350400
34,49,2297,27216000
34,49,2299,15422400
34,49,2301,26308800
34,49,2303,17236800
34,49,2305,33566400
34,49,2307,16140600
34,49,2309,13834800
34,49,2311,14515200
34,49,2313,21999600
34,49,2315,32205600
34,49,2317,37648800
34,49,2319,17690400
34,49,2321,29937600
34,49,2323,25628400
34,49,2325,24040800
34,49,2327,20865600
34,49,2329,26308800
34,49,2331,25401600
34,49,2333,36741600
34,49,2335,31752000
34,49,2337,35910000
34,49,2339,22377600
34,49,2341,29030400
34,49,2343,7862400
34,49,2345,48988800
34,49,2347,26762400
34,49,2349,26308800
34,49,2351,19051200
34,49,2353,23587200
34,49,2355,33188400
34,49,2357,29030400
34,49,2359,14515200
34,49,2361,50652000
34,49,2363,12700800
34,49,2365,26308800
34,49,2367,23133600
34,49,2369,19958400
34,49,2371,25855200
34,49,2373,29484000
34,49,2375,17236800
34,49,2377,25628400
34,49,2379,25855200
34,49,2381,21772800
34,49,2383,9979200
34,49,2385,19958400
34,49,2387,11566800
34,49,2389,13608000
34,49,2391,9525600
34,49,2393,3628800
34,49,2395,15876000
34,49,2397,21621600
34,49,2399,8013600
34,49,2401,18824400
34,49,2403,12927600
34,49,2405,5745600
34,49,2407,5896800
34,49,2409,9072000
34,49,2411,12020400
34,49,2413,9676800
34,49,2415,13456800
34,49,2417,2268000
34,49,2419,7257600
34,49,2421,7257600
34,49,2423,3175200
34,49,2425,4082400
34,49,2427,2116800
34,49,2429,3931200
34,49,2431,8467200
34,49,2433,3225600
34,49,2435,1814400
34,49,2437,5745600
34,49,2441,2343600
34,49,2447,2268000
34,49,2449,6350400
34,49,2451,2205000
34,49,2455,1247400
34,49,2459,3628800
34,49,2461,604800
34,49,2463,1814400
34,49,2465,2721600
34,49,2467,604800
34,49,2469,453600
34,49,2471,453600
34,49,2473,1814400
34,49,2475,3628800
34,49,2477,907200
34,49,2481,957600
34,49,2489,907200
34,49,2491,1814400
34,49,2499,378000
34,49,2501,907200
34,49,2505,453600
34,49,2513,945000
34,49,2517,151200
34,49,2527,756000
34,49,2541,50400
34,49,2549,151200
34,49,2563,75600
34,49,2577,75600
34,49,2613,25200
34,50,2310,6300
34,50,2342,907200
34,50,2346,151200
34,50,2356,1814400
34,50,2358,907200
34,50,2366,226800
34,50,2368,907200
34,50,2370,3931200
34,50,2372,907200
34,50,2374,1814400
34,50,2378,453600
34,50,2380,1814400
34,50,2382,4082400
34,50,2384,1814400
34,50,2386,4082400
34,50,2388,4536000
34,50,2390,4536000
34,50,2392,5896800
34,50,2394,2721600
34,50,2396,6350400
34,50,2398,9072000
34,50,2400,15724800
34,50,2402,13608000
34,50,2404,1814400
34,50,2406,14968800
34,50,2408,15422400
34,50,2410,7314300
34,50,2412,8164800
34,50,2414,11793600
34,50,2416,31752000
34,50,2418,12020400
34,50,2420,12700800
34,50,2422,15422400
34,50,2424,16329600
34,50,2426,13305600
34,50,2428,18597600
34,50,2430,29484000
34,50,2432,34473600
34,50,2434,23587200
34,50,2436,18144000
34,50,2438,16783200
34,50,2440,29484000
34,50,2442,29332800
34,50,2444,20412000
34,50,2446,49744800
34,50,2448,63201600
34,50,2450,29937600
34,50,2452,9072000
34,50,2454,30429000
34,50,2456,41126400
34,50,2458,24948000
34,50,2460,24948000
34,50,2462,27669600
34,50,2464,33566400
34,50,2466,31903200
34,50,2468,36741600
34,50,2470,27669600
34,50,2472,49499100
34,50,2474,34020000
34,50,2476,27216000
34,50,2478,34020000
34,50,2480,34851600
34,50,2482,30164400
34,50,2484,21772800
34,50,2486,34473600
34,50,2488,45057600
34,50,2490,38329200
34,50,2492,17992800
34,50,2494,12398400
34,50,2496,27216000
34,50,2498,26308800
34,50,2500,12247200
34,50,2502,10886400
34,50,2504,19504800
34,50,2506,33793200
34,50,2508,13608000
34,50,2510,28047600
34,50,2512,18446400
34,50,2514,12700800
34,50,2516,10886400
34,50,2518,12322800
34,50,2520,16632000
34,50,2522,23360400
34,50,2524,12549600
34,50,2526,14679000
34,50,2528,5443200
34,50,2530,14817600
34,50,2532,4233600
34,50,2534,3402000
34,50,2536,12247200
34,50,2538,11188800
34,50,2540,10810800
34,50,2542,4082400
34,50,2544,4536000
34,50,2548,6804000
34,50,2550,6728400
34,50,2552,2721600
34,50,2554,8164800
34,50,2556,6703200
34,50,2558,4082400
34,50,2560,1814400
34,50,2562,8164800
34,50,2564,1209600
34,50,2566,2721600
34,50,2568,453600
34,50,2570,2419200
34,50,2572,604800
34,50,2574,302400
34,50,2578,4536000
34,50,2580,4536000
34,50,2582,2721600
34,50,2584,907200
34,50,2586,1323000
34,50,2590,907200
34,50,2594,2268000
34,50,2602,2041200
34,50,2608,302400
34,50,2610,604800
34,50,2614,2494800
34,50,2618,1209600
34,50,2620,1209600
34,50,2622,604800
34,50,2626,604800
34,50,2634,151200
34,50,2646,176400
34,50,2658,50400
34,50,2700,100800
34,50,2712,12600
34,50,2820,1260
34,51,2467,907200
34,51,2477,907200
34,51,2485,2721600
34,51,2487,604800
34,51,2493,226800
34,51,2497,3628800
34,51,2499,1814400
34,51,2501,151200
34,51,2503,1814400
34,51,2505,2520000
34,51,2509,907200
34,51,2511,6048000
34,51,2513,5443200
34,51,2515,4762800
34,51,2517,3628800
34,51,2519,6728400
34,51,2521,7257600
34,51,2523,4082400
34,51,2525,9979200
34,51,2527,21772800
34,51,2529,10886400
34,51,2531,6350400
34,51,2533,6955200
34,51,2535,11944800
34,51,2537,6350400
34,51,2541,19504800
34,51,2543,20260800
34,51,2545,27216000
34,51,2547,13608000
34,51,2549,22680000
34,51,2551,16329600
34,51,2553,14515200
34,51,2555,13456800
34,51,2557,34473600
34,51,2559,36288000
34,51,2561,25401600
34,51,2563,9072000
34,51,2565,26006400
34,51,2567,34927200
34,51,2569,36288000
34,51,2571,14364000
34,51,2573,29484000
34,51,2575,30844800
34,51,2577,26535600
34,51,2579,14515200
34,51,2581,31978800
34,51,2583,39765600
34,51,2585,40370400
34,51,2587,30088800
34,51,2589,39463200
34,51,2591,32583600
34,51,2593,27216000
34,51,2595,29030400
34,51,2597,32659200
34,51,2599,46418400
34,51,2601,32697000
34,51,2603,14515200
34,51,2605,34398000
34,51,2607,25855200
34,51,2609,22982400
34,51,2611,16783200
34,51,2613,35380800
34,51,2615,25552800
34,51,2617,42411600
34,51,2619,17161200
34,51,2621,17690400
34,51,2623,19958400
34,51,2625,18144000
34,51,2627,26308800
34,51,2629,15346800
34,51,2631,22075200
34,51,2633,21546000
34,51,2635,10886400
34,51,2637,14968800
34,51,2639,13305600
34,51,2641,5745600
34,51,2643,9084600
34,51,2645,12096000
34,51,2647,15422400
34,51,2649,7711200
34,51,2651,9676800
34,51,2653,19353600
34,51,2655,9525600
34,51,2657,15876000
34,51,2659,2419200
34,51,2661,4536000
34,51,2663,13003200
34,51,2665,6048000
34,51,2667,8694000
34,51,2669,4460400
34,51,2671,13608000
34,51,2673,3175200
34,51,2675,3024000
34,51,2677,5745600
34,51,2679,1915200
34,51,2681,302400
34,51,2683,6048000
34,51,2685,1814400
34,51,2687,1814400
34,51,2689,907200
34,51,2691,453600
34,51,2693,756000
34,51,2695,2721600
34,51,2697,2116800
34,51,2699,4687200
34,51,2701,3628800
34,51,2703,3628800
34,51,2707,907200
34,51,2711,453600
34,51,2715,1814400
34,51,2717,1058400
34,51,2719,604800
34,51,2721,37800
34,51,2723,1058400
34,51,2725,453600
34,51,2727,151200
34,51,2733,75600
34,51,2735,453600
34,51,2739,604800
34,51,2741,604800
34,51,2743,226800
34,51,2745,302400
34,51,2761,453600
34,51,2763,100800
34,51,2767,302400
34,51,2807,75600
34,52,2596,226800
34,52,2604,453600
34,52,2608,1814400
34,52,2612,453600
34,52,2618,1814400
34,52,2620,3628800
34,52,2626,1814400
34,52,2630,453600
34,52,2632,6350400
34,52,2634,3628800
34,52,2636,4536000
34,52,2638,3628800
34,52,2640,3175200
34,52,2644,5443200
34,52,2646,302400
34,52,2648,7257600
34,52,2650,7257600
34,52,2652,6463800
34,52,2654,8164800
34,52,2656,9979200
34,52,2658,6350400
34,52,2660,11340000
34,52,2662,14061600
34,52,2664,9752400
34,52,2666,14968800
34,52,2668,14061600
34,52,2670,3628800
34,52,2672,17690400
34,52,2674,22680000
34,52,2676,15951600
34,52,2678,12247200
34,52,2680,16783200
34,52,2682,15120000
34,52,2684,18144000
34,52,2686,11566800
34,52,2688,16329600
34,52,2690,11793600
34,52,2692,20034000
34,52,2694,18295200
34,52,2696,50349600
34,52,2698,37195200
34,52,2700,18446400
34,52,2702,27972000
34,52,2704,29257200
34,52,2706,13759200
34,52,2708,24343200
34,52,2710,20865600
34,52,2712,20714400
34,52,2714,15422400
34,52,2716,33566400
34,52,2718,22680000
34,52,2720,20865600
34,52,2722,29484000
34,52,2724,12549600
34,52,2726,34020000
34,52,2728,37195200
34,52,2730,30693600
34,52,2732,30391200
34,52,2734,22226400
34,52,2736,17444700
34,52,2738,23587200
34,52,2740,15498000
34,52,2742,35380800
34,52,2744,15876000
34,52,2746,21772800
34,52,2748,16934400
34,52,2750,17010000
34,52,2752,11642400
34,52,2754,9374400
34,52,2756,23662800
34,52,2758,13154400
34,52,2760,13910400
34,52,2762,22226400
34,52,2764,9298800
34,52,2766,8618400
34,52,2768,15966720
34,52,2770,2646000
34,52,2772,14071050
34,52,2774,14968800
34,52,2776,8164800
34,52,2778,6652800
34,52,2780,6955200
34,52,2782,11340000
34,52,2784,3175200
34,52,2786,907200
34,52,2788,8618400
34,52,2790,2268000
34,52,2792,7711200
34,52,2794,3175200
34,52,2796,5518800
34,52,2798,3628800
34,52,2800,2381400
34,52,2802,2268000
34,52,2804,2721600
34,52,2806,1965600
34,52,2808,3175200
34,52,2812,2268000
34,52,2814,2268000
34,52,2816,151200
34,52,2818,907200
34,52,2820,2192400
34,52,2822,2419200
34,52,2824,1058400
34,52,2826,1360800
34,52,2828,75600
34,52,2830,1814400
34,52,2832,302400
34,52,2836,604800
34,52,2838,1058400
34,52,2842,756000
34,52,2844,453600
34,52,2846,302400
34,52,2848,756000
34,52,2850,302400
34,52,2856,579600
34,52,2862,302400
34,52,2868,302400
34,52,2874,151200
34,52,2878,151200
34,52,2886,50400
34,52,2892,302400
34,52,2928,2520
34,52,2946,75600
34,53,2721,151200
34,53,2731,680400
34,53,2743,1814400
34,53,2745,75600
34,53,2749,5443200
34,53,2751,604800
34,53,2755,907200
34,53,2757,3175200
34,53,2759,226800
34,53,2761,4536000
34,53,2763,907200
34,53,2767,1814400
34,53,2769,3175200
34,53,2771,907200
34,53,2773,12700800
34,53,2775,226800
34,53,2777,4536000
34,53,2779,8164800
34,53,2781,6350400
34,53,2783,2797200
34,53,2785,2948400
34,53,2787,1814400
34,53,2789,907200
34,53,2791,5140800
34,53,2793,13608000
34,53,2795,4082400
34,53,2797,14515200
34,53,2799,3628800
34,53,2801,8618400
34,53,2803,14515200
34,53,2805,3175200
34,53,2807,5896800
34,53,2809,22680000
34,53,2811,7711200
34,53,2813,23889600
34,53,2815,10432800
34,53,2817,20336400
34,53,2819,11642400
34,53,2821,13305600
34,53,2823,17690400
34,53,2825,18673200
34,53,2827,19202400
34,53,2829,15422400
34,53,2831,9676800
34,53,2833,26989200
34,53,2835,9450000
34,53,2837,24040800
34,53,2839,12700800
34,53,2841,27064800
34,53,2843,17690400
34,53,2845,24494400
34,53,2847,17236800
34,53,2849,13608000
34,53,2851,18219600
34,53,2853,25401600
34,53,2855,11944800
34,53,2857,25628400
34,53,2859,7333200
34,53,2861,11113200
34,53,2863,11037600
34,53,2865,16405200
34,53,2867,15573600
34,53,2869,20714400
34,53,2871,15573600
34,53,2873,23889600
34,53,2875,9752400
34,53,2877,17539200
34,53,2879,10735200
34,53,2881,6199200
34,53,2883,9639000
34,53,2885,17236800
34,53,2887,5443200
34,53,2889,6148800
34,53,2891,9450000
34,53,2893,11793600
34,53,2895,3628800
34,53,2897,6350400
34,53,2899,3931200
34,53,2901,5443200
34,53,2903,6501600
34,53,2905,4762800
34,53,2907,6350400
34,53,2909,6955200
34,53,2911,2948400
34,53,2913,1663200
34,53,2915,5443200
34,53,2917,6652800
34,53,2919,3666600
34,53,2923,1814400
34,53,2925,3024000
34,53,2927,2116800
34,53,2929,756000
34,53,2931,2721600
34,53,2933,453600
34,53,2935,2570400
34,53,2937,1360800
34,53,2939,1814400
34,53,2941,907200
34,53,2943,1058400
34,53,2945,302400
34,53,2947,1814400
34,53,2949,252000
34,53,2953,75600
34,53,2957,453600
34,53,2961,277200
34,53,2967,945000
34,53,2969,756000
34,53,2973,252000
34,53,2977,453600
34,53,2983,604800
34,53,2995,604800
34,53,2999,151200
34,53,3019,151200
34,53,3033,25200
34,54,2856,302400
34,54,2862,151200
34,54,2876,453600
34,54,2878,2721600
34,54,2880,2721600
34,54,2884,1814400
34,54,2886,4838400
34,54,2888,907200
34,54,2890,907200
34,54,2892,4536000
34,54,2894,226800
34,54,2896,453600
34,54,2900,5065200
34,54,2902,2041200
34,54,2904,7106400
34,54,2908,453600
34,54,2910,5292000
34,54,2912,2721600
34,54,2914,2268000
34,54,2916,1814400
34,54,2918,2721600
34,54,2920,1814400
34,54,2922,9979200
34,54,2924,9979200
34,54,2926,3855600
34,54,2928,10659600
34,54,2930,1663200
34,54,2932,9979200
34,54,2934,10962000
34,54,2936,1814400
34,54,2938,5140800
34,54,2940,10886400
34,54,2942,6501600
34,54,2944,6048000
34,54,2946,12247200
34,54,2948,11340000
34,54,2950,8164800
34,54,2952,22831200
34,54,2954,2721600
34,54,2956,5443200
34,54,2958,23965200
34,54,2960,1965600
34,54,2962,9223200
34,54,2964,10987200
34,54,2966,6804000
34,54,2968,7408800
34,54,2970,14968800
34,54,2972,9979200
34,54,2974,11264400
34,54,2976,18144000
34,54,2978,11604600
34,54,2980,5896800
34,54,2982,26308800
34,54,2984,2721600
34,54,2986,7257600
34,54,2988,11113200
34,54,2990,15195600
34,54,2992,4233600
34,54,2994,10432800
34,54,2996,6199200
34,54,2998,11642400
34,54,3000,12700800
34,54,3002,10432800
34,54,3004,4536000
34,54,3006,17614800
34,54,3008,453600
34,54,3010,4649400
34,54,3012,5109300
34,54,3014,8769600
34,54,3016,6350400
34,54,3018,4233600
34,54,3020,1209600
34,54,3022,9450000
34,54,3024,2419200
34,54,3026,3742200
34,54,3028,4687200
34,54,3030,3024000
34,54,3032,1512000
34,54,3034,4687200
34,54,3036,3628800
34,54,3038,4233600
34,54,3040,907200
34,54,3042,907200
34,54,3044,453600
34,54,3046,5254200
34,54,3048,982800
34,54,3052,907200
34,54,3054,1612800
34,54,3058,604800
34,54,3062,2230200
34,54,3068,302400
34,54,3070,1058400
34,54,3072,453600
34,54,3074,907200
34,54,3076,453600
34,54,3082,151200
34,54,3084,151200
34,54,3092,302400
34,54,3098,604800
34,54,3100,75600
34,54,3128,75600
34,55,2991,453600
34,55,3003,907200
34,55,3005,453600
34,55,3011,907200
34,55,3015,907200
34,55,3019,1814400
34,55,3021,1814400
34,55,3023,1814400
34,55,3029,1814400
34,55,3031,2041200
34,55,3035,2721600
34,55,3039,453600
34,55,3043,1058400
34,55,3045,2116800
34,55,3047,3326400
34,55,3049,2494800
34,55,3051,7257600
34,55,3053,7257600
34,55,3055,5443200
34,55,3057,907200
34,55,3059,4536000
34,55,3061,4611600
34,55,3063,1512000
34,55,3065,907200
34,55,3067,3326400
34,55,3069,6350400
34,55,3071,6652800
34,55,3073,8618400
34,55,3075,5140800
34,55,3077,8164800
34,55,3079,4082400
34,55,3081,5065200
34,55,3083,4989600
34,55,3085,8164800
34,55,3087,7408800
34,55,3089,1965600
34,55,3091,5292000
34,55,3093,11037600
34,55,3095,5443200
34,55,3097,2041200
34,55,3099,6048000
34,55,3101,10584000
34,55,3103,5896800
34,55,3105,3175200
34,55,3107,5443200
34,55,3109,10886400
34,55,3111,2721600
34,55,3113,2872800
34,55,3115,7560000
34,55,3117,9828000
34,55,3119,4195800
34,55,3121,5216400
34,55,3123,7106400
34,55,3125,3628800
34,55,3127,5292000
34,55,3129,4384800
34,55,3131,4384800
34,55,3133,6652800
34,55,3135,5140800
34,55,3139,4989600
34,55,3141,5594400
34,55,3143,3931200
34,55,3145,2721600
34,55,3147,4233600
34,55,3149,604800
34,55,3151,4082400
34,55,3153,3780000
34,55,3155,680400
34,55,3157,4082400
34,55,3159,1663200
34,55,3163,1814400
34,55,3165,2872800
34,55,3167,907200
34,55,3169,1814400
34,55,3171,831600
34,55,3173,1814400
34,55,3177,1512000
34,55,3179,604800
34,55,3181,907200
34,55,3183,730800
34,55,3187,1134000
34,55,3189,1209600
34,55,3195,302400
34,55,3197,604800
34,55,3215,75600
34,55,3219,50400
34,55,3261,151200
34,55,3263,75600
34,55,3295,15120
34,56,3116,226800
34,56,3124,453600
34,56,3138,151200
34,56,3140,907200
34,56,3148,1890000
34,56,3150,151200
34,56,3156,1360800
34,56,3164,226800
34,56,3166,604800
34,56,3168,37800
34,56,3170,907200
34,56,3172,2116800
34,56,3174,226800
34,56,3176,1814400
34,56,3180,3402000
34,56,3182,2268000
34,56,3186,3326400
34,56,3188,453600
34,56,3190,1209600
34,56,3194,151200
34,56,3196,7257600
34,56,3200,4536000
34,56,3202,2570400
34,56,3204,5140800
34,56,3206,3628800
34,56,3210,1360800
34,56,3212,3704400
34,56,3214,756000
34,56,3216,4989600
34,56,3218,3099600
34,56,3220,7408800
34,56,3222,3855600
34,56,3224,907200
34,56,3226,5594400
34,56,3228,4687200
34,56,3230,3931200
34,56,3232,907200
34,56,3234,2923200
34,56,3236,3250800
34,56,3238,6199200
34,56,3240,1360800
34,56,3242,2721600
34,56,3244,5140800
34,56,3246,2608200
34,56,3248,2759400
34,56,3250,3402000
34,56,3252,1209600
34,56,3254,2419200
34,56,3256,4233600
34,56,3258,3931200
34,56,3260,3704400
34,56,3262,1965600
34,56,3264,453600
34,56,3266,2797200
34,56,3268,2419200
34,56,3270,302400
34,56,3272,1814400
34,56,3274,3175200
34,56,3276,1814400
34,56,3278,2268000
34,56,3280,1058400
34,56,3282,907200
34,56,3284,1360800
34,56,3286,1360800
34,56,3288,302400
34,56,3292,359100
34,56,3294,756000
34,56,3296,302400
34,56,3298,1360800
34,56,3300,302400
34,56,3308,604800
34,56,3310,151200
34,56,3324,239400
34,56,3330,151200
34,56,3332,529200
34,56,3334,151200
34,56,3344,226800
34,56,3348,50400
34,56,3352,302400
34,56,3356,85050
34,56,3358,15120
34,56,3372,25200
34,56,3402,37800
34,56,3420,6300
34,57,3243,277200
34,57,3255,75600
34,57,3267,75600
34,57,3279,453600
34,57,3285,50400
34,57,3291,302400
34,57,3293,302400
34,57,3297,302400
34,57,3309,1058400
34,57,3313,3326400
34,57,3315,302400
34,57,3321,302400
34,57,3323,7560
34,57,3327,1134000
34,57,3329,3024000
34,57,3333,3175200
34,57,3337,604800
34,57,3339,1688400
34,57,3341,302400
34,57,3345,1360800
34,57,3347,75600
34,57,3349,6350400
34,57,3351,1134000
34,57,3353,2116800
34,57,3357,3024000
34,57,3359,37800
34,57,3363,302400
34,57,3365,2721600
34,57,3367,302400
34,57,3369,5745600
34,57,3373,2494800
34,57,3375,3099600
34,57,3381,756000
34,57,3383,907200
34,57,3385,1209600
34,57,3387,680400
34,57,3389,3477600
34,57,3391,907200
34,57,3393,1648080
34,57,3399,1965600
34,57,3403,302400
34,57,3405,1058400
34,57,3407,151200
34,57,3411,315000
34,57,3413,302400
34,57,3415,604800
34,57,3417,1058400
34,57,3419,151200
34,57,3423,2520000
34,57,3425,302400
34,57,3431,75600
34,57,3435,151200
34,57,3437,37800
34,57,3441,604800
34,57,3443,226800
34,57,3445,302400
34,57,3447,151200
34,57,3455,302400
34,57,3465,151200
34,57,3475,151200
34,57,3483,37800
34,57,3485,37800
34,58,3404,453600
34,58,3414,453600
34,58,3416,1134000
34,58,3418,113400
34,58,3426,907200
34,58,3428,453600
34,58,3432,302400
34,58,3438,113400
34,58,3440,75600
34,58,3444,151200
34,58,3456,302400
34,58,3460,907200
34,58,3462,151200
34,58,3468,1058400
34,58,3472,604800
34,58,3476,453600
34,58,3478,37800
34,58,3480,302400
34,58,3484,453600
34,58,3486,37800
34,58,3488,907200
34,58,3490,604800
34,58,3492,604800
34,58,3496,1436400
34,58,3498,302400
34,58,3504,453600
34,58,3506,302400
34,58,3508,907200
34,58,3510,756000
34,58,3512,1512000
34,58,3516,302400
34,58,3518,226800
34,58,3520,302400
34,58,3522,756000
34,58,3526,907200
34,58,3528,1171800
34,58,3534,529200
34,58,3540,504000
34,58,3544,907200
34,58,3546,453600
34,58,3552,75600
34,58,3556,302400
34,58,3560,453600
34,58,3564,151200
34,58,3592,75600
34,59,3547,37800
34,59,3557,604800
34,59,3559,302400
34,59,3565,75600
34,59,3567,604800
34,59,3569,1058400
34,59,3577,1209600
34,59,3579,907200
34,59,3581,302400
34,59,3587,453600
34,59,3589,907200
34,59,3597,25200
34,59,3599,907200
34,59,3601,302400
34,59,3607,75600
34,59,3609,226800
34,59,3613,302400
34,59,3619,151200
34,59,3625,1209600
34,59,3627,100800
34,59,3631,226800
34,59,3633,100800
34,59,3637,1209600
34,59,3639,75600
34,59,3643,378000
34,59,3645,907200
34,59,3649,302400
34,59,3655,604800
34,59,3657,1108800
34,59,3667,453600
34,59,3669,100800
34,59,3675,151200
34,59,3687,453600
34,59,3699,151200
34,60,3702,75600
34,60,3712,151200
34,60,3714,252000
34,60,3722,680400
34,60,3724,302400
34,60,3726,151200
34,60,3732,604800
34,60,3736,302400
34,60,3740,151200
34,60,3742,453600
34,60,3744,302400
34,60,3748,453600
34,60,3756,151200
34,60,3780,15120
34,60,3790,302400
34,60,3830,60480
34,60,3888,50400
34,61,3843,7560
34,61,3851,75600
34,61,3861,378000
34,61,3863,151200
34,61,3871,453600
34,61,3873,75600
34,61,3879,340200
34,61,3881,604800
34,61,3889,453600
34,61,3901,75600
34,61,3903,30240
34,61,3911,151200
34,61,3921,75600
34,61,3929,151200
34,61,3951,75600
34,62,4018,15120
34,62,4074,25200
34,62,4082,75600
34,62,4090,37800
34,62,4098,2520
34,62,4104,25200
34,63,4041,113400
34,63,4167,25200
34,63,4191,37800
34,63,4197,100800
34,63,4203,37800
34,64,4218,340200
34,65,4375,136080
34,65,4425,7560
34,66,4548,45360
34,70,4980,3780
34,71,5163,2520
35,48,2076,6300
35,48,2148,25200
35,49,2163,43200
35,49,2215,302400
35,49,2269,75600
35,50,2250,237384
35,50,2296,302400
35,50,2298,302400
35,50,2300,181440
35,50,2302,2041200
35,50,2316,302400
35,50,2320,151200
35,50,2322,151200
35,50,2334,510300
35,50,2336,302400
35,50,2346,302400
35,50,2350,453600
35,50,2354,453600
35,50,2358,831600
35,50,2370,189000
35,50,2374,907200
35,50,2390,151200
35,50,2398,37800
35,50,2406,302400
35,50,2422,18900
35,50,2470,12600
35,51,2383,2041200
35,51,2385,7257600
35,51,2399,453600
35,51,2403,2222640
35,51,2407,907200
35,51,2417,1814400
35,51,2419,1386000
35,51,2421,453600
35,51,2425,3628800
35,51,2427,5443200
35,51,2429,907200
35,51,2431,604800
35,51,2433,907200
35,51,2435,1814400
35,51,2437,1814400
35,51,2439,907200
35,51,2441,907200
35,51,2443,453600
35,51,2445,3628800
35,51,2449,529200
35,51,2451,151200
35,51,2453,3137400
35,51,2455,2721600
35,51,2457,1814400
35,51,2459,907200
35,51,2461,151200
35,51,2463,1088640
35,51,2471,302400
35,51,2475,1814400
35,51,2477,1134000
35,51,2479,907200
35,51,2481,1209600
35,51,2499,302400
35,51,2503,453600
35,51,2505,302400
35,51,2511,302400
35,51,2513,1451520
35,51,2515,1814400
35,51,2525,453600
35,51,2527,453600
35,51,2529,226800
35,51,2531,302400
35,51,2563,453600
35,51,2577,75600
35,51,2593,12600
35,52,2484,1587600
35,52,2500,2872800
35,52,2502,9979200
35,52,2504,2721600
35,52,2506,907200
35,52,2516,1814400
35,52,2518,9072000
35,52,2520,18144000
35,52,2522,1814400
35,52,2524,3628800
35,52,2526,604800
35,52,2528,1814400
35,52,2532,226800
35,52,2534,2721600
35,52,2536,8845200
35,52,2538,9072000
35,52,2540,10886400
35,52,2542,3628800
35,52,2544,1814400
35,52,2548,2721600
35,52,2550,907200
35,52,2552,7257600
35,52,2554,2721600
35,52,2556,7030800
35,52,2558,4082400
35,52,2560,8278200
35,52,2562,5443200
35,52,2564,3742200
35,52,2568,1814400
35,52,2570,3628800
35,52,2574,907200
35,52,2576,1058400
35,52,2578,6350400
35,52,2580,6652800
35,52,2586,3780000
35,52,2588,5670000
35,52,2590,907200
35,52,2592,2721600
35,52,2596,5670000
35,52,2598,3628800
35,52,2600,3628800
35,52,2602,2721600
35,52,2604,2268000
35,52,2606,1360800
35,52,2608,2268000
35,52,2612,453600
35,52,2616,1360800
35,52,2618,2268000
35,52,2620,3780000
35,52,2622,302400
35,52,2626,302400
35,52,2628,1209600
35,52,2630,90720
35,52,2632,1360800
35,52,2636,2400300
35,52,2638,1814400
35,52,2648,2041200
35,52,2650,302400
35,52,2654,302400
35,52,2656,1965600
35,52,2658,1209600
35,52,2660,907200
35,52,2666,453600
35,52,2668,302400
35,52,2670,50400
35,52,2676,1020600
35,52,2680,453600
35,52,2708,1134000
35,52,2726,453600
35,52,2736,9450
35,52,2748,75600
35,52,2776,56700
35,52,2808,37800
35,53,2605,2721600
35,53,2609,453600
35,53,2617,453600
35,53,2619,453600
35,53,2621,4536000
35,53,2623,2948400
35,53,2629,1360800
35,53,2633,3628800
35,53,2635,1814400
35,53,2637,10886400
35,53,2639,6577200
35,53,2641,8164800
35,53,2643,1663200
35,53,2645,5443200
35,53,2647,907200
35,53,2649,1814400
35,53,2651,907200
35,53,2653,6350400
35,53,2655,18711000
35,53,2657,14515200
35,53,2659,4082400
35,53,2661,2268000
35,53,2663,9298800
35,53,2665,907200
35,53,2667,4082400
35,53,2669,3628800
35,53,2671,14515200
35,53,2673,18144000
35,53,2675,4536000
35,53,2677,9525600
35,53,2679,3628800
35,53,2681,6804000
35,53,2683,6350400
35,53,2685,1852200
35,53,2687,5443200
35,53,2689,5443200
35,53,2691,8164800
35,53,2693,4536000
35,53,2695,13154400
35,53,2697,6501600
35,53,2699,4687200
35,53,2701,3628800
35,53,2703,10886400
35,53,2705,5443200
35,53,2707,11907000
35,53,2709,3628800
35,53,2711,453600
35,53,2713,11793600
35,53,2715,7862400
35,53,2717,2721600
35,53,2719,5140800
35,53,2721,8164800
35,53,2723,5443200
35,53,2725,2721600
35,53,2727,2721600
35,53,2729,4536000
35,53,2731,1134000
35,53,2733,6804000
35,53,2735,1663200
35,53,2737,907200
35,53,2739,3628800
35,53,2741,5443200
35,53,2743,4536000
35,53,2747,5443200
35,53,2749,2116800
35,53,2751,1965600
35,53,2753,453600
35,53,2755,5670000
35,53,2757,2419200
35,53,2759,2419200
35,53,2761,75600
35,53,2763,4536000
35,53,2765,1360800
35,53,2767,907200
35,53,2773,4536000
35,53,2775,756000
35,53,2779,756000
35,53,2781,151200
35,53,2783,2268000
35,53,2791,302400
35,53,2793,907200
35,53,2795,226800
35,53,2797,604800
35,53,2799,453600
35,53,2801,1814400
35,53,2803,907200
35,53,2805,75600
35,53,2807,907200
35,53,2815,604800
35,53,2825,151200
35,53,2827,907200
35,53,2833,756000
35,53,2843,453600
35,53,2845,151200
35,53,2855,151200
35,53,2867,907200
35,53,2893,226800
35,53,2905,50400
35,54,2698,56700
35,54,2718,907200
35,54,2728,907200
35,54,2732,1814400
35,54,2736,907200
35,54,2742,1360800
35,54,2748,1814400
35,54,2750,1814400
35,54,2752,3628800
35,54,2754,1814400
35,54,2756,907200
35,54,2758,5216400
35,54,2760,1814400
35,54,2762,907200
35,54,2764,1209600
35,54,2766,3402000
35,54,2768,4536000
35,54,2770,5443200
35,54,2772,6350400
35,54,2774,453600
35,54,2776,4082400
35,54,2778,2268000
35,54,2782,4838400
35,54,2784,11793600
35,54,2786,12700800
35,54,2788,10206000
35,54,2790,4536000
35,54,2792,12700800
35,54,2794,7257600
35,54,2796,6804000
35,54,2798,10319400
35,54,2800,21772800
35,54,2802,3628800
35,54,2804,7257600
35,54,2806,6350400
35,54,2808,6804000
35,54,2810,11340000
35,54,2812,5443200
35,54,2814,2948400
35,54,2816,18144000
35,54,2818,16480800
35,54,2820,9072000
35,54,2822,1814400
35,54,2824,13154400
35,54,2826,13154400
35,54,2828,17236800
35,54,2830,2494800
35,54,2832,18144000
35,54,2834,6804000
35,54,2836,14061600
35,54,2838,4233600
35,54,2840,9979200
35,54,2842,14742000
35,54,2844,7560000
35,54,2846,4989600
35,54,2848,3628800
35,54,2850,11793600
35,54,2852,11793600
35,54,2854,907200
35,54,2856,13154400
35,54,2858,10886400
35,54,2860,8221500
35,54,2862,3628800
35,54,2864,3175200
35,54,2866,1814400
35,54,2868,9979200
35,54,2870,907200
35,54,2872,3175200
35,54,2874,8845200
35,54,2876,10886400
35,54,2878,8278200
35,54,2880,2419200
35,54,2882,6350400
35,54,2884,1209600
35,54,2886,2646000
35,54,2888,3628800
35,54,2890,1461600
35,54,2892,5896800
35,54,2894,2268000
35,54,2896,2041200
35,54,2898,1058400
35,54,2900,1360800
35,54,2902,3628800
35,54,2904,151200
35,54,2906,1360800
35,54,2910,2835000
35,54,2912,1209600
35,54,2914,1965600
35,54,2922,1965600
35,54,2924,604800
35,54,2926,453600
35,54,2928,151200
35,54,2932,907200
35,54,2934,2116800
35,54,2938,756000
35,54,2940,604800
35,54,2942,907200
35,54,2946,75600
35,54,2948,151200
35,54,2950,1814400
35,54,2952,907200
35,54,2958,378000
35,54,2960,907200
35,54,2962,75600
35,54,2974,453600
35,54,2978,453600
35,54,3010,138600
35,54,3012,94500
35,54,3028,100800
35,54,3112,6300
35,55,2859,453600
35,55,2861,907200
35,55,2869,151200
35,55,2871,907200
35,55,2875,2268000
35,55,2883,907200
35,55,2887,453600
35,55,2889,7257600
35,55,2891,1814400
35,55,2893,2570400
35,55,2897,5443200
35,55,2899,2192400
35,55,2901,2721600
35,55,2903,1814400
35,55,2905,9072000
35,55,2907,6577200
35,55,2909,6577200
35,55,2911,3628800
35,55,2913,907200
35,55,2915,8164800
35,55,2917,680400
35,55,2919,1814400
35,55,2921,17236800
35,55,2923,15422400
35,55,2925,5352480
35,55,2927,3628800
35,55,2929,9185400
35,55,2931,4989600
35,55,2933,10886400
35,55,2935,3628800
35,55,2937,20865600
35,55,2939,11793600
35,55,2941,14061600
35,55,2943,11944800
35,55,2945,14515200
35,55,2947,14968800
35,55,2949,6350400
35,55,2951,2721600
35,55,2953,4536000
35,55,2955,17236800
35,55,2957,10886400
35,55,2959,14515200
35,55,2961,17236800
35,55,2963,15876000
35,55,2965,9828000
35,55,2967,6350400
35,55,2969,10886400
35,55,2971,4536000
35,55,2973,8164800
35,55,2975,2948400
35,55,2977,5896800
35,55,2979,13305600
35,55,2981,11188800
35,55,2983,10584000
35,55,2985,11113200
35,55,2987,19504800
35,55,2989,3628800
35,55,2991,9979200
35,55,2993,6123600
35,55,2995,4989600
35,55,2997,2721600
35,55,2999,13305600
35,55,3001,9072000
35,55,3003,1512000
35,55,3005,6804000
35,55,3007,3628800
35,55,3009,8391600
35,55,3011,3175200
35,55,3013,1915200
35,55,3015,2419200
35,55,3017,3628800
35,55,3019,6955200
35,55,3021,1360800
35,55,3023,1814400
35,55,3025,5027400
35,55,3027,1814400
35,55,3029,907200
35,55,3031,5443200
35,55,3035,1360800
35,55,3037,1814400
35,55,3039,4536000
35,55,3041,4838400
35,55,3043,1360800
35,55,3045,3628800
35,55,3047,2268000
35,55,3051,453600
35,55,3053,907200
35,55,3055,1663200
35,55,3057,50400
35,55,3059,453600
35,55,3061,126000
35,55,3063,1814400
35,55,3069,340200
35,55,3075,302400
35,55,3079,2268000
35,55,3081,982800
35,55,3085,907200
35,55,3087,302400
35,55,3091,453600
35,55,3093,100800
35,55,3101,604800
35,55,3111,226800
35,55,3119,302400
35,55,3123,151200
35,55,3133,50400
35,55,3135,201600
35,55,3141,151200
35,55,3171,75600
35,56,2976,302400
35,56,3000,907200
35,56,3002,453600
35,56,3004,453600
35,56,3008,453600
35,56,3012,1512000
35,56,3016,9450
35,56,3018,453600
35,56,3020,5896800
35,56,3022,1134000
35,56,3026,3628800
35,56,3030,907200
35,56,3032,907200
35,56,3036,9072000
35,56,3038,7257600
35,56,3040,6804000
35,56,3042,907200
35,56,3044,2721600
35,56,3046,2041200
35,56,3048,2721600
35,56,3050,1814400
35,56,3052,8845200
35,56,3054,4989600
35,56,3056,11793600
35,56,3058,10281600
35,56,3060,7257600
35,56,3062,5443200
35,56,3064,3628800
35,56,3066,5443200
35,56,3068,12247200
35,56,3070,1360800
35,56,3072,15876000
35,56,3074,6804000
35,56,3076,13608000
35,56,3078,12700800
35,56,3080,6804000
35,56,3084,3515400
35,56,3086,14968800
35,56,3088,14137200
35,56,3090,3628800
35,56,3092,23587200
35,56,3094,10735200
35,56,3096,5443200
35,56,3098,8618400
35,56,3100,10886400
35,56,3102,4082400
35,56,3104,11340000
35,56,3106,9072000
35,56,3108,16480800
35,56,3110,3855600
35,56,3112,11793600
35,56,3114,3628800
35,56,3116,12625200
35,56,3118,17388000
35,56,3120,2419200
35,56,3122,1814400
35,56,3124,11037600
35,56,3126,6652800
35,56,3128,7257600
35,56,3130,907200
35,56,3132,19958400
35,56,3134,907200
35,56,3136,5518800
35,56,3138,5443200
35,56,3140,3628800
35,56,3142,2116800
35,56,3144,9525600
35,56,3146,907200
35,56,3148,7900200
35,56,3150,2721600
35,56,3152,5783400
35,56,3154,2721600
35,56,3156,4309200
35,56,3158,3628800
35,56,3160,302400
35,56,3162,1512000
35,56,3164,2494800
35,56,3166,1663200
35,56,3168,1814400
35,56,3170,907200
35,56,3172,3402000
35,56,3174,302400
35,56,3176,3175200
35,56,3178,907200
35,56,3180,907200
35,56,3182,453600
35,56,3184,2116800
35,56,3188,2268000
35,56,3192,453600
35,56,3196,1323000
35,56,3198,151200
35,56,3204,907200
35,56,3208,1360800
35,56,3210,1512000
35,56,3216,75600
35,56,3222,604800
35,56,3226,151200
35,56,3232,453600
35,56,3238,302400
35,56,3246,151200
35,56,3250,75600
35,56,3262,302400
35,56,3358,7560
35,57,3133,1814400
35,57,3137,907200
35,57,3145,1814400
35,57,3147,453600
35,57,3153,3175200
35,57,3161,453600
35,57,3163,4536000
35,57,3165,4082400
35,57,3169,3024000
35,57,3171,226800
35,57,3173,1814400
35,57,3175,1814400
35,57,3177,5896800
35,57,3179,2721600
35,57,3181,2721600
35,57,3183,2721600
35,57,3185,4536000
35,57,3187,5594400
35,57,3189,3175200
35,57,3191,3628800
35,57,3193,10886400
35,57,3195,3855600
35,57,3197,6350400
35,57,3199,2116800
35,57,3201,907200
35,57,3203,5443200
35,57,3205,6501600
35,57,3207,453600
35,57,3209,7257600
35,57,3211,8618400
35,57,3213,9979200
35,57,3215,3326400
35,57,3217,15460200
35,57,3219,11793600
35,57,3221,10432800
35,57,3223,7257600
35,57,3225,7106400
35,57,3227,8164800
35,57,3229,8013600
35,57,3231,7862400
35,57,3233,9072000
35,57,3235,5443200
35,57,3237,9979200
35,57,3239,4536000
35,57,3241,831600
35,57,3243,9903600
35,57,3245,9828000
35,57,3247,2872800
35,57,3249,5443200
35,57,3251,9072000
35,57,3253,9072000
35,57,3255,3628800
35,57,3257,13078800
35,57,3259,8769600
35,57,3261,6048000
35,57,3263,2721600
35,57,3265,907200
35,57,3267,5896800
35,57,3269,8618400
35,57,3271,3402000
35,57,3273,3780000
35,57,3275,3024000
35,57,3277,2268000
35,57,3279,302400
35,57,3281,2872800
35,57,3283,5216400
35,57,3285,6048000
35,57,3287,3628800
35,57,3289,3477600
35,57,3291,3931200
35,57,3293,907200
35,57,3295,2419200
35,57,3297,604800
35,57,3301,1890000
35,57,3303,2116800
35,57,3305,756000
35,57,3307,2419200
35,57,3309,1965600
35,57,3313,756000
35,57,3315,302400
35,57,3317,1814400
35,57,3321,1814400
35,57,3323,151200
35,57,3331,2268000
35,57,3333,378000
35,57,3335,226800
35,57,3337,1890000
35,57,3339,75600
35,57,3341,756000
35,57,3349,151200
35,57,3355,604800
35,57,3363,302400
35,57,3385,75600
35,57,3399,151200
35,58,3250,12600
35,58,3280,151200
35,58,3282,907200
35,58,3286,2570400
35,58,3292,907200
35,58,3294,302400
35,58,3296,1814400
35,58,3298,2721600
35,58,3304,1890000
35,58,3306,226800
35,58,3308,453600
35,58,3310,1209600
35,58,3312,4536000
35,58,3314,1814400
35,58,3316,3628800
35,58,3318,907200
35,58,3320,1814400
35,58,3322,4309200
35,58,3326,907200
35,58,3328,5896800
35,58,3330,2721600
35,58,3332,2419200
35,58,3334,1814400
35,58,3336,5443200
35,58,3338,1587600
35,58,3340,7711200
35,58,3342,1814400
35,58,3344,7560000
35,58,3346,5934600
35,58,3348,2116800
35,58,3350,5103000
35,58,3352,6350400
35,58,3354,3326400
35,58,3356,1814400
35,58,3358,3704400
35,58,3360,5443200
35,58,3362,12700800
35,58,3364,907200
35,58,3366,2419200
35,58,3368,5896800
35,58,3370,16128000
35,58,3372,3175200
35,58,3374,2268000
35,58,3376,6955200
35,58,3378,5745600
35,58,3382,3931200
35,58,3384,8391600
35,58,3386,2494800
35,58,3388,4082400
35,58,3390,5896800
35,58,3392,3628800
35,58,3394,2721600
35,58,3396,907200
35,58,3398,5443200
35,58,3400,8542800
35,58,3402,8618400
35,58,3404,2419200
35,58,3408,3780000
35,58,3410,907200
35,58,3412,3742200
35,58,3414,1512000
35,58,3416,3931200
35,58,3418,3439800
35,58,3420,3024000
35,58,3422,453600
35,58,3424,1663200
35,58,3426,604800
35,58,3428,1814400
35,58,3430,302400
35,58,3432,1209600
35,58,3434,3628800
35,58,3438,2268000
35,58,3440,378000
35,58,3442,302400
35,58,3444,504000
35,58,3448,604800
35,58,3450,1285200
35,58,3452,907200
35,58,3456,302400
35,58,3458,756000
35,58,3462,453600
35,58,3466,302400
35,58,3474,75600
35,58,3480,100800
35,58,3492,302400
35,58,3522,151200
35,58,3524,75600
35,58,3540,12600
35,58,3552,75600
35,59,3405,302400
35,59,3423,907200
35,59,3429,680400
35,59,3431,907200
35,59,3433,1814400
35,59,3439,1890000
35,59,3441,907200
35,59,3445,3628800
35,59,3447,151200
35,59,3451,453600
35,59,3461,226800
35,59,3463,2116800
35,59,3465,982800
35,59,3469,5896800
35,59,3471,3931200
35,59,3473,1134000
35,59,3475,4536000
35,59,3479,2948400
35,59,3481,4838400
35,59,3483,1058400
35,59,3485,907200
35,59,3487,3175200
35,59,3489,2721600
35,59,3493,5216400
35,59,3495,907200
35,59,3497,453600
35,59,3499,4838400
35,59,3501,3477600
35,59,3503,6652800
35,59,3505,5443200
35,59,3507,907200
35,59,3509,2268000
35,59,3511,3175200
35,59,3513,3477600
35,59,3517,3628800
35,59,3519,3553200
35,59,3521,1663200
35,59,3523,3628800
35,59,3525,1814400
35,59,3527,2419200
35,59,3529,3175200
35,59,3531,2570400
35,59,3533,1814400
35,59,3535,6804000
35,59,3537,1285200
35,59,3539,1058400
35,59,3543,6048000
35,59,3545,907200
35,59,3547,2721600
35,59,3549,907200
35,59,3551,3931200
35,59,3557,1360800
35,59,3559,1814400
35,59,3561,151200
35,59,3563,907200
35,59,3567,2570400
35,59,3569,302400
35,59,3571,604800
35,59,3573,453600
35,59,3575,1058400
35,59,3581,907200
35,59,3583,453600
35,59,3585,302400
35,59,3587,302400
35,59,3589,151200
35,59,3591,604800
35,59,3599,453600
35,59,3603,453600
35,59,3607,75600
35,59,3613,302400
35,59,3615,75600
35,59,3633,252000
35,59,3643,75600
35,60,3548,226800
35,60,3556,453600
35,60,3560,907200
35,60,3564,151200
35,60,3574,907200
35,60,3580,2721600
35,60,3582,453600
35,60,3584,453600
35,60,3588,907200
35,60,3592,302400
35,60,3596,453600
35,60,3600,907200
35,60,3604,6463800
35,60,3606,302400
35,60,3608,226800
35,60,3612,756000
35,60,3616,75600
35,60,3618,1058400
35,60,3624,2872800
35,60,3626,302400
35,60,3628,4460400
35,60,3630,2116800
35,60,3634,2116800
35,60,3636,1512000
35,60,3638,831600
35,60,3642,907200
35,60,3644,1360800
35,60,3648,2419200
35,60,3650,2721600
35,60,3652,2872800
35,60,3654,2116800
35,60,3656,907200
35,60,3658,2419200
35,60,3660,2570400
35,60,3662,907200
35,60,3666,2268000
35,60,3668,1360800
35,60,3670,756000
35,60,3672,302400
35,60,3674,1209600
35,60,3678,1927800
35,60,3680,907200
35,60,3682,1209600
35,60,3684,1814400
35,60,3686,302400
35,60,3688,1030050
35,60,3690,907200
35,60,3696,907200
35,60,3698,907200
35,60,3702,604800
35,60,3706,1058400
35,60,3708,756000
35,60,3714,151200
35,60,3716,907200
35,60,3718,50400
35,60,3720,317520
35,60,3722,604800
35,60,3724,18900
35,60,3726,604800
35,60,3740,151200
35,60,3746,151200
35,60,3752,94500
35,60,3784,25200
35,60,3830,15120
35,60,3880,252
35,61,3679,50400
35,61,3689,75600
35,61,3703,75600
35,61,3715,1058400
35,61,3727,302400
35,61,3729,453600
35,61,3731,226800
35,61,3735,2268000
35,61,3739,907200
35,61,3741,75600
35,61,3751,453600
35,61,3753,907200
35,61,3755,2721600
35,61,3759,1890000
35,61,3769,756000
35,61,3773,907200
35,61,3775,2482200
35,61,3777,151200
35,61,3779,2268000
35,61,3783,1209600
35,61,3785,1209600
35,61,3787,151200
35,61,3791,302400
35,61,3793,302400
35,61,3795,453600
35,61,3797,302400
35,61,3799,1663200
35,61,3803,907200
35,61,3807,1965600
35,61,3809,831600
35,61,3813,1398600
35,61,3815,1549800
35,61,3819,226800
35,61,3821,453600
35,61,3823,378000
35,61,3825,151200
35,61,3831,907200
35,61,3833,453600
35,61,3835,151200
35,61,3839,756000
35,61,3841,151200
35,61,3843,15120
35,61,3847,75600
35,61,3849,277200
35,61,3851,75600
35,61,3863,756000
35,61,3871,151200
35,61,3873,75600
35,61,3887,75600
35,61,3903,30240
35,61,3919,37800
35,62,3864,302400
35,62,3872,302400
35,62,3876,75600
35,62,3882,302400
35,62,3892,604800
35,62,3894,151200
35,62,3896,604800
35,62,3906,151200
35,62,3910,302400
35,62,3912,1713600
35,62,3916,453600
35,62,3918,50400
35,62,3924,151200
35,62,3926,907200
35,62,3930,907200
35,62,3932,907200
35,62,3934,453600
35,62,3936,151200
35,62,3942,604800
35,62,3946,378000
35,62,3948,655200
35,62,3950,453600
35,62,3952,302400
35,62,3956,604800
35,62,3960,907200
35,62,3964,302400
35,62,3966,100800
35,62,3978,302400
35,62,3980,15120
35,62,3986,151200
35,62,3990,113400
35,62,3996,151200
35,62,4008,151200
35,62,4026,18900
35,62,4074,25200
35,63,4017,37800
35,63,4023,302400
35,63,4031,75600
35,63,4041,37800
35,63,4043,453600
35,63,4047,680400
35,63,4053,151200
35,63,4063,1058400
35,63,4067,302400
35,63,4079,453600
35,63,4083,1058400
35,63,4087,151200
35,63,4089,37800
35,63,4099,302400
35,63,4103,302400
35,63,4123,151200
35,63,4139,151200
35,63,4147,75600
35,63,4191,37800
35,64,4120,151200
35,64,4132,226800
35,64,4144,37800
35,64,4218,113400
35,64,4224,37800
35,64,4264,100800
35,65,4287,75600
35,65,4299,302400
35,65,4301,37800
35,65,4305,2520
35,65,4309,302400
35,65,4311,302400
35,65,4321,226800
35,65,4341,37800
35,65,4375,45360
35,65,4377,25200
35,65,4389,151200
35,65,4401,151200
35,65,4413,25200
35,65,4425,2520
35,66,4448,30240
35,66,4458,166320
35,66,4468,151200
35,66,4478,151200
35,66,4508,15120
35,66,4528,12600
35,66,4548,15120
35,67,4621,25200
35,67,4635,15120
35,67,4643,75600
35,67,4651,50400
35,70,4980,34020
35,71,5163,22680
35,77,5985,360
36,54,2682,25200
36,54,2754,2800
36,55,2755,30240
36,55,2775,302400
36,55,2777,37800
36,55,2805,151200
36,55,2849,151200
36,55,2883,8400
36,56,2848,127575
36,56,2868,2373840
36,56,2870,129600
36,56,2900,907200
36,56,2910,100800
36,56,2912,56700
36,56,2914,151200
36,56,2918,907200
36,56,2920,1020600
36,56,2922,907200
36,56,2932,604800
36,56,2940,957600
36,56,2952,226800
36,56,2954,302400
36,56,2974,151200
36,56,2976,116550
36,56,2992,529200
36,56,3024,75600
36,57,2987,907200
36,57,2989,1814400
36,57,3005,1814400
36,57,3007,5443200
36,57,3009,1512000
36,57,3011,1134000
36,57,3019,453600
36,57,3023,226800
36,57,3025,3628800
36,57,3027,7257600
36,57,3029,2721600
36,57,3033,700560
36,57,3039,907200
36,57,3043,226800
36,57,3045,181440
36,57,3047,2041200
36,57,3049,2721600
36,57,3059,1814400
36,57,3067,1814400
36,57,3069,50400
36,57,3071,1814400
36,57,3077,453600
36,57,3079,756000
36,57,3083,793800
36,57,3085,1814400
36,57,3087,907200
36,57,3089,302400
36,57,3095,1814400
36,57,3099,302400
36,57,3103,453600
36,57,3105,181440
36,57,3119,1360800
36,57,3121,302400
36,57,3135,75600
36,57,3137,453600
36,57,3139,604800
36,57,3147,75600
36,57,3149,151200
36,57,3153,75600
36,57,3155,907200
36,57,3183,37800
36,58,3094,113400
36,58,3110,907200
36,58,3114,113400
36,58,3126,453600
36,58,3128,2721600
36,58,3130,2268000
36,58,3138,75600
36,58,3144,226800
36,58,3146,6463800
36,58,3148,2268000
36,58,3150,1814400
36,58,3152,907200
36,58,3154,453600
36,58,3160,907200
36,58,3162,907200
36,58,3164,5443200
36,58,3166,4989600
36,58,3168,2721600
36,58,3170,907200
36,58,3172,2721600
36,58,3174,5443200
36,58,3180,1360800
36,58,3182,1814400
36,58,3184,2721600
36,58,3186,3855600
36,58,3188,4989600
36,58,3190,1360800
36,58,3192,2041200
36,58,3194,340200
36,58,3196,907200
36,58,3198,453600
36,58,3200,907200
36,58,3202,963900
36,58,3204,2721600
36,58,3206,3628800
36,58,3208,2116800
36,58,3214,3628800
36,58,3216,3024000
36,58,3218,1814400
36,58,3224,3628800
36,58,3226,453600
36,58,3228,302400
36,58,3230,2721600
36,58,3234,3628800
36,58,3238,302400
36,58,3242,1965600
36,58,3246,1814400
36,58,3248,1360800
36,58,3250,907200
36,58,3252,226800
36,58,3260,453600
36,58,3262,151200
36,58,3264,2721600
36,58,3266,1134000
36,58,3268,604800
36,58,3274,226800
36,58,3278,151200
36,58,3288,352800
36,58,3290,302400
36,58,3302,283500
36,58,3314,453600
36,58,3324,907200
36,58,3338,189000
36,58,3366,37800
36,58,3374,226800
36,58,3438,4200
36,59,3239,113400
36,59,3245,453600
36,59,3261,604800
36,59,3271,1814400
36,59,3273,907200
36,59,3279,907200
36,59,3283,907200
36,59,3287,1814400
36,59,3291,907200
36,59,3293,907200
36,59,3295,2721600
36,59,3297,4082400
36,59,3299,2721600
36,59,3301,907200
36,59,3303,3628800
36,59,3305,1814400
36,59,3307,1814400
36,59,3309,907200
36,59,3311,2268000
36,59,3313,9072000
36,59,3315,9072000
36,59,3317,1814400
36,59,3321,3326400
36,59,3323,453600
36,59,3325,1814400
36,59,3327,604800
36,59,3329,1474200
36,59,3331,4082400
36,59,3333,6804000
36,59,3335,5443200
36,59,3337,3628800
36,59,3339,2268000
36,59,3341,453600
36,59,3343,4082400
36,59,3345,2268000
36,59,3347,6350400
36,59,3349,113400
36,59,3351,3628800
36,59,3353,8618400
36,59,3355,3628800
36,59,3359,907200
36,59,3361,4082400
36,59,3363,2721600
36,59,3365,1814400
36,59,3367,1209600
36,59,3373,453600
36,59,3375,7257600
36,59,3377,75600
36,59,3379,226800
36,59,3381,1965600
36,59,3385,453600
36,59,3387,1814400
36,59,3389,453600
36,59,3391,1512000
36,59,3393,5014800
36,59,3395,1965600
36,59,3401,1360800
36,59,3403,907200
36,59,3405,907200
36,59,3413,2721600
36,59,3415,1058400
36,59,3417,554400
36,59,3419,302400
36,59,3421,15120
36,59,3423,277200
36,59,3425,113400
36,59,3429,75600
36,59,3431,907200
36,59,3437,453600
36,59,3449,302400
36,59,3453,907200
36,59,3463,302400
36,59,3467,378000
36,59,3471,75600
36,59,3497,453600
36,59,3503,151200
36,59,3567,12600
36,60,3402,302400
36,60,3406,1814400
36,60,3408,453600
36,60,3412,226800
36,60,3418,226800
36,60,3420,1890000
36,60,3422,907200
36,60,3424,1814400
36,60,3426,453600
36,60,3428,907200
36,60,3430,907200
36,60,3434,1814400
36,60,3438,1814400
36,60,3440,3628800
36,60,3442,3628800
36,60,3444,907200
36,60,3446,3175200
36,60,3450,907200
36,60,3454,4536000
36,60,3456,5443200
36,60,3458,5443200
36,60,3460,5443200
36,60,3462,2721600
36,60,3464,1587600
36,60,3466,1965600
36,60,3468,4536000
36,60,3470,453600
36,60,3472,5443200
36,60,3474,5443200
36,60,3476,8164800
36,60,3480,1965600
36,60,3482,5443200
36,60,3484,3326400
36,60,3486,2721600
36,60,3488,56700
36,60,3490,1814400
36,60,3492,3704400
36,60,3494,2268000
36,60,3496,3628800
36,60,3498,1360800
36,60,3500,6048000
36,60,3502,3628800
36,60,3504,1814400
36,60,3506,4082400
36,60,3508,8278200
36,60,3512,907200
36,60,3514,2268000
36,60,3516,2419200
36,60,3518,1814400
36,60,3520,3628800
36,60,3522,3074400
36,60,3524,1814400
36,60,3526,1209600
36,60,3528,907200
36,60,3530,907200
36,60,3534,2268000
36,60,3536,680400
36,60,3538,604800
36,60,3540,1852200
36,60,3542,1814400
36,60,3544,982800
36,60,3546,2721600
36,60,3548,3628800
36,60,3556,1360800
36,60,3560,2116800
36,60,3566,1360800
36,60,3576,151200
36,60,3580,75600
36,60,3584,907200
36,60,3586,453600
36,60,3592,302400
36,60,3596,453600
36,60,3598,302400
36,60,3608,453600
36,60,3616,151200
36,60,3632,302400
36,60,3636,151200
36,60,3640,75600
36,60,3690,37800
36,61,3551,453600
36,61,3555,1814400
36,61,3561,907200
36,61,3567,302400
36,61,3569,453600
36,61,3575,4536000
36,61,3579,453600
36,61,3581,1814400
36,61,3583,453600
36,61,3591,7257600
36,61,3593,1814400
36,61,3595,4989600
36,61,3597,907200
36,61,3601,3628800
36,61,3603,453600
36,61,3605,453600
36,61,3607,2721600
36,61,3609,4989600
36,61,3611,1814400
36,61,3613,1814400
36,61,3615,9298800
36,61,3619,1814400
36,61,3621,1360800
36,61,3623,4536000
36,61,3625,2721600
36,61,3627,1209600
36,61,3629,1814400
36,61,3631,9298800
36,61,3633,907200
36,61,3635,3628800
36,61,3637,907200
36,61,3639,2872800
36,61,3641,12625200
36,61,3643,453600
36,61,3645,453600
36,61,3647,756000
36,61,3649,453600
36,61,3651,3024000
36,61,3653,453600
36,61,3655,5443200
36,61,3657,2721600
36,61,3659,1474200
36,61,3661,2268000
36,61,3663,1814400
36,61,3665,2721600
36,61,3667,907200
36,61,3669,3628800
36,61,3671,4536000
36,61,3675,1814400
36,61,3677,907200
36,61,3679,907200
36,61,3681,5745600
36,61,3683,226800
36,61,3685,907200
36,61,3691,907200
36,61,3695,2041200
36,61,3697,151200
36,61,3701,1512000
36,61,3703,1814400
36,61,3709,907200
36,61,3715,756000
36,61,3717,151200
36,61,3719,907200
36,61,3721,907200
36,61,3741,604800
36,61,3743,453600
36,61,3747,75600
36,61,3751,604800
36,61,3753,25200
36,61,3765,100800
36,61,3789,50400
36,61,3813,37800
36,62,3672,151200
36,62,3690,113400
36,62,3708,529200
36,62,3710,1814400
36,62,3718,1814400
36,62,3720,1360800
36,62,3726,226800
36,62,3728,907200
36,62,3734,2268000
36,62,3736,1814400
36,62,3738,5896800
36,62,3740,302400
36,62,3746,1814400
36,62,3748,907200
36,62,3750,2721600
36,62,3752,2721600
36,62,3754,907200
36,62,3756,2570400
36,62,3758,4989600
36,62,3762,2041200
36,62,3766,453600
36,62,3768,1360800
36,62,3770,5896800
36,62,3772,2721600
36,62,3776,3628800
36,62,3778,5594400
36,62,3780,756000
36,62,3782,907200
36,62,3784,1209600
36,62,3786,5443200
36,62,3788,2116800
36,62,3790,2494800
36,62,3792,3931200
36,62,3794,1814400
36,62,3796,604800
36,62,3798,3326400
36,62,3800,302400
36,62,3802,453600
36,62,3806,680400
36,62,3810,2066400
36,62,3812,3628800
36,62,3814,1323000
36,62,3816,2419200
36,62,3818,3780000
36,62,3822,1360800
36,62,3826,1058400
36,62,3828,945000
36,62,3830,907200
36,62,3832,302400
36,62,3834,2343600
36,62,3836,604800
36,62,3838,453600
36,62,3842,302400
36,62,3844,907200
36,62,3846,302400
36,62,3850,604800
36,62,3852,189000
36,62,3858,907200
36,62,3860,302400
36,62,3864,453600
36,62,3866,982800
36,62,3870,226800
36,62,3894,50400
36,62,3896,151200
36,62,3902,75600
36,62,3906,50400
36,62,3908,306180
36,62,3918,50400
36,62,3980,15120
36,63,3849,907200
36,63,3855,453600
36,63,3857,453600
36,63,3859,907200
36,63,3867,151200
36,63,3873,1965600
36,63,3875,1814400
36,63,3881,1814400
36,63,3883,302400
36,63,3885,2268000
36,63,3889,302400
36,63,3891,3276000
36,63,3895,2419200
36,63,3897,151200
36,63,3905,1285200
36,63,3907,3628800
36,63,3911,2268000
36,63,3913,4687200
36,63,3915,604800
36,63,3917,302400
36,63,3921,3477600
36,63,3923,453600
36,63,3925,1814400
36,63,3927,113400
36,63,3929,1209600
36,63,3931,3326400
36,63,3935,1814400
36,63,3939,2192400
36,63,3941,453600
36,63,3943,1814400
36,63,3945,1058400
36,63,3947,4536000
36,63,3949,151200
36,63,3951,302400
36,63,3953,3024000
36,63,3955,907200
36,63,3959,907200
36,63,3961,2721600
36,63,3963,1663200
36,63,3971,907200
36,63,3973,453600
36,63,3975,756000
36,63,3977,1209600
36,63,3979,604800
36,63,3981,50400
36,63,3985,1360800
36,63,3991,680400
36,63,3993,1058400
36,63,3995,302400
36,63,4001,151200
36,63,4007,226800
36,63,4013,453600
36,63,4015,151200
36,63,4019,302400
36,63,4021,302400
36,63,4023,75600
36,63,4031,75600
36,63,4075,75600
36,64,4004,907200
36,64,4006,151200
36,64,4012,2268000
36,64,4016,302400
36,64,4020,18900
36,64,4024,453600
36,64,4026,226800
36,64,4032,453600
36,64,4038,75600
36,64,4040,907200
36,64,4042,2721600
36,64,4044,1663200
36,64,4048,907200
36,64,4050,226800
36,64,4052,302400
36,64,4054,604800
36,64,4056,302400
36,64,4062,1209600
36,64,4064,907200
36,64,4068,1512000
36,64,4072,4233600
36,64,4076,1663200
36,64,4078,756000
36,64,4080,907200
36,64,4082,756000
36,64,4084,1512000
36,64,4092,1222200
36,64,4096,907200
36,64,4098,2268000
36,64,4102,302400
36,64,4104,1209600
36,64,4108,529200
36,64,4112,1058400
36,64,4114,1285200
36,64,4116,1058400
36,64,4118,75600
36,64,4122,907200
36,64,4124,151200
36,64,4128,1058400
36,64,4136,604800
36,64,4140,151200
36,64,4144,302400
36,64,4148,302400
36,64,4152,214200
36,64,4156,113400
36,64,4168,151200
36,64,4188,50400
36,65,4147,302400
36,65,4163,453600
36,65,4171,453600
36,65,4177,302400
36,65,4179,302400
36,65,4187,453600
36,65,4195,302400
36,65,4197,151200
36,65,4201,907200
36,65,4203,226800
36,65,4207,907200
36,65,4215,50400
36,65,4217,75600
36,65,4219,831600
36,65,4221,907200
36,65,4227,1020600
36,65,4229,453600
36,65,4231,1058400
36,65,4233,151200
36,65,4235,453600
36,65,4237,302400
36,65,4239,151200
36,65,4241,604800
36,65,4245,907200
36,65,4249,907200
36,65,4251,37800
36,65,4257,604800
36,65,4259,151200
36,65,4261,604800
36,65,4265,529200
36,65,4267,378000
36,65,4269,403200
36,65,4281,151200
36,65,4289,302400
36,65,4291,151200
36,65,4299,126000
36,65,4301,37800
36,65,4331,75600
36,65,4377,25200
36,65,4395,2520
36,65,4425,840
36,66,4266,2100
36,66,4290,100800
36,66,4296,50400
36,66,4314,453600
36,66,4320,75600
36,66,4324,453600
36,66,4336,302400
36,66,4338,226800
36,66,4354,302400
36,66,4360,1247400
36,66,4362,12600
36,66,4366,18900
36,66,4372,151200
36,66,4374,151200
36,66,4384,1285200
36,66,4390,453600
36,66,4394,151200
36,66,4396,302400
36,66,4400,302400
36,66,4404,151200
36,66,4408,302400
36,66,4414,604800
36,66,4424,302400
36,66,4428,18900
36,66,4438,75600
36,66,4448,30240
36,66,4454,151200
36,66,4462,151200
36,66,4478,75600
36,67,4471,302400
36,67,4475,75600
36,67,4495,831600
36,67,4499,151200
36,67,4515,453600
36,67,4519,453600
36,67,4535,30240
36,67,4539,151200
36,67,4545,75600
36,67,4551,151200
36,67,4555,151200
36,67,4595,15120
36,67,4635,15120
36,68,4636,151200
36,68,4644,25200
36,68,4656,378000
36,68,4676,302400
36,68,4680,3150
36,68,4696,151200
36,68,4698,50400
36,68,4706,37800
36,68,4716,113400
36,68,4720,75600
36,68,4734,50400
36,68,4746,16800
36,68,4752,3150
36,69,4809,50400
36,69,4821,5040
36,69,4837,75600
36,69,4853,151200
36,69,4869,50400
36,70,4980,7560
36,71,5063,15120
36,71,5075,75600
36,71,5087,37800
36,71,5163,5040
36,72,5248,15120
36,72,5250,2520
36,72,5260,30240
36,72,5270,37800
36,77,5985,3240
36,84,7056,10
37,60,3300,6300
37,61,3419,151200
37,61,3441,151200
37,61,3513,25200
37,62,3498,37800
37,62,3518,1020600
37,62,3520,90720
37,62,3538,1360800
37,62,3540,907200
37,62,3542,56700
37,62,3550,226800
37,62,3570,453600
37,62,3582,18900
37,62,3590,491400
37,62,3602,151200
37,62,3610,302400
37,62,3614,226800
37,62,3648,50400
37,62,3662,151200
37,63,3643,226800
37,63,3661,907200
37,63,3663,226800
37,63,3681,2116800
37,63,3683,907200
37,63,3685,453600
37,63,3689,129600
37,63,3699,907200
37,63,3703,3175200
37,63,3709,2222640
37,63,3711,151200
37,63,3713,113400
37,63,3721,907200
37,63,3723,907200
37,63,3725,945000
37,63,3741,907200
37,63,3745,756000
37,63,3759,907200
37,63,3763,907200
37,63,3771,302400
37,63,3781,937440
37,63,3795,529200
37,63,3797,151200
37,63,3831,151200
37,64,3808,226800
37,64,3824,907200
37,64,3826,453600
37,64,3832,113400
37,64,3834,907200
37,64,3836,907200
37,64,3846,907200
37,64,3852,1814400
37,64,3854,2721600
37,64,3856,907200
37,64,3858,302400
37,64,3860,226800
37,64,3866,907200
37,64,3868,907200
37,64,3872,3628800
37,64,3874,5443200
37,64,3876,907200
37,64,3880,127575
37,64,3884,1134000
37,64,3888,226800
37,64,3892,226800
37,64,3894,1814400
37,64,3896,1814400
37,64,3904,453600
37,64,3906,302400
37,64,3908,283500
37,64,3912,226800
37,64,3916,1874880
37,64,3924,226800
37,64,3926,453600
37,64,3928,453600
37,64,3930,302400
37,64,3932,907200
37,64,3934,907200
37,64,3944,113400
37,64,3946,151200
37,64,3952,113400
37,64,3956,75600
37,64,3964,907200
37,64,3966,302400
37,64,3984,226800
37,64,3990,12600
37,64,4006,151200
37,64,4008,9450
37,64,4024,226800
37,64,4056,25200
37,65,3963,302400
37,65,3969,37800
37,65,3981,1814400
37,65,3991,113400
37,65,3997,1814400
37,65,3999,907200
37,65,4001,453600
37,65,4003,907200
37,65,4007,907200
37,65,4011,680400
37,65,4017,3628800
37,65,4019,1814400
37,65,4021,1814400
37,65,4025,1360800
37,65,4027,1814400
37,65,4031,907200
37,65,4037,3628800
37,65,4039,1134000
37,65,4045,1360800
37,65,4049,756000
37,65,4055,907200
37,65,4057,2268000
37,65,4061,2721600
37,65,4065,302400
37,65,4067,1814400
37,65,4071,1058400
37,65,4073,907200
37,65,4077,907200
37,65,4079,680400
37,65,4081,756000
37,65,4087,1814400
37,65,4091,75600
37,65,4097,907200
37,65,4109,75600
37,65,4113,453600
37,65,4117,453600
37,65,4121,567000
37,65,4137,100800
37,65,4141,302400
37,65,4157,75600
37,65,4185,75600
37,65,4191,75600
37,65,4221,12600
37,66,4116,151200
37,66,4138,226800
37,66,4142,907200
37,66,4148,907200
37,66,4150,453600
37,66,4154,907200
37,66,4158,2041200
37,66,4172,3024000
37,66,4174,2268000
37,66,4182,2343600
37,66,4186,453600
37,66,4188,453600
37,66,4190,2948400
37,66,4192,2268000
37,66,4196,907200
37,66,4198,3175200
37,66,4202,907200
37,66,4204,1360800
37,66,4206,907200
37,66,4210,453600
37,66,4212,1965600
37,66,4214,453600
37,66,4224,1814400
37,66,4230,453600
37,66,4232,3024000
37,66,4238,831600
37,66,4240,907200
37,66,4242,453600
37,66,4246,907200
37,66,4252,907200
37,66,4272,100800
37,66,4274,1209600
37,66,4280,18900
37,66,4292,831600
37,66,4320,151200
37,66,4352,75600
37,67,4289,226800
37,67,4295,453600
37,67,4303,907200
37,67,4309,907200
37,67,4321,1814400
37,67,4323,2721600
37,67,4329,302400
37,67,4333,907200
37,67,4337,1814400
37,67,4341,907200
37,67,4343,907200
37,67,4345,907200
37,67,4347,453600
37,67,4349,1512000
37,67,4351,453600
37,67,4355,453600
37,67,4359,907200
37,67,4361,756000
37,67,4363,1814400
37,67,4365,604800
37,67,4371,1512000
37,67,4373,453600
37,67,4377,37800
37,67,4379,378000
37,67,4381,151200
37,67,4383,453600
37,67,4385,1814400
37,67,4387,1512000
37,67,4389,907200
37,67,4391,453600
37,67,4399,226800
37,67,4405,907200
37,67,4407,604800
37,67,4409,302400
37,67,4411,604800
37,67,4425,604800
37,67,4429,151200
37,67,4431,151200
37,67,4435,453600
37,67,4441,151200
37,67,4467,151200
37,67,4479,50400
37,68,4462,1814400
37,68,4464,151200
37,68,4468,226800
37,68,4472,151200
37,68,4474,75600
37,68,4476,151200
37,68,4478,302400
37,68,4480,604800
37,68,4482,453600
37,68,4484,907200
37,68,4490,226800
37,68,4498,302400
37,68,4500,932400
37,68,4502,1512000
37,68,4506,907200
37,68,4508,453600
37,68,4510,302400
37,68,4518,302400
37,68,4522,453600
37,68,4524,907200
37,68,4526,453600
37,68,4530,1512000
37,68,4532,529200
37,68,4538,75600
37,68,4540,604800
37,68,4542,1512000
37,68,4544,113400
37,68,4550,151200
37,68,4552,302400
37,68,4554,226800
37,68,4564,831600
37,68,4568,75600
37,68,4570,453600
37,68,4572,453600
37,68,4582,302400
37,68,4590,151200
37,68,4596,25200
37,68,4600,37800
37,68,4614,15120
37,68,4632,25200
37,68,4680,3150
37,68,4686,5040
37,69,4605,302400
37,69,4613,151200
37,69,4623,302400
37,69,4629,100800
37,69,4631,453600
37,69,4641,453600
37,69,4653,1209600
37,69,4655,151200
37,69,4661,37800
37,69,4663,907200
37,69,4669,604800
37,69,4671,680400
37,69,4677,75600
37,69,4683,151200
37,69,4685,907200
37,69,4691,302400
37,69,4693,604800
37,69,4701,151200
37,69,4703,793800
37,69,4705,453600
37,69,4711,75600
37,69,4717,302400
37,69,4721,226800
37,69,4729,151200
37,69,4733,302400
37,69,4743,151200
37,69,4779,50400
37,69,4821,5040
37,70,4758,18900
37,70,4776,75600
37,70,4778,302400
37,70,4788,453600
37,70,4794,529200
37,70,4818,75600
37,70,4824,1058400
37,70,4826,529200
37,70,4830,226800
37,70,4836,151200
37,70,4846,151200
37,70,4848,75600
37,70,4854,302400
37,70,4858,415800
37,70,4860,302400
37,70,4866,604800
37,70,4882,113400
37,70,4890,75600
37,70,4896,37800
37,70,4898,151200
37,70,4920,79380
37,70,4938,37800
37,70,4970,7560
37,71,4957,302400
37,71,4987,453600
37,71,4989,50400
37,71,5017,302400
37,71,5023,151200
37,71,5037,50400
37,71,5047,75600
37,71,5097,12600
37,72,5100,3150
37,72,5130,50400
37,72,5148,25200
37,72,5150,15120
37,72,5172,151200
37,72,5174,37800
37,72,5196,151200
37,72,5220,25200
37,72,5250,2520
37,73,5265,75600
37,73,5289,151200
37,73,5313,37800
37,73,5349,30240
37,74,5452,37800
37,74,5456,15120
37,74,5476,75600
37,74,5496,50400
37,77,5985,360
37,78,6084,5040
37,78,6096,7560
37,84,7056,90
38,67,4117,37800
38,68,4200,9450
38,68,4220,226800
38,68,4240,226800
38,68,4242,453600
38,68,4264,226800
38,68,4272,37800
38,68,4312,151200
38,68,4336,75600
38,68,4384,12600
38,69,4387,226800
38,69,4397,45360
38,69,4411,226800
38,69,4417,907200
38,69,4419,113400
38,69,4431,453600
38,69,4437,907200
38,69,4439,907200
38,69,4447,226800
38,69,4453,151200
38,69,4477,75600
38,69,4491,453600
38,69,4509,151200
38,69,4525,50400
38,70,4564,302400
38,70,4568,226800
38,70,4578,56700
38,70,4586,1814400
38,70,4594,75600
38,70,4606,907200
38,70,4608,907200
38,70,4614,1020600
38,70,4616,90720
38,70,4626,907200
38,70,4628,226800
38,70,4630,907200
38,70,4646,453600
38,70,4650,302400
38,70,4666,478800
38,70,4678,56700
38,70,4686,466200
38,70,4698,151200
38,70,4758,50400
38,71,4745,453600
38,71,4755,907200
38,71,4763,907200
38,71,4765,529200
38,71,4783,1814400
38,71,4785,907200
38,71,4787,453600
38,71,4791,43200
38,71,4797,226800
38,71,4801,226800
38,71,4805,1814400
38,71,4813,113400
38,71,4815,226800
38,71,4827,37800
38,71,4831,37800
38,71,4839,302400
38,71,4843,302400
38,71,4847,453600
38,71,4897,75600
38,71,4899,151200
38,72,4916,453600
38,72,4920,453600
38,72,4932,907200
38,72,4934,453600
38,72,4940,226800
38,72,4942,302400
38,72,4944,302400
38,72,4954,907200
38,72,4962,302400
38,72,4966,604800
38,72,4968,453600
38,72,4976,907200
38,72,4982,302400
38,72,4984,302400
38,72,4992,302400
38,72,4996,226800
38,72,5004,604800
38,72,5016,189000
38,72,5026,75600
38,72,5032,226800
38,72,5036,151200
38,72,5052,18900
38,72,5098,12600
38,72,5116,3150
38,73,5077,302400
38,73,5083,25200
38,73,5095,604800
38,73,5105,226800
38,73,5113,453600
38,73,5115,151200
38,73,5117,302400
38,73,5121,907200
38,73,5125,378000
38,73,5135,302400
38,73,5145,302400
38,73,5153,453600
38,73,5163,378000
38,73,5169,302400
38,73,5175,302400
38,73,5193,151200
38,73,5195,75600
38,73,5239,25200
38,74,5258,37800
38,74,5262,302400
38,74,5268,302400
38,74,5270,453600
38,74,5278,37800
38,74,5292,302400
38,74,5302,151200
38,74,5308,75600
38,74,5310,642600
38,74,5318,302400
38,74,5332,306180
38,74,5350,75600
38,74,5352,50400
38,74,5358,264600
38,75,5415,37800
38,75,5435,302400
38,75,5467,75600
38,75,5475,302400
38,75,5481,151200
38,75,5503,75600
38,75,5505,7560
38,75,5515,151200
38,75,5525,37800
38,75,5551,15120
38,75,5555,15120
38,75,5605,5040
38,76,5604,151200
38,76,5608,25200
38,76,5632,25200
38,76,5640,151200
38,76,5664,75600
38,76,5670,75600
38,76,5676,18900
38,76,5696,37800
38,76,5728,2520
38,77,5793,50400
38,77,5799,37800
38,77,5829,100800
38,77,5859,37800
38,79,6187,2520
38,80,6306,15120
38,80,6330,12600
38,85,7171,360
39,74,4974,37800
39,74,4998,56700
39,74,5046,12600
39,75,5177,226800
39,75,5193,12600
39,75,5199,453600
39,75,5223,75600
39,75,5271,75600
39,76,5360,28350
39,76,5372,226800
39,76,5380,453600
39,76,5400,226800
39,76,5402,453600
39,76,5418,151200
39,76,5432,113400
39,76,5472,50400
39,76,5544,2100
39,77,5553,453600
39,77,5563,30240
39,77,5577,453600
39,77,5583,302400
39,77,5585,37800
39,77,5597,453600
39,77,5613,151200
39,77,5619,151200
39,77,5657,151200
39,77,5691,16800
39,78,5736,100800
39,78,5740,151200
39,78,5750,113400
39,78,5758,604800
39,78,5766,12600
39,78,5780,302400
39,78,5784,18900
39,78,5800,151200
39,78,5818,75600
39,78,5838,25200
39,78,5850,18900
39,79,5923,75600
39,79,5933,302400
39,79,5943,226800
39,79,5979,75600
39,79,5983,151200
39,79,5991,75600
39,79,5993,37800
39,79,6009,37800
39,80,6100,75600
39,80,6104,151200
39,80,6124,37800
39,80,6150,141120
39,80,6152,75600
39,80,6200,18900
39,80,6300,210
39,81,6273,2520
39,81,6295,37800
39,81,6303,50400
39,81,6343,75600
39,81,6383,15120
39,82,6528,7560
39,83,6669,25200
39,83,6705,12600
39,87,7413,840
40,80,5760,945
40,81,5991,37800
40,82,6198,113400
40,82,6222,113400
40,82,6270,12600
40,83,6407,151200
40,83,6423,37800
40,83,6429,151200
40,83,6501,12600
40,84,6596,9450
40,84,6608,151200
40,84,6616,75600
40,84,6654,50400
40,84,6668,37800
40,85,6795,75600
40,85,6805,3024
40,85,6819,75600
40,85,6855,15120
40,86,6988,15120
40,86,6998,18900
40,86,7032,12600
40,86,7048,15120
40,86,7098,1260
40,87,7197,25200
40,87,7245,7560
40,90,7800,1260
41,88,7048,4725
41,89,7285,37800
41,90,7498,37800
41,90,7522,18900
41,90,7570,2520
41,91,7713,15120
41,91,7729,12600
41,92,7908,630
41,92,7920,15120
41,92,7980,2520
41,94,8356,1260
42,96,8412,3150
42,97,8655,7560
42,98,8874,2520
42,98,8946,120
42,99,9111,840
43,104,9852,630
43,105,10101,360
44,112,11368,45
45,120,12960,1
